^D[2K[33m[1mwarning: [0m'zipfoundation': /Users/ryad/Developer/multimodal-coordinator/.build/checkouts/ZIPFoundation/Package@swift-5.9.swift:23:61: warning: 'v4' is deprecated: watchOS 9.0 is the oldest supported version [#DeprecatedDeclaration]
21 |     name: "ZIPFoundation",
22 |     platforms: [
23 |         .macOS(.v10_13), .iOS(.v12), .tvOS(.v12), .watchOS(.v4), .visionOS(.v1)
   |                                                             `- warning: 'v4' is deprecated: watchOS 9.0 is the oldest supported version [#DeprecatedDeclaration]
24 |     ],
25 |     products: [

[#DeprecatedDeclaration]: <https://docs.swift.org/compiler/documentation/diagnostics/deprecated-declaration>
Building for debugging...
[2K[Computing dependencies][2K[Computing dependencies][2K[Computing dependencies][2K[Computing dependencies][2K[Computing dependencies][2K[Computing dependencies][2K[Computing dependencies][2K[Computing dependencies][2K[Computing dependencies][2K[Computing dependencies][2K[Computing dependencies][2K[Provisioning 2 / 90][2K[Using on-disk description][2K[1 / 1][2K[1 / 2] swift-crypto_Crypto[2K[1 / 94] ArgmaxCore[2K[1 / 42] MultiModalKitWhisper[2K[1 / 19] HuggingFace

Build complete! (5.07 sec)
[2K[33m[1mwarning: [0mmissing creator for mutated node: ('/Users/ryad/Developer/multimodal-coordinator/.build/out/Products/Debug/mlx-swift_Cmlx.bundle/Contents/MacOS')
Test Suite 'All tests' started at 2026-10-01 08:24:37.965.
Test Suite 'All tests' passed at 2026-10-01 08:24:37.966.
	 Executed 0 tests, with 0 failures (0 unexpected) in 0.000 (0.001) seconds
􀟈  Test run started.
􀄵  Testing Library Version: 2084
􀄵  Target Platform: arm64e-apple-macos14.0
􀟈  Suite "4w · the sieve turns decoded pieces into text and .toolCall events" started.
􀟈  Suite "what the learner refuses to learn" started.
􀟈  Suite "AC-291/294/295 · Whisper through the downloader" started.
􀟈  Suite "4w · the exchanges are appended after the question, in the template's roles" started.
􀟈  Suite "4x · the privacy contract, checked against the source" started.
􀟈  Suite "a retirable resource" started.
􀟈  Suite AppleSpeechEngineConformanceTests started.
􀟈  Suite "AC-291/293/294/295/296 · the mind through the downloader" started.
􀟈  Suite "the compiled-plan cache control does not lie" started.
􀟈  Suite NeuralVoiceFailurePathTests started.
􀟈  Suite BroadcastTests started.
􀟈  Suite "AC-335…AC-340 · the turn timeline" started.
􀟈  Suite "AC-331…AC-333 · a stale resume restarts its file once" started.
􀟈  Suite "4z · a table no mind can show is refused at the MLX door, never rendered (AC-289)" started.
􀟈  Suite "the bench sweep" started.
􀟈  Suite TranscriptLedgerTests started.
􀟈  Suite "the 0 Hz guard — an invalid format must throw, never abort" started.
􀟈  Suite "AC-232..234 · per-call options resolve against the source's own settings" started.
􀟈  Suite "AC-240 · install progress carries bytes when they are known" started.
􀟈  Suite TurnHealthTests started.
􀟈  Suite "The playback lead — when it is safe to start speaking" started.
􀟈  Suite "AC-261 / AC-262 · a memory warning ends the generation with no terminal" started.
􀟈  Suite DiagnosticsTests started.
􀟈  Suite "AC-298 · the transfer survives the background, and the source says so" started.
􀟈  Suite "the first reply's cushion is stated, not assumed" started.
􀟈  Suite "4z · tools per call — the call's table wins, the generator's is the default (AC-275)" started.
􀟈  Suite "AC-223 / AC-270 · the Apple mind's tool adapter, without a model" started.
􀟈  Suite SpeechPhraserTests started.
􀟈  Suite "AC-247 · a failure after the fetch, over a tree that was already there" started.
􀟈  Suite AudioRingBufferTests started.
􀟈  Suite AppleReplyGeneratorTests started.
􀟈  Suite AudioSourceTests started.
􀟈  Suite "AC-278 · the deadline waits for a running tool body: one write, then .finished(.deadline), once and last" started.
􀟈  Suite "timing one utterance" started.
􀟈  Suite "4v · the local mind honours the contract, when this machine has the model" started.
􀟈  Suite "AC-238 · readiness is a pure verdict over a hand-written device report" started.
􀟈  Suite ToolSpikeTests started.
􀟈  Suite "4z · a result containing </tool_response> is escaped at the MLX seam, never in the core (AC-288)" started.
􀟈  Suite "keeps-up is a flag, and it stayed one" started.
􀟈  Suite "AC-247/248/249/250 · a download that stops, and one that finishes" started.
􀟈  Suite AudioPumpTests started.
􀟈  Suite "4w · AC-222: the local mind asks the session tool and speaks the answer, when this machine has the model" started.
􀟈  Suite "AC-291/294/295 · Kokoro through the downloader" started.
􀟈  Suite AdmissionSeamTests started.
􀟈  Suite "AC-238 wiring · the MLX door throws the typed verdict" started.
􀟈  Suite WhisperEngineConformanceTests started.
􀟈  Suite DecodeStepRecordTests started.
􀟈  Suite "launching exactly once" started.
􀟈  Suite AppleSynthesizerConformanceTests started.
􀟈  Suite ReplyContractTests started.
􀟈  Suite SnapshotDifferTests started.
􀟈  Suite "AC-126 · the second mind keeps the same five promises" started.
􀟈  Suite "AC-272 · the plain path's whole prompt is the same bytes before and after 4z, when this machine has the model" started.
􀟈  Suite "the lead learns from the machine" started.
􀟈  Suite "the cushion is what the bank had to hold" started.
􀟈  Suite "AC-245/AC-246 · the size, before anything is fetched" started.
􀟈  Suite "AC-312 · a real warm's end, when this machine has the model" started.
􀟈  Suite AIRuntimeConfigurationTests started.
􀟈  Suite "AC-291 · the ear's load half, when this machine has the model" started.
􀟈  Suite "AC-235 · the vendor's stop reason maps to the seam's StopReason" started.
􀟈  Suite WhisperLanguageHintTests started.
􀟈  Suite "4z · tools per call on the MLX run — the call's table wins, the source's is the default (AC-275)" started.
􀟈  Suite ThermalPolicyTests started.
􀟈  Suite AudioSessionSeamTests started.
􀟈  Suite "AC-232/233/234 · the Apple mind honours the caller's levers" started.
􀟈  Suite "AC-341 · the pauses inside an answer" started.
􀟈  Suite "AC-125 · the ids come from the model, not from me" started.
􀟈  Suite "the voice levers" started.
􀟈  Suite "AC-264 · a deadline ends a slow MLX reply .finished(.deadline)" started.
􀟈  Suite "AC-258 / AC-259 · admission is one step, on the app's number" started.
􀟈  Suite "AC-236 · the Apple mind's failures are typed, one row per vendor case" started.
􀟈  Suite "AC-294/295 · the Apple engine, whose bytes are the system's" started.
􀟈  Suite ScriptedTranscriberConformanceTests started.
􀟈  Suite NeuralVoiceConformanceTests started.
􀟈  Suite "the cushion follows the stall" started.
􀟈  Suite DiagnosticsWiringTests started.
􀟈  Suite KokoroWeightsTests started.
􀟈  Suite "AC-312 · the warm's end is an event" started.
􀟈  Suite "Playback hosts — where a reply is allowed to render" started.
􀟈  Suite "4z · the write and its confirmation — one flag the door enforces, the yes on the call (AC-279)" started.
􀟈  Suite ManualClockTests started.
􀟈  Suite "a null probe phase is announced" started.
􀟈  Suite WrittenSynthesisHeadlessTests started.
􀟈  Suite "live · the Apple model, when this machine has one" started.
􀟈  Suite AIRuntimeTests started.
􀟈  Suite "4x · the network, named and proven" started.
􀟈  Suite "AC-308 · the memory's bound against a kept session" started.
􀟈  Suite "the tokenizer folder is the one TTSKit asks for" started.
􀟈  Suite "AC-317…AC-321 · the reply retry" started.
􀟈  Suite "AC-291/293/296 · the downloader against a counting server" started.
􀟈  Suite "AC-222 · the MLX run executes a call itself and asks again with the answer" started.
􀟈  Suite "4z · the door: what reaches a tool's body, and what the model is told" started.
􀟈  Suite UnavailableWordsTests started.
􀙟  Suite "AC-294 · the measured variants, against the real repositories" skipped: "set MMK_LIVE_HUB=1 to ask huggingface.co"
􀟈  Suite "AC-132 · the headroom instrument never reports an ambiguous zero" started.
􀟈  Suite "the platform's no is honored before CoreML" started.
􀟈  Suite "AC-303/304/306/309 · one session for many turns" started.
􀟈  Suite TranscriptionSessionTests started.
􀟈  Suite "§175/5 · the Apple mind's readiness is the contract's verdict" started.
􀟈  Suite "4z · a parsed call's arguments become the contract's values, by kind" started.
􀟈  Suite WordErrorRateTests started.
􀟈  Suite BatchTranscriptionTests started.
􀟈  Suite "the lead follows the decoder" started.
􀟈  Suite "4y · admission, pressure and the deadline against the real model, when this machine has it" started.
􀟈  Suite "AC-292/297 · the app that died, and the one that came back" started.
􀟈  Suite "AC-239/AC-240 · what a download does after the bytes land" started.
􀟈  Suite "the lead learns the conversation" started.
􀟈  Suite "the barge window" started.
􀟈  Suite EnergyVADTests started.
􀟈  Suite "AC-236 · a ReplyFailure thrown by the source keeps its case" started.
􀟈  Suite "Gate calibration — between the room and the voice" started.
􀟈  Suite "AC-263 · the pressure handler is one hop and nothing else" started.
􀟈  Suite PlaybackLeadStrandTests started.
􀟈  Suite "AC-239 · the install manifest: every file, every byte" started.
􀟈  Suite "AC-260 · the MLX door asks the thermal policy before it opens" started.
􀟈  Suite "4w · the spec the MLX mind renders for a tool" started.
􀟈  Suite "AC-232 · the resolved instruction becomes the .system message" started.
􀟈  Suite "AC-125 · the think gate" started.
􀟈  Suite "AC-291/294/295 · the neural voice through the downloader" started.
􀟈  Suite "AC-324…AC-329 · a turn's failure is typed" started.
􀟈  Suite "AC-233/AC-234 · the resolved settings become the vendor's parameters" started.
􀟈  Suite "AC-312 · prewarm() raises the ask before its hop" started.
􀟈  Suite "ThresholdWatch · wakes on the count, and lets a cap cancel it" started.
􀟈  Suite WrittenSynthesizerLiveTests started.
􀟈  Suite "live · the Apple mind's deadline against the real model" started.
􀙟  Suite "AC-294 · the neural voice's measured variants, against the real repositories" skipped: "set MMK_LIVE_HUB=1 to ask huggingface.co"
􀟈  Suite PhraseCapTests started.
􀟈  Suite ConversationMemoryTests started.
􀟈  Suite "AC-305/311 · a tool call is a tool call" started.
􀟈  Suite AdmissionCoordinatorTests started.
􀟈  Suite "AC-292 · the session is background everywhere it can be" started.
􀟈  Suite "a retired voice is terminal" started.
􀟈  Suite "4y · the vendor's task is cancelled on every cut of the drain" started.
􀟈  Suite "AC-260 · the Apple mind asks the thermal policy at the door" started.
􀟈  Suite "Is there anything worth speaking?" started.
􀟈  Suite "AC-264 · the Apple mind's deadline is the injected clock's ending" started.
􀟈  Test "a tagged call is collected silently and emitted whole when its end tag arrives" started.
􀟈  Test "plain text passes through as tokens, one per piece" started.
􀟈  Test "a brace that was not a call is text after all, flushed at the end" started.
􀟈  Test "a call still buffered at end of sequence is parsed by finish()" started.
􀟈  Test "words before the call are spoken; the call's arguments arrive typed — the model's 2 is a number" started.
􀟈  Test "the cushion RISES when the machine slows — latest-wins in the harmful direction" started.
􀟈  Test "a failed run before any finished one leaves the learner empty" started.
􀟈  Test "a failed run teaches nothing — its truncated length stays out of the window" started.
􀟈  Test "both repositories arrive under one fraction; then installed, with the tokenizer" started.
􀟈  Test "one exchange is an assistant turn carrying the call, then a tool turn carrying the answer" started.
􀟈  Test "no exchanges renders exactly the 4r chat" started.
􀟈  Test "the list names the hub the MLX weight fetch reaches, which no literal in Sources/ names" started.
􀟈  Suite "AC-236 · a prompt longer than the window is refused before generation" started.
􀟈  Test "a declared host is either named in Sources/ or declared as never called" started.
􀟈  Test "the weight URLs carry no identifier — no query, no user, no fragment" started.
􀟈  Test "a credential cannot hide a host, and a substring is not a match" started.
􀟈  Test "the proofs block names the file each check lives in" started.
􀟈  Suite "AC-128/129 · the real model, when this machine has one" started.
􀟈  Test "the required-reason cross-check accepts a used API that IS declared" started.
􀟈  Test "a host is a host: ports and trailing punctuation are stripped" started.
􀟈  Test "the scanner reports a host the document does not name" started.
􀟈  Test "the manifest guard names a new library product that declares none" started.
􀟈  Test "every host in Sources/ is named in docs/HOSTS.md" started.
􀟈  Test "every linked module ships a privacy manifest, declared in Package.swift" started.
􀟈  Test "the host list states the credential caveat AC-254 cannot prove away" started.
􀟈  Test "no module supplies a credential or reads an identifier" started.
􀟈  Test "the credential scan reports a credential attached the ordinary way" started.
􀟈  Test "a declared required-reason category is one the source actually uses" started.
􀟈  Test "retire hands back what was held, and the next call builds again" started.
􀟈  Test "a retire during the build does not strand the queue either" started.
􀟈  Test "THREE concurrent cold callers all get the value — none is stranded" started.
􀟈  Test "a build that throws leaves nothing resident, and does not wedge the queue" started.
􀟈  Test "a build that finishes after a retire does NOT come back to life" started.
􀟈  Test "a second call after the first finished does not rebuild" started.
􀟈  Test "N lever changes leave exactly one resident — AC-145's shape" started.
􀟈  Test "two callers arriving together get one build, and the same value" started.
􀟈  Test "cancel ends the stream without a final (model required; skips if absent)" started.
􀟈  Test "one request lists, one per file moves; one byte fraction, 1.0 once; then .installed with a manifest" started.
􀟈  Test "absence is said in words, and it names EVERY neighbourhood" started.
􀟈  Test "the same directory passed twice is surveyed once" started.
􀟈  Test "an unreadable directory is named even beside a success" started.
􀟈  Test "a clear in which every delete failed never says 'cleared'" started.
􀟈  Test "a plain FILE is measured at its real size, not zero" started.
􀟈  Test "each manifest declares no collection and no tracking" started.
􀟈  Test "the survey reaches every directory, and an entry says where it was found" started.
􀟈  Test "clear deletes from EVERY directory and reports each with its place" started.
􀟈  Test "a directory the control cannot read is reported as such, not as empty" started.
􀟈  Test "a matching SYMLINK is not ours to delete, and the target survives" started.
􀟈  Test "a throwing decode reports failed once, terminal, and ends the stream" started.
􀟈  Test "Every listener receives the same sequence" started.
􀟈  Test "an empty directory holds: [nothing] — the line C rests on" started.
􀟈  Test "A slow listener never affects what another listener sees" started.
􀟈  Test "A slow listener loses the oldest events, and the loss is counted" started.
􀟈  Test "finish() ends every listener's stream, and is safe to call twice" started.
􀟈  Test "Listeners are counted while they exist, and forgotten when their stream dies" started.
􀟈  Test "A late listener hears only what comes next — no replay" started.
􀟈  Test "a partial the system lost before the resume: the system refetches it, and the file lands (AC-331, measured)" started.
􀟈  Test "a bad per-call table is refused before the heat and the verdict: critical and absent hear the table's error" started.
􀟈  Test "Listening after finish gets a stream that is already over" started.
􀟈  Test "a bad default table throws the typed error from the generator's init — internal seam and public door" started.
􀟈  Test "a clean per-call table opens a run as before" started.
􀟈  Test "a bad per-call table throws ReplyFailure.engine with the typed error's words from openReply; no run opens" started.
􀟈  Suite "AC-306/307/310 · when a session ends" started.
􀟈  Test "a clean default table builds: .empty, and a tool with parameters" started.
􀟈  Test "a row carries the conditions sampled for that row, not the sweep's first" started.
􀟈  Test "reset happens AFTER prepare — the row counts the run, not the setup" started.
􀟈  Test "two exchanges keep their order — the template pairs a call with its result by order" started.
􀟈  Test "runsEach of zero measures nothing — it does not halt the process" started.
􀟈  Test "each row is prepare → reset → sample → measure, in that order" started.
􀟈  Test "a stage that throws mid-sweep still gets its settings back" started.
􀟈  Test "every configuration is prepared before it is measured, every run" started.
􀟈  Test "a reply that never spoke prints an em dash, never 0 ms" started.
􀟈  Test "with the mind resident it refuses, and changes nothing" started.
􀟈  Test "the row being measured when the cancel lands is DROPPED, not published" started.
􀟈  Test "a completed sweep restores exactly once" started.
􀟈  Suite "live · AC-223 · the Apple mind asks the session tool" started.
􀟈  Test "cancellation keeps the rows already measured, and still restores" started.
􀟈  Test "durations render as whole milliseconds" started.
􀟈  Test "a throw part-way keeps every row already measured" started.
􀟈  Test "a device that cannot answer prints an em dash, never 0 MB" started.
􀟈  Test oneUtteranceContributesOnce() started.
􀟈  Test whitespaceIsNotSpeech() started.
􀟈  Test "the phone sweep does not include a decoder that cannot load there" started.
􀟈  Test aLateOldPieceCannotEvictANewerOneItPredates() started.
􀟈  Test textIsTrimmedAtTheEdgesAndJoinedBySingleSpaces() started.
􀟈  Test theBoundDropsTheOldestAndKeepsSpokenOrder() started.
􀟈  Suite TurnCoordinatorTests started.
􀟈  Test theBoundCountsPiecesNotRecords() started.
􀟈  Suite "digital silence is measured, not estimated" started.
􀟈  Suite "AC-291/294/295 · the five questions, through the protocol" started.
􀟈  Test oneFinalIsExactlyItsOwnText() started.
􀟈  Test clearForgetsEverything() started.
􀟈  Test "the microphone host still refuses when it is not capturing" started.
􀟈  Test "a 0 Hz format is refused by name, not by crashing" started.
􀟈  Test "the refusal carries the numbers, so a report says what was wrong" started.
􀟈  Test "a sane format passes the check — the guard is not simply always-no" started.
􀟈  Test "per-call maxTokens replaces the source's own" started.
􀟈  Test "nil maxTokens keeps the source's default — 1024 since F-6 = A" started.
􀟈  Test "a spoken turn reports every stage, exact, at its first sound (AC-335)" started.
􀟈  Test "nil on both sides means NO system message, as before 4v" started.
􀟈  Test "without an expected total, both byte fields are nil — a fraction is all that is known" started.
􀟈  Test "temperature and seed travel; nil leaves the vendor's default untouched" started.
􀟈  Test "an expected total at the edge of Int64 is not a trap" started.
􀟈  Test outOfOrderArrivalStillReadsInSpokenOrder() started.
􀟈  Test "the table is the shape INSTRUMENTS already uses" started.
􀟈  Test "with an expected total, received is fraction × expected" started.
􀟈  Test "a failed turn reaches the HEALTH stream, typed, with its turn number" started.
􀟈  Test "the fraction is clamped to 0…1 — the client has reported outside it" started.
􀟈  Test aRepeatedIdentityDoesNotReorderTheThought() started.
􀟈  Test "the exact boundary starts — the target is a floor, not a fence" started.
􀟈  Test "an abandoned reply starts nothing, before or after the target" started.
􀟈  Test "a zero target reproduces the un-buffered behaviour exactly" started.
􀟈  Test "enough audio queued starts playback" started.
􀟈  Test "a reply that ends before the lead still plays" started.
􀟈  Test "empty audio moves nothing" started.
􀟈  Test "the whole resolution is one Equatable value — the door hands it on, whole" started.
􀟈  Test "after a retire-during-load the holder is still usable" started.
􀟈  Test "a decoder that keeps ahead needs no lead at all" started.
􀟈  Test "the sizing rule covers a measured deficit" started.
􀟈  Test "below the target waits, however many buffers arrive" started.
􀟈  Test "the system source subscribes and cancels without a level ever arriving" started.
􀟈  Test "the end of the reply cannot re-start an already-playing reply" started.
􀟈  Test "the report names every matching directory and its bytes" started.
􀟈  Test "the model subscribes once at birth and cancels when it dies" started.
􀟈  Test "a .warning mid-generation ends the run's stream with NO terminal and no later token" started.
􀟈  Test "a run opened AFTER the warning runs clean" started.
􀟈  Test "a .critical with nothing running still retires — the weights, not the run, are the target" started.
􀟈  Test "a run that finished leaves the registry, and a later warning finds nothing" started.
􀟈  Test "stop() finishes every health stream; run() returns when the provider ends" started.
􀟈  Test "a .critical ends the run AND retires the weights; the next reply opens again" started.
􀟈  Test "A slow listener's losses become visible to everyone else" started.
􀟈  Test "Settling count publishes only on change" started.
􀟈  Test "Ring drops are mirrored exactly, where and as reported" started.
􀟈  Test "The baseline is published on start, then every transition, in order" started.
􀟈  Test "A late health listener hears only what comes next — no replay" started.
􀟈  Test "the hub client's crashing background switch is asked for nowhere in the MLX module" started.
􀟈  Test "the default fetcher is the background one, and it moves bytes through ModelDownloader" started.
􀟈  Test "the Mac's first reply is under-cushioned, by a number we know" started.
􀟈  Test "the download's doc comment states that the transfer survives the background, and what a stopped one keeps" started.
􀟈  Test "a decoder that keeps up gets no first-reply cushion either" started.
􀟈  Test "a fresh learner offers no cushion at all" started.
􀟈  Test "a generator built WITH a table and a call carrying .empty: no tool this turn" started.
􀟈  Test "a call's table REPLACES the generator's for that call; it does not add to it" started.
􀟈  Test "the options carry the table and the yes, and stay Equatable (AC-282's shape)" started.
􀟈  Test "a tool's throw becomes the ToolCallFailure sentence every mind writes (AC-225)" started.
􀟈  Test "a tool with no parameters shows the spike's schema, unchanged (AC-270)" started.
􀟈  Test "the model's whole answer becomes the door's arguments; not a structure is no arguments (AC-269)" started.
􀟈  Test "toolFailure(from:) still carries a typed value whole — one wrap, never two" started.
􀟈  Test "per-call instructions replace the source's own for that call" started.
􀟈  Test "GeneratedContent is read by kind into ToolValue — one number case; list and object kept (AC-269)" started.
􀟈  Test "a missing required argument never reaches the body; the model reads the door's sentence (AC-273)" started.
􀟈  Test "a bad PER-CALL table throws from openReply, before the stream — the source is never asked (AC-289)" started.
􀟈  Test "a silent reply starts nothing" started.
􀟈  Test piecesJoinInSpokenOrder() started.
􀟈  Test "the vendor fills the instructions entry's toolDefinitions from the tools it was handed" started.
􀟈  Test ".normal does nothing: the generation keeps running" started.
􀟈  Test "a warning ends EVERY live run on the weights" started.
􀟈  Test "an answer that arrives after the call's task was cancelled goes nowhere" started.
􀟈  Test "a band is shown only when the declaration says so — two switches (F-11 B)" started.
􀟈  Test "an empty table hands the vendor no tools (AC-227's plain path)" started.
􀟈  Test "the session's table is resolved per call: the call's over the default, .empty means none this turn (AC-275)" started.
􀟈  Test "the schema names the parameters — four kinds, one optional, the app's sentences (AC-270)" started.
􀟈  Test "an empty table builds the SAME session as the pre-4w init(transcript:) (AC-227's Mac half)" started.
􀟈  Test "call(arguments:) reaches the ReplyTool with the typed arguments and returns its answer" started.
􀟈  Test "the adapter wears the ReplyTool's name and description, verbatim" started.
􀟈  Test "a failure after the move over a caller's tree keeps that tree, and never locks the model out" started.
􀟈  Test "an unchanged snapshot says nothing — no empty tokens" started.
􀟈  Test "the context window overflowing is a named failure" started.
􀟈  Test "cancel ends the stream without a terminal" started.
􀟈  Test "assets unavailable names the Simulator lesson — availability lied" started.
􀟈  Test "a throwing source is one .failed, terminal" started.
􀟈  Test stressAccountingBalancesAndOrderSurvives() started.
􀟈  Test "a REVISING stream: true tokens out, then one honest failure, never the rewrite" started.
􀟈  Test partialReadsDeliverInOrder() started.
􀟈  Test "a model refusal is SPOKEN the same way, and ends .refused (F-4 = A, D-104)" started.
􀟈  Test "a guardrail violation is SPOKEN, and the reply ends .refused (F-4 = A, D-104)" started.
􀟈  Test "nothing AFTER the cancel survives — gated defiance, event-gated end to end" started.
􀟈  Test emptyReadReturnsNothing() started.
􀟈  Test "openReply throws the honest reason when the model is unavailable" started.
􀟈  Test "cumulative snapshots become suffix tokens, then finished, once" started.
􀟈  Test "openReply hands off — generation never blocks the opener" started.
􀟈  Test capacityRoundsUpToPowerOfTwo() started.
􀟈  Test "rate limiting, concurrency, decoding, guides: each one honest .failed" started.
􀟈  Test overflowOverwritesOldestAndCountsExactly() started.
􀟈  Test wraparoundKeepsOrderAcrossTheSeam() started.
􀟈  Test "A read never returns a mix of old and in-flight frames" started.
􀟈  Test droppedFramesAccumulateAcrossOverruns() started.
􀟈  Test roundtripPreservesOrderAndValues() started.
􀟈  Test emittedChunksFlowThroughTheRingInOrder() started.
􀟈  Test stopDisconnectsTheSource() started.
􀟈  Test "a mouth that never speaks reports zero, not a plausibly fast number" started.
􀟈  Test emitBeforeStartDeliversNothing() started.
􀟈  Test "a second `.started` does not move the number already earned" started.
􀟈  Test "first audio is stamped at `.started`, not when the feed returns" started.
􀟈  Test "the deadline fires while the body is parked: the write lands once, then ONE terminal, the clock's, last" started.
􀟈  Test "a body that ends before the deadline feeds its answer back; the reply ends .complete, the sleeper is gone" started.
􀟈  Test "a REAL reply that ends on its own is .finished(.complete)" started.
􀟈  Test "a mind that claims no memory is never refused for memory" started.
􀟈  Test "an unknown headroom with a memory need is NOT a refusal" started.
􀟈  Test "only the Simulator verdict says Simulator" started.
􀟈  Test "every verdict, one row each, and the healthy phone is ready" started.
􀟈  Test "an unverified install counts as installed" started.
􀟈  Test "versions compare as numbers, not as words" started.
􀟈  Test "the platform knows both floors: the library's and the Apple mind's" started.
􀟈  Test "a report that trips two rules gets the first one" started.
􀟈  Test "a NaN fraction is 0, never a trap" started.
􀟈  Test "the floor is rendered with the report's platform name" started.
􀟈  Test "headroom exactly equal to the need is enough" started.
􀟈  Test "the pure function: only the closing tag is touched; text without it is unchanged; every occurrence goes" started.
􀟈  Test "a thrown tool's words are escaped the same way" started.
􀟈  Test "AC-224: a barge lands while a tool call is pending; the late answer goes nowhere" started.
􀟈  Test "the core door hands the tag through untouched — the escape is the MLX seam's alone" started.
􀟈  Test "a decode can keep up on average and still have needed a cushion" started.
􀟈  Test "the configurations that never starved all read keepsUp" started.
􀟈  Test "the configurations that DID starve all read not-keepsUp" started.
􀟈  Test "a caller's fake drives a complete install, with progress and a manifest" started.
􀟈  Test "Latency from capture to speechStarted is exact audio time" started.
􀟈  Test "exactly real time is not keeping up" started.
􀟈  Test "Only the last two held chunks are pre-rolled, and they arrive before the live audio" started.
􀟈  Test "Two listeners receive identical sequences" started.
􀟈  Test "The pump parks on the injected clock, wakes on each poll, and leaves nothing behind" started.
􀟈  Test "A sub-window transient publishes nothing — nothing for the turn loop to barge on" started.
􀟈  Test "With the window wired per the F-4 law, the word is not beheaded" started.
􀟈  Test "A scripted utterance produces the exact event sequence, in timeline order" started.
􀟈  Test "stop() alone ends the loop — no cancellation, no clock advance" started.
􀟈  Test "A partial chunk waits for the next poll instead of being padded or judged" started.
􀟈  Test "both files arrive under one fraction, never decreasing, 1.0 once; then it is installed" started.
􀟈  Test "Frames lost to a full ring appear as a dropped event with the exact count" started.
􀟈  Test "the REAL model calls `session` and its reply carries the session's numbers" started.
􀟈  Test "StopReason is complete / tokenBudget / unreported / refused / deadline — F-4 = A" started.
􀟈  Test "a counting caller sees two .tooHot across three attempts (AC-260, the AC-236 shape)" started.
􀟈  Test "openReply opens at .nominal, .fair and .serious (AC-260)" started.
􀟈  Test "openReply throws ReplyFailure.tooHot(.critical) at the door, and opens no run (AC-260)" started.
􀟈  Test "a generator with no tools and a call carrying a table: the tool is called; the next call without one cannot" started.
􀟈  Test "a reply finished before its deadline ends .complete, and releases the clock's sleeper (AC-264)" started.
celled is nil — a cancelled run has no terminal to report" started.
􀟈  Test ".length is .tokenBudget — the cap cut it" started.
􀟈  Test ".stop is .complete — the model ended its own turn" started.
􀟈  Test "the hint is stored as given, and absent by default" started.
􀟈  Test "a call's table REPLACES the source's for that call; it does not add to it" started.
􀟈  Test "a source with no table and a call carrying one: the tool runs; the next call without it cannot" started.
􀟈  Test "promise 2 — a cancelled reply ends its stream WITHOUT a terminal" started.
􀟈  Test "a run retired after the round ended never knocks the door: the body does not run" started.
􀟈  Test "Without diagnostics the policy still rules (thermal = .nominal) and a refusal still surfaces" started.
􀟈  Test "Barging a batch utterance that never settled retires it silently — no consultation, no failure event" started.
􀟈  Test "the resolution rule: nil is the source's own, a table is that table, .empty is none — and renders nil" started.
􀟈  Test "a flagged tool is refused until the call's options name it; then its body runs once" started.
􀟈  Test "At .serious the default policy refuses the settling move: named failure, health event, no ghost final" started.
􀟈  Test "A streaming engine's barge-in retirement never consults the policy" started.
􀟈  Test "With no policy, a settling decode at .serious survives exactly as D-024 ruled" started.
􀟈  Test "ConservativeThermalPolicy: allow below .serious, refuse from .serious up" started.
􀟈  Test "The policy is consulted once, at the settling move, with the exact thermal state and count" started.
􀟈  Test "At .critical the ACTIVE utterance still settles and its final surfaces — only overlap is gated" started.
􀟈  Test "Heat arriving mid-session: earlier settling decode survives, the next move is refused with exact inputs" started.
􀟈  Test "A session that refuses to activate stops the whole start — capture is never attempted" started.
􀟈  Test "after a reply, the voice uses what THIS machine managed" started.
􀟈  Test "The session is activated BEFORE capture, and released after — never left active" started.
􀟈  Test "the default budget is 1024 — set even when the caller says nothing (AC-233, F-6 = A)" started.
􀟈  Test "temperature 0 beside a seed: greedy wins — there is no randomness to seed" started.
􀟈  Test "Starting twice activates once — the session is not re-entered" started.
􀟈  Test "stop() without start() releases nothing" started.
􀟈  Test "the whole options struct travels to the source untouched (AC-231's seam, read here)" started.
􀟈  Test "a seed is .random(top: 50, seed:) (AC-234)" started.
􀟈  Test "a per-call budget reaches maximumResponseTokens (AC-233)" started.
􀟈  Test "a source that finishes AFTER the cancel still reports no terminal" started.
􀟈  Test "temperature 0 is .greedy (AC-234)" started.
􀟈  Test "No session means the pre-4d path, byte for byte" started.
􀟈  Test "per-call instructions replace the generator's own (AC-232)" started.
􀟈  Test "a deficit repaid before the end still had to be banked" started.
􀟈  Test "a decoder faster than the ear waits only for its first buffer" started.
􀟈  Test "a uniformly slow decode asks for its accumulated deficit" started.
􀟈  Test "a long prefill delays the start and is NOT banked as cushion" started.
􀟈  Test "no steps at all is zero, not a guess" started.
􀟈  Test "consecutive small overruns accumulate — the worst STEP would miss them" started.
􀟈  Test "a reply with only short pauses still reports its longest" started.
􀟈  Test "a pause split across buffers is ONE pause" started.
􀟈  Test "a pause longer than the gap counts; a shorter one does not; the longest is kept" started.
􀟈  Test "the silence before the first sound and after the last is not a pause inside the answer" started.
􀟈  Test "exactly the gap counts" started.
􀟈  Test "quiet is not silence: a soft stretch above the level is sound" started.
􀟈  Test "HALF a vocabulary throws rather than guesses" started.
􀟈  Test "what is in force names every lever that was actually built" started.
􀟈  Test "both markers present — the two ids are read from the vocabulary" started.
􀟈  Test "the default voice is Kokoro, which is what D-084 ruled" started.
􀟈  Test "an unknown voice is refused in our words, never guessed" started.
􀟈  Test "the REAL model's config yields 151667/151668 (model config; skips if absent)" started.
􀟈  Test "a voice that keeps up says it needs no cushion" started.
􀟈  Test "the clockless coordinator with a reply gate throws .replyGateNeedsAClock (AC-241)" started.
􀟈  Test "reply(to:) returns the partial text with stop == .deadline — a stop reason, not a failure" started.
􀟈  Test "a model that does not reason out loud is nil, not an error" started.
􀟈  Test "both organs, or neither, is a valid configuration and does not throw (F-3 = B)" started.
􀟈  Test "the voice lever parses in both directions" started.
􀟈  Test "a reply that ends before its deadline leaves NO sleeper on the clock" started.
􀟈  Test "a cancel before the deadline ends with no terminal and no sleeper" started.
􀟈  Test "with no deadline the run arms nothing on the clock" started.
􀟈  Test "a source built WITH a table and a call carrying .empty: no tool that turn; the next call has it back" started.
􀟈  Test "a token the source yields after the deadline is never heard" started.
􀟈  Test "--decoder=banana is refused in our words, never silently .fused" started.
􀟈  Test "a reply that never finishes ends .finished(.deadline) with the tokens so far when the clock reaches 200 ms" started.
􀟈  Test "the model reaches the voice, and the display names it" started.
􀟈  Test "a file that is not a tokenizer configuration is refused" started.
􀟈  Test "four hundred deadlines against a firehose: a token is never spoken after .finished(.deadline)" started.
􀟈  Test "--mouth is still not this lever's flag" started.
􀟈  Test "the factory builds the voice the lever names" started.
􀟈  Test "the small model parses with the token the phone persists" started.
􀟈  Test "a measured cushion is labelled as measured, a typed one is not" started.
􀟈  Test "choosing Kokoro keeps Qwen's knobs untouched" started.
􀟈  Test "the phone's default is not a decoder the phone cannot load" started.
􀟈  Test "an unreadable number is refused, not shrugged into the default" started.
􀟈  Test "CONTROL: .fused really does load here, so an iOS refusal means something" started.
􀟈  Test "the refusal names the flag, the wrong value, and the allowed tokens" started.
􀟈  Test "no flags means base, untouched — lead stays derivable" started.
􀟈  Test "each voice reports its own levers, not the other's" started.
􀟈  Test "every flag reaches the levers, in the app's own tokens" started.
􀟈  Test "every lever reaches the voice that gets built" started.
􀟈  Test "a known headroom below the need refuses, typed, and no load begins" started.
􀟈  Test "a headroom the phone will not give NEVER refuses — D-092" started.
􀟈  Test "with no headroom number the model admits, and the load door speaks next" started.
􀟈  Test "no lead given means the cushion is still derived, not zeroed" started.
􀟈  Test "a headroom EQUAL to the need admits — the refusal is strictly below" started.
􀟈  Test "a load that throws lets the next admission through — the gate is released on every exit" started.
􀟈  Test "two concurrent callers: the second is admitted when the post-allocation headroom still fits it" started.
􀟈  Test ".exhausted is a KNOWN zero, and refuses with available 0" started.
􀟈  Test "promise 4 — openReply hands off; generation never blocks the opener" started.
􀟈  Test "weights already RESIDENT are admitted without the memory question" started.
􀟈  Test "a caller can COUNT: two scripted .busy runs are two" started.
􀟈  Test "a device that cannot load is refused with its readiness verdict, not a memory number" started.
􀟈  Test "an empty refusal sentence yields no token, only the ending — D-104" started.
􀟈  Test "no per-call instructions: the generator's own are used (AC-232)" started.
􀟈  Test "when the picker and the built voice disagree, the voice wins" started.
􀟈  Test "a refusal is spoken and ends .finished(.refused) — D-104" started.
􀟈  Test "a need of 0 bytes is NO claim (D-105's shape): admitted with no memory question" started.
􀟈  Test "an unsupported language is .unsupportedLanguage" started.
􀟈  Test "the clockless door reports the gate before the bounds" started.
􀟈  Test "a voice that cannot keep up shows the cushion in milliseconds" started.
􀟈  Test "the tripwire keeps its name: a revised text is .engine, never .unexplained (AC-322)" started.
􀟈  Test "no vendor case with a name becomes .unexplained (AC-322)" started.
􀟈  Test "this library's own failures keep their names: a declaration the vendor refuses is .engine (AC-322)" started.
􀟈  Test "the size is nil, always: the system owns these bytes and this library will not guess" started.
􀟈  Test "cancel ends the stream without a final" started.
􀟈  Test "one final, then silence, then the stream ends" started.
􀟈  Test "partials come before the final, never after" started.
􀟈  Test "a stall repaid by the end still sizes the cushion" started.
􀟈  Test "a short reply after a long one lowers the cushion — the known cost" started.
􀟈  Test "a silent reply completes without speaking (model required; skips if absent)" started.
􀟈  Test "a decoding failure and an unsupported guide are .engine — the honest rest" started.
􀟈  Test "a uniformly slow decode sizes the same as it always did" started.
􀟈  Test "no step record means no learned cushion, not a guessed one" started.
􀟈  Test "a decoder that keeps up is asked for no cushion" started.
􀟈  Test "The session's settling table reports its count changes" started.
􀟈  Test "The pump mirrors ring drops into health, same numbers, same stamp" started.
􀟈  Test "each precision has its own file" started.
􀟈  Test "fp16 is not installed until the cast copy exists" started.
􀟈  Test "reply(to:) RETURNS a refusal as Reply(text:, stop: .refused) — D-104" started.
􀟈  Test "an incomplete download names both sizes" started.
􀟈  Test "a truncated weight file is not installed, however present it looks" started.
􀟈  Test "fp32 is installed as soon as both downloads are whole" started.
􀟈  Test "an empty directory is not installed" started.
􀟈  Test "a directory with a space in its name is still checked correctly" started.
􀟈  Test "weights without a voice are not installed" started.
􀟈  Test "damage is reported, a not-yet-built cast is not" started.
􀟈  Test "the model: nothing warming and nothing resident answers false at once (D-124 F-21 B)" started.
􀟈  Test "an ask keeps the answer waiting until its warm is over, not only a load (D-124 F-21 B)" started.
􀟈  Test "the model's retire tells the watch: resident, retired, false (AC-312)" started.
􀟈  Test "the model's warm consumes its ask: a warm that fails at the door answers its waiter false (AC-312)" started.
􀟈  Test "a load in flight with no warm asked — a turn's own — is waited for too (AC-312)" started.
􀟈  Test "returns at once when the weights are already resident (AC-312)" started.
􀟈  Test "a waiter is answered true when the load in flight ends with the weights (AC-312)" started.
􀟈  Test "cancellable: a cancelled wait returns at once, with what is true then (AC-312)" started.
􀟈  Test "false when the warm ends without the weights — the spinner always stops (D-124 F-21 B)" started.
􀟈  Test "resident while a warm is still asked for: true at once, not after the warm (AC-312)" started.
􀟈  Test "after a retire the weights are gone: false at once (AC-312)" started.
􀟈  Test "false at once when nothing is resident and nothing is loading (D-124 F-21 B)" started.
􀟈  Test "tearing down after the engine stopped is safe" started.
􀟈  Test "a host that is torn down keeps no nodes" started.
􀟈  Test "detaching a node that was never attached is harmless" started.
􀟈  Test "a plain engine host attaches, renders, and gives the node back" started.
􀟈  Test "a host that made its own engine stops it" started.
􀟈  Test "an unfinished reply still teaches nothing" started.
􀟈  Test "a microphone that has not started is not watching, and says so" started.
􀟈  Test "attaching to a microphone that is not capturing fails loudly" started.
􀟈  Test "a host that borrowed an engine never stops it" started.
􀟈  Test "detaching a node that is attached but wired to nothing is a no-op" started.
􀟈  Test "a host takes several replies in turn" started.
􀟈  Test "the arguments are checked BEFORE the flag is read: a bad call is refused as a bad call, not told to ask" started.
􀟈  Test "an unflagged tool needs no yes: the diet app's act-at-once is the flag left off" started.
􀟈  Test "the diet app's act-at-once: an unflagged write runs on the model's first call" started.
􀟈  Test "a flagged tool on the model's first call: the body does not run, the model is told to ask, counted" started.
􀟈  Test "the name in the call's confirmed set: the body runs exactly once; the yes rides THAT call only" started.
􀟈  Test "Aura's spoken confirmation: refused and asked on turn 0, run once on turn 1 with the yes on the options" started.
􀟈  Test "deleting with no reservation held is a no-op, and removes nothing of the system's" started.
􀟈  Test "`confirmed: true` in the ARGUMENTS does not run the body — the model cannot confirm itself" started.
􀟈  Test timeStandsStillUntilAdvanced() started.
􀟈  Test "two concurrent callers: the second is refused on the post-allocation headroom, not the stale one" started.
􀟈  Test sleepOnAnAlreadyCancelledTaskThrowsImmediately() started.
􀟈  Test "detaching a node the engine already dropped is a no-op, not a crash" started.
􀟈  Test sleeperWakesAtItsExactMoment() started.
􀟈  Test "zero samples means the phase measured nothing, and the line says why" started.
􀟈  Test "a phase with real samples gets no announcement — one sample included" started.
􀟈  Test "an unspeakable reply terminates without touching write() or the host" started.
􀟈  Test "cancel before anything spoken: silent end, host untouched" started.
􀟈  Test "per-call instructions reach the real model (AC-232)" started.
􀟈  Test "a per-call budget bounds the real reply (AC-233)" started.
􀟈  Test "the observer ending on its own ends the run, with a health seam attached (AC-345)" started.
􀟈  Test "a refusal after partial text keeps what was already spoken — D-104" started.
􀟈  Test "the session keeps what the window dropped: six turns at a bound of four, one session (AC-308)" started.
􀟈  Test "the context window overflowing stays .contextWindowExceeded" started.
􀟈  Test "the folder ends in the vendor's constant, quoted" started.
􀟈  Test "both variants resolve to the SAME tokenizer folder" started.
􀟈  Test "one retry, one reply, one body run (AC-317)" started.
􀟈  Test "a scripted call: the table is called with the typed arguments, the answer follows, one terminal" started.
􀟈  Test "fractions never decrease and end at exactly one 1.0; every file lands complete" started.
􀟈  Test "the recorder sees a MARKED request that IS made — the control for every silence proof" started.
􀟈  Test cancellationClaimsTheSleeperExactlyOnce() started.
􀟈  Test "a tool round's stop is not the reply's terminal — only the last round's is" started.
􀟈  Test "an error the vendor's enum does not own is .unexplained, with its words (AC-322)" started.
􀟈  Test "a name no tool has is answered to the MODEL as 'no tool named …' and the reply completes" started.
􀟈  Test "the first offence in table order, then declaration order, is the one named" started.
􀟈  Test "the door reads a checked table exactly as before: the same knock, the same answer" started.
􀟈  Test "a clean table passes: four distinct parameters, a tool with none, the empty table, names apart by case" started.
􀟈  Test chainedSleepsLandExactlyInsideOneAdvance() started.
􀟈  Test "an answer longer than the cap reaches the model cut at the cap with the marker, and the cut is counted" started.
􀟈  Test sleepingIntoThePastReturnsImmediately() started.
􀟈  Test earlierDeadlinesWakeFirstWithTheirOwnMoments() started.
􀟈  Test ""84" for a number parameter reads 84, the body runs, and the coercion is counted (F-8 C)" started.
􀟈  Test "the accessors after the door: they read what the door let in, and throw a typed failure for anything else" started.
􀟈  Test "an argument the tool never declared is stripped before the body and counted (F-7 C)" started.
􀟈  Test "a number for a string parameter is refused: the leniency is one way (F-8 C keeps the branch's asymmetry)" started.
􀟈  Test "two tables with one declaration and different bodies are equal; one parameter apart, not (F-13 c)" started.
􀟈  Test "a cancel while the tool is in flight: the answer is dropped, no round 1, no terminal" started.
􀟈  Test ""shown to the model" and "checked by the table" are two switches: the parameter carries both" started.
􀟈  Test "a model that calls forever is stopped after ToolRounds.cap rounds with a typed failure" started.
􀟈  Test "84.5 for an integer parameter is refused as wrong kind (F-13 b)" started.
􀟈  Test "an optional parameter not given, or given as null, is simply not there for the body" started.
􀟈  Test "a thrown tool's own words reach the model verbatim (F-13 e) — under the same cap" started.
􀟈  Test "a value of a kind the parameter cannot read: refused as wrong kind, the body does not run" started.
􀟈  Test "inside the band — the edges included — the body runs; a coerced text is checked against the band too" started.
􀟈  Test "84 parsed on the MLX side and 84.0 read on the Apple side are ONE ToolValue, and the door reads both alike" started.
􀟈  Test "a tool that throws is answered to the MODEL as 'tool … failed: …' and the reply completes" started.
􀟈  Test "a value outside the declared band is refused before the body, told in words, and counted under its own name" started.
􀟈  Test "a name no tool has: the sentence the MLX run has always fed back (AC-276)" started.
􀟈  Test ""nan" and "inf" for a number parameter are refused (F-8 C closes the hole)" started.
􀟈  Test "a required parameter absent: the body does not run, the model is told, the count says .missing" started.
􀟈  Test "two parameters of one tool with one name: the check throws the typed error naming tool and parameter" started.
􀟈  Test "null for a required parameter is absence, counted .missing (F-13 j)" started.
􀟈  Test "every unavailability reason describes itself in honest words" started.
􀙟  Test "base and small still cost what this library says they cost" skipped: "set MMK_LIVE_HUB=1 to ask huggingface.co"
􀟈  Test "an answer of exactly the cap, and a short one, reach the model unchanged" started.
􀟈  Test "a real reading reports both a number and that it is measuring" started.
􀟈  Test "the spike's no-argument tool: an extra is stripped, the body runs with nothing (AC-283)" started.
􀟈  Test "two tools with one name are not the check's business: the lookup rule already defines them" started.
􀟈  Test "a nested value for a .string parameter is wrong kind, counted (F-13 i) — a list and an object" started.
􀟈  Test "openUtterance refuses through the same door" started.
􀟈  Test "the error names the variant and the reason, in our words" started.
􀟈  Test "CONTROL: a true verdict passes the guard — the tripwire behind it fires instead" started.
􀟈  Test "nil verdict defaults to the vendor, which says yes on this Mac" started.
􀟈  Test "every unavailable reason is distinct — a caller can tell them apart" started.
􀟈  Test "ten turns, one session (AC-303)" started.
􀟈  Test "An utterance longer than the ceiling is cut with truncated, audio released" started.
􀟈  Test "A run that fails mid-utterance publishes failed; the next utterance transcribes" started.
􀟈  Test "An engine that cannot even open a run yields failed, and the session lives on" started.
􀟈  Test "A late final from a dead utterance is dropped; the next utterance is untouched" started.
􀟈  Test "One utterance opens one run and feeds it every chunk, pre-roll first" started.
􀟈  Test "Two listeners receive identical transcript sequences" started.
􀟈  Test "stop() mid-recognition finishes every stream and cancels the open run" started.
􀟈  Test "no Apple verdict says the word Simulator" started.
􀟈  Test "below the floor: the verdict names the platform and the Apple mind's floor" started.
􀟈  Test "readiness() is askable on any OS and agrees with the vendor on this one" started.
􀟈  Test "every vendor reason lands on one contract verdict" started.
􀟈  Test "the door is asked EVERY time — a download that completes is seen on the next call" started.
􀟈  Test "the thrown failure speaks the verdict's own sentence — the screen and the turn agree" started.
􀟈  Test "A scripted utterance publishes partials and a final with exact audio times" started.
􀟈  Test "the platform the below-floor sentence names is this binary's" started.
􀟈  Test "the way back: a whole number is an int, the rest are themselves, containers recurse" started.
􀟈  Test "on this Mac the reader refuses to invent a number" started.
􀟈  Test "openReply throws ReplyFailure.unavailable(verdict) at the door, never a run" started.
􀟈  Test "a call with no arguments is a request with none — the spike's read" started.
􀟈  Test "84 as an int and 84.0 as a double are one value (F-13 b)" started.
􀟈  Test "the vendor's ToolCall becomes the seam's request, name kept, arguments typed" started.
􀟈  Test "each JSON kind becomes its ToolValue: numbers to .number, containers carried for the door to refuse" started.
􀟈  Test "Arabic: diacritics (tashkeel) do not count" started.
􀟈  Test "Arabic: a real substitution still counts" started.
􀟈  Test "Arabic: Arabic punctuation does not count" started.
􀟈  Test "identical text scores zero" started.
􀟈  Test "a missing word is a deletion; an extra word is an insertion" started.
􀟈  Test "English normalisation is unchanged by the Arabic rules" started.
􀟈  Test "Arabic: the four alef forms are one letter" started.
􀟈  Test "Arabic: taa marbuta and alef maqsura fold to their common spellings" started.
􀟈  Test "Arabic: tatweel (the stretching mark) is not a letter" started.
􀟈  Test "case and punctuation do not count" started.
􀟈  Test "one substitution in four words is 0.25 exactly" started.
􀟈  Test "a refused variant throws OUR error and never reaches for the models" started.
􀟈  Test "an empty hypothesis deletes every reference word" started.
􀟈  Test "digits are spelled out: 20 equals twenty" started.
􀟈  Test "A batch final arriving after the next utterance began is published, tagged with its own utterance" started.
􀟈  Test "The ceiling truncates a feeding batch run; its final still arrives" started.
􀟈  Test "Input ending mid-decode still delivers the final, then run() returns" started.
􀟈  Test "stop() cancels settling batch runs; nothing is published after" started.
􀟈  Test "measuredRealTimeFactor provides platform-calibrated values" started.
􀟈  Test "a band on an integer parameter is checked the same way" started.
􀟈  Test "an explicit lead still wins — the derivation is a default, not a law" started.
􀟈  Test "`.stepped` needs one — it decodes slower than real time" started.
􀟈  Test "the CONSTANT is `.fused`'s cushion, and passing it to `.stepped` is the bug" started.
􀟈  Test "admit(needing:) on this Mac reads no headroom, admits, and the weights are resident after" started.
􀟈  Test "`.fused` needs no cushion — it decodes faster than the ear drinks" started.
􀟈  Test "the two decoders do NOT get the same cushion" started.
􀟈  Test "platform-refused AND retired says the platform's no — order is load-bearing" started.
􀟈  Test "a complete download writes manifest.json listing every file at its byte count" started.
􀟈  Test "a long reply raises the cushion, and four short ones retire it" started.
􀟈  Test "the reply's LENGTH reaches the window — the assertion §48 was missing" started.
􀟈  Test "exhausted and unavailable are never the same answer" started.
􀟈  Test "forget empties the window — no lengths survive a decoder change" started.
􀟈  Test ""7" for an integer and "true" for a boolean are coerced and counted; "7.5" for an integer is not" started.
􀟈  Test "just over the window barges — it opens, it does not merely delay" started.
􀟈  Test "a leak that ended cannot barge later on somebody else's audio" started.
􀟈  Test "a tap in the second life adopts the transfer the first life started" started.
􀟈  Test "the measured window cannot swallow the shortest real utterance" started.
􀟈  Test "a 480 ms burst — the echo's exact fingerprint — does NOT barge" started.
􀟈  Test defaultWindowIsZeroAndOff() started.
􀟈  Test "a 1160 ms utterance — the shortest real one ever logged — DOES barge" started.
􀟈  Test "just under the window does not barge" started.
􀟈  Test "zero window is the old behaviour — the first onset kills the reply" started.
􀟈  Test shortGapInsideHangoverKeepsSpeaking() started.
􀟈  Test hangoverIsUntouchedByTheWindow() started.
􀟈  Test onsetBoundaryIsExact() started.
􀟈  Test "exactly the minimum ratio is accepted" started.
􀟈  Test oneBigChunkCompletesTheWindowAlone() started.
􀟈  Test firstLoudChunkStartsSpeech() started.
􀟈  Test "the gate always sits strictly below the speech it must pass" started.
􀟈  Test "the RTF stays latest-wins while the length is windowed" started.
􀟈  Test loudChunkResetsTheHangoverBudget() started.
􀟈  Test "a voice barely above the room cannot carry a gate" started.
􀟈  Test "the window is the MEAN of the last four lengths" started.
􀟈  Test subWindowBurstProducesNothingEver() started.
􀟈  Test "the midpoint is geometric — equally clear of both mistakes" started.
􀟈  Test emptyChunkIsIgnored() started.
􀟈  Test exactThresholdCountsAsLoud() started.
􀟈  Test "no speech at all is refused rather than guessed" started.
􀟈  Test "a quiet room and a normal voice put the gate between them" started.
􀟈  Test fullConversationSequence() started.
􀟈  Test hangoverBoundaryIsExact() started.
􀟈  Test "contextWindowExceeded thrown by the source is .failed(.contextWindowExceeded)" started.
􀟈  Test quietKillsTheCandidate() started.
􀟈  Test "a perfectly silent room still yields a usable gate" started.
􀟈  Test "the model is the only subscriber in the module" started.
􀟈  Test "a tree that matches its manifest is .installed" started.
􀟈  Test "CONTROL — the shipped zero lead finishes even when tokens close after the decode" started.
􀟈  Test "an injected policy is the one asked, and the refusal carries the state it saw" started.
􀟈  Test "the public constructor's defaults are the system thermometer and the shipped policy" started.
􀟈  Test "heat is asked before readiness: a hot phone with no weights hears .tooHot, not .unavailable" started.
􀟈  Test "the default policy opens at nominal, fair and serious, and refuses at critical" started.
􀟈  Test "anything else the vendor throws is still .engine(String)" started.
􀟈  Test fullSequenceWithTransientsAroundARealWord() started.
􀟈  Test "a band with showsRange renders minimum and maximum in the property" started.
􀟈  Test "a band with showsRange false renders nothing of it" started.
􀟈  Test "a table the check passed renders exactly the pinned bytes — the rendering never sees a duplicate" started.
􀟈  Test "one tool renders as a function spec with an empty object of parameters" started.
􀟈  Test "parameters render one property each with its JSON type and sentence, and `required` names the required ones" started.
􀟈  Test "an empty table renders nil, not []; a table renders one spec per tool" started.
􀟈  Test "all-optional parameters render properties and no `required` key" started.
􀟈  Test "nil on both sides is NO system message at all — the voice path, unchanged" started.
􀟈  Test "nil per-call instructions leave the source's own as the system message" started.
􀟈  Test "between its markers the handler is the one hop: no await of its own, no MLX call, no work" started.
􀟈  Test "the past arrives in roles, and a barged reply ends in the ellipsis" started.
􀟈  Test silenceProducesNothing() started.
􀟈  Test "the markers themselves never reach the mouth — punctuation, not words" started.
􀟈  Test "the thermometer is read every time — a phone that cools is admitted on the next turn" started.
􀟈  Test "an unclosed thought swallows to the end, and SAYS that it is still holding" started.
􀟈  Test "a template that already opened the thought starts inside it" started.
􀟈  Test "a stray close with no open is harmless, not a crash" started.
􀟈  Test "the plan is the VENDOR's file set, not a list written here" started.
􀟈  Test "temperature and seed reach the vendor when the caller gives them" started.
􀟈  Test "mid-stream: the turn carries the reply's failure, typed, and the health road the same (AC-324, AC-326)" started.
􀟈  Test "in prewarm(), the ask comes before the Task that hops to the model" started.
􀟈  Test "a count already at the threshold returns at once; a rising count wakes the waiter" started.
􀟈  Test "a waiter whose task is cancelled returns false, at once — the cap can end a red test" started.
􀟈  Test "temperature 0 travels as 0 — the greedy path, not a nil that becomes 0.6" started.
􀟈  Test "written run: started once, finished once, in order (MMK_LIVE_SYNTH=1)" started.
􀟈  Test "a DEFIANT <think> is swallowed — layer 1 is a convention, this is the net" started.
􀙟  Test "each variant still costs what this library says it costs" skipped: "set MMK_LIVE_HUB=1 to ask huggingface.co"
􀟈  Test "a smaller cap cuts the same reply into more decodes" started.
􀟈  Test "an exchange in which a tool ran keeps what ran (AC-311)" started.
􀟈  Test "a real reply with a 200 ms deadline ends .finished(.deadline) (AC-264)" started.
􀟈  Test "a turn with neither words nor a tool is still refused (4r's rule, unchanged)" started.
􀟈  Test "a turn where a tool ran and the mind said nothing is kept: the act is the answer (D-119)" started.
􀟈  Test "clearing forgets everything and stays usable" started.
􀟈  Test "an interrupted exchange is kept, and says so" started.
􀟈  Test "a completed exchange carries no mark" started.
􀟈  Test "the budget is paid in whole exchanges" started.
􀟈  Test "the budget reaches maxTokens, and nothing else is invented" started.
􀟈  Test "the refusal is one typed case a caller can count" started.
􀟈  Test "a depth of zero remembers nothing and says so" started.
􀟈  Test "an exchange too large to fit alone is kept alone, over budget" started.
􀟈  Test "an ordinary exchange cannot reach the cliff at the shipped bound" started.
􀟈  Test "the person's words and the mind's stay apart" started.
􀟈  Test "the removed-gate control — a foreign vocabulary lets the reasoning through" started.
􀟈  Test "the next exchange evicts the oversized one, and the bound holds again" started.
􀟈  Test "a remembered tool call is replayed as a CALL and an OUTPUT, not as prose (AC-305)" started.
􀟈  Test "a tool's record counts against the budget (D-119, from D-092)" started.
􀟈  Test "the shipped bound is the measured one, and it clears both limits" started.
􀟈  Test "whitespace on either side is not an exchange" started.
􀟈  Test "an exchange with no question is not recorded" started.
􀟈  Test "record says whether the memory took the exchange" started.
􀟈  Test "two memories holding the same conversation are equal" started.
􀟈  Test "an exchange the mind answered with silence is not recorded" started.
􀟈  Test "a retired voice refuses to open an utterance WITHOUT reaching for the models" started.
􀟈  Test "the library's session is a background session — except in the simulator, which has none" started.
􀟈  Test "a voice that was never retired still opens (the eyes control)" started.
􀟈  Test "retiring a speaking voice cancels the reply in flight (model + MMK_LIVE_SYNTH=1)" started.
􀟈  Test "retiring twice is safe, and the second changes nothing" started.
􀟈  Test "a stream that ends on its own is drained whole, awaited, and reported as not cut" started.
􀟈  Test "a cancel that lands while next() is parked cancels the vendor's task too" started.
􀟈  Test "the budget bites while the depth still has room" started.
􀟈  Test "a cancel that lands while the body runs still cancels the vendor's task, and the drain returns" started.
􀟈  Test "an app's stricter policy refuses at .serious — the INJECTED policy decides (AC-260)" started.
􀟈  Test "heat is asked before the availability verdict (AC-260)" started.
􀟈  Test "a .tooHot door fails the turn honestly; the next turn runs clean; memory is not poisoned" started.
􀟈  Test "the public initialiser defaults to the real thermometer and the shipped policy (AC-260)" started.
􀟈  Test "the thermometer is read once per door, and refusals count (AC-260)" started.
􀟈  Test "the caller's per-call instruction is the system message — Aura's G1" started.
􀟈  Test "an exchange with no tool is kept exactly as before (AC-311)" started.
􀟈  Test "a retired voice refuses ensureModel without loading either" started.
􀟈  Test "a temperature alone is passed through, and sampling stays the vendor's" started.
􀟈  Test "the default refuses at .critical only — each state scripted (AC-260, F-2 = A)" started.
􀟈  Test "the peak is measured before the slow step delivers, not after" started.
􀟈  Test "whitespace alone is not speakable — the case that hung the suite" started.
􀟈  Test "punctuation alone is not speakable" started.
􀟈  Test "ordinary text is speakable" started.
􀟈  Test "other writing systems are speakable" started.
􀟈  Test "digits are speakable — a number is a word out loud" started.
􀟈  Test "a mouth without a mind throws .mouthWithoutMind, at init, before any loop (AC-241)" started.
􀟈  Test "past the depth, the oldest whole exchange is dropped" started.
􀟈  Test "rate limiting and a concurrent request are both .busy" started.
􀟈  Test case passing 2 arguments turns → Config(listenerBufferCapacity: 64, replyGate: 0.0 seconds, maxContextPieces: 0, bargeWindow: 0.0 seconds, maxMemoryTurns: 8, maxMemoryCharacters: 600), expected → maxContextPieces must be at least 1: a ledger that can hold nothing loses the sentence being spoken to "a ledger bound of zero is refused by AIRuntime.init, not trapped in run() (AC-241)" started.
􀟈  Test case passing 2 arguments turns → Config(listenerBufferCapacity: 64, replyGate: 0.0 seconds, maxContextPieces: 16, bargeWindow: 0.0 seconds, maxMemoryTurns: -1, maxMemoryCharacters: 600), expected → maxMemoryTurns must be 0 or more: 0 turns the memory off, a negative depth is not a bound to "a ledger bound of zero is refused by AIRuntime.init, not trapped in run() (AC-241)" started.
􀟈  Test case passing 2 arguments turns → Config(listenerBufferCapacity: 64, replyGate: 0.0 seconds, maxContextPieces: 16, bargeWindow: 0.0 seconds, maxMemoryTurns: 8, maxMemoryCharacters: 0), expected → maxMemoryCharacters must be at least 1: a memory with no room cannot hold half a word to "a ledger bound of zero is refused by AIRuntime.init, not trapped in run() (AC-241)" started.
􀟈  Test "a source that finishes first ends .finished(.unreported) and releases the sleeper (AC-264)" started.
􀟈  Test "the deadline and the last snapshot at once: exactly one terminal (AC-264, the latch)" started.
􀟈  Test "cancel() ends with no terminal and releases the sleeper (AC-264)" started.
􀟈  Test "deadline then finish, and finish then deadline: the second ending is a no-op (AC-264)" started.
􀟈  Test "a never-finishing source ends .finished(.deadline) with the snapshots so far (AC-264)" started.
􀟈  Test "reply(to:) returns Reply("", .deadline) when the clock ends a silent reply (AC-264)" started.
􀟈  Test "no deadline arms no sleeper (AC-264, AC-265)" started.
􀟈  Test case passing 2 arguments value → 84, expected → .int(84) to "the way back: a whole number is an int, the rest are themselves, containers recurse" started.
􀟈  Test case passing 2 arguments value → "today", expected → .string("today") to "the way back: a whole number is an int, the rest are themselves, containers recurse" started.
􀟈  Test case passing 2 arguments value → 83.5, expected → .double(83.5) to "the way back: a whole number is an int, the rest are themselves, containers recurse" started.
􀟈  Test case passing 2 arguments value → .string("today"), expected → "today" to "each JSON kind becomes its ToolValue: numbers to .number, containers carried for the door to refuse" started.
􀟈  Test case passing 2 arguments value → .int(84), expected → 84 to "each JSON kind becomes its ToolValue: numbers to .number, containers carried for the door to refuse" started.
􀟈  Test case passing 2 arguments value → true, expected → .bool(true) to "the way back: a whole number is an int, the rest are themselves, containers recurse" started.
􀟈  Test case passing 2 arguments value → null, expected → .null to "the way back: a whole number is an int, the rest are themselves, containers recurse" started.
􀟈  Test case passing 2 arguments value → .double(83.5), expected → 83.5 to "each JSON kind becomes its ToolValue: numbers to .number, containers carried for the door to refuse" started.
􀟈  Test case passing 2 arguments value → .double(0.25), expected → 0.25 to "each JSON kind becomes its ToolValue: numbers to .number, containers carried for the door to refuse" started.
􀟈  Test case passing 2 arguments value → .bool(true), expected → true to "each JSON kind becomes its ToolValue: numbers to .number, containers carried for the door to refuse" started.
􀟈  Test case passing 2 arguments value → .bool(false), expected → false to "each JSON kind becomes its ToolValue: numbers to .number, containers carried for the door to refuse" started.
􀟈  Test case passing 2 arguments value → .null, expected → null to "each JSON kind becomes its ToolValue: numbers to .number, containers carried for the door to refuse" started.
􀟈  Test case passing 2 arguments value → a list, expected → .array([MLXLMCommon.JSONValue.int(1), MLXLMCommon.JSONValue.string("b")]) to "the way back: a whole number is an int, the rest are themselves, containers recurse" started.
􀟈  Test case passing 2 arguments value → an object, expected → .object(["a": MLXLMCommon.JSONValue.double(0.5)]) to "the way back: a whole number is an int, the rest are themselves, containers recurse" started.
􀟈  Test case passing 1 argument state → .nominal to "the default policy opens at nominal, fair and serious, and refuses at critical" started.
􀟈  Test case passing 1 argument state → .fair to "the default policy opens at nominal, fair and serious, and refuses at critical" started.
􀟈  Test case passing 1 argument state → .serious to "the default policy opens at nominal, fair and serious, and refuses at critical" started.
􀟈  Test case passing 1 argument state → .critical to "the default policy opens at nominal, fair and serious, and refuses at critical" started.
􀟈  Test case passing 2 arguments value → .array([MLXLMCommon.JSONValue.int(1), MLXLMCommon.JSONValue.string("b")]), expected → a list to "each JSON kind becomes its ToolValue: numbers to .number, containers carried for the door to refuse" started.
􀟈  Test case passing 2 arguments value → .object(["zebra": MLXLMCommon.JSONValue.int(1), "apple": MLXLMCommon.JSONValue.string("x")]), expected → an object to "each JSON kind becomes its ToolValue: numbers to .number, containers carried for the door to refuse" started.
􁁛  Test "the cushion RISES when the machine slows — latest-wins in the harmful direction" passed after 0.361 seconds.
􁁛  Test "a failed run before any finished one leaves the learner empty" passed after 0.362 seconds.
􁁛  Test "a failed run teaches nothing — its truncated length stays out of the window" passed after 0.362 seconds.
􁁛  Test "no exchanges renders exactly the 4r chat" passed after 0.362 seconds.
􁁛  Test "one exchange is an assistant turn carrying the call, then a tool turn carrying the answer" passed after 0.362 seconds.
􁁛  Test "a brace that was not a call is text after all, flushed at the end" passed after 0.363 seconds.
􁁛  Test "the weight URLs carry no identifier — no query, no user, no fragment" passed after 0.362 seconds.
􁁛  Test "a credential cannot hide a host, and a substring is not a match" passed after 0.362 seconds.
􁁛  Test "words before the call are spoken; the call's arguments arrive typed — the model's 2 is a number" passed after 0.363 seconds.
􀟈  Test "the model reports honestly whether it is installed — asking triggers nothing" started.
􀟈  Test "a missing model is refused at the door, not discovered mid-reply" started.
􀟈  Test "the runtime guard answers, and says WHERE it found the shaders" started.
􀟈  Test "a cancelled REAL reply ends without a terminal" started.
􀟈  Test "the REAL source is wired to the door — it refuses what is not installed" started.
􀟈  Test "a REAL reply: tokens then one terminal, and NO reasoning is spoken" started.
􀟈  Test "WARM, the first token is fast — the cold 1.9 s is the load, not the model" started.
􁁛  Test "plain text passes through as tokens, one per piece" passed after 0.363 seconds.
􁁛  Test "a call still buffered at end of sequence is parsed by finish()" passed after 0.363 seconds.
􁁛  Test "a host is a host: ports and trailing punctuation are stripped" passed after 0.362 seconds.
􁁛  Test "the scanner reports a host the document does not name" passed after 0.362 seconds.
􁁛  Test "the required-reason cross-check accepts a used API that IS declared" passed after 0.363 seconds.
􁁛  Test "a tagged call is collected silently and emitted whole when its end tag arrives" passed after 0.364 seconds.
􁁛  Test "the manifest guard names a new library product that declares none" passed after 0.363 seconds.
􁁛  Test "the host list states the credential caveat AC-254 cannot prove away" passed after 0.363 seconds.
􁁛  Test "the credential scan reports a credential attached the ordinary way" passed after 0.363 seconds.
􁁛  Test "the list names the hub the MLX weight fetch reaches, which no literal in Sources/ names" passed after 0.364 seconds.
􁁛  Test "retire hands back what was held, and the next call builds again" passed after 0.363 seconds.
􁁛  Test "a build that throws leaves nothing resident, and does not wedge the queue" passed after 0.363 seconds.
􁁛  Test "a second call after the first finished does not rebuild" passed after 0.363 seconds.
􁁛  Test "N lever changes leave exactly one resident — AC-145's shape" passed after 0.363 seconds.
􁁛  Test "absence is said in words, and it names EVERY neighbourhood" passed after 0.373 seconds.
􁁛  Test "an unreadable directory is named even beside a success" passed after 0.373 seconds.
􁁛  Test "every linked module ships a privacy manifest, declared in Package.swift" passed after 0.373 seconds.
􁁛  Test "each manifest declares no collection and no tracking" passed after 0.373 seconds.
􁁛  Test "the proofs block names the file each check lives in" passed after 0.373 seconds.
􁁛  Test "the same directory passed twice is surveyed once" passed after 0.373 seconds.
􁁛  Test "a clear in which every delete failed never says 'cleared'" passed after 0.373 seconds.
􁁛  Test "a plain FILE is measured at its real size, not zero" passed after 0.373 seconds.
􁁛  Test "a directory the control cannot read is reported as such, not as empty" passed after 0.373 seconds.
􀟈  Test "a failure re-seeds the next turn from the memory, and the trace says why (AC-307)" started.
􁁛  Test "a row carries the conditions sampled for that row, not the sweep's first" passed after 0.376 seconds.
􁁛  Test "two exchanges keep their order — the template pairs a call with its result by order" passed after 0.377 seconds.
􁁛  Test "reset happens AFTER prepare — the row counts the run, not the setup" passed after 0.377 seconds.
􁁛  Test "each row is prepare → reset → sample → measure, in that order" passed after 0.377 seconds.
􁁛  Test "an empty directory holds: [nothing] — the line C rests on" passed after 0.378 seconds.
􁁛  Test "runsEach of zero measures nothing — it does not halt the process" passed after 0.377 seconds.
􁁛  Test "a reply that never spoke prints an em dash, never 0 ms" passed after 0.377 seconds.
􁁛  Test "every configuration is prepared before it is measured, every run" passed after 0.377 seconds.
􀙟  Test "the row being measured when the cancel lands is DROPPED, not published" was cancelled after 0.377 seconds.
􁁛  Test "a completed sweep restores exactly once" passed after 0.377 seconds.
􀟈  Test "the real mind calls a tool with a parameter, and the body reads the number (AC-269, Apple half)" started.
􀟈  Test "the real mind calls the session tool and speaks its answer (AC-223)" started.
􀟈  Test "a throwing tool is answered in words and the real reply still ends .finished (AC-276, F-4 = B)" started.
􀟈  Test "first-token latency, with and without the tool in the session (AC-228, Mac half)" started.
􀙟  Test "cancellation keeps the rows already measured, and still restores" was cancelled after 0.377 seconds.
􁁛  Test "a matching SYMLINK is not ours to delete, and the target survives" passed after 0.379 seconds.
􁁛  Test "durations render as whole milliseconds" passed after 0.377 seconds.
􁁛  Test "a throw part-way keeps every row already measured" passed after 0.377 seconds.
􁁛  Test "a device that cannot answer prints an em dash, never 0 MB" passed after 0.378 seconds.
􁁛  Test "the phone sweep does not include a decoder that cannot load there" passed after 0.378 seconds.
􀟈  Test "THE MILESTONE: the second turn is shown the first, in roles (AC-190/AC-191)" started.
􀟈  Test "REGRESSION: a final that beat its own onset is answered ONCE, never twice" started.
􀟈  Test "THE DESYNC REGRESSION (D-034): an onset this listener never saw cannot corrupt later turns" started.
􀟈  Test "A final arriving BEFORE its own speechStarted waits, then drives the turn; a duplicate final is dropped at the door" started.
􀟈  Test "An interruption ends the live turn like a failure — not a barge" started.
􀟈  Test "A reply that finishes with zero tokens completes the turn; speaking never happens" started.
􀟈  Test "MEMBERSHIP (AC-86): partials, ceilings and failures put nothing in the thought" started.
􀟈  Test "a failed turn is never remembered, and keeps its words (AC-194)" started.
􀟈  Test "a barge before the first token loses nothing (F-5 = A)" started.
􀟈  Test "completion forgets and remembers in the same step (AC-195)" started.
􀟈  Test "Interrupting while idle publishes nothing at all" started.
􀟈  Test "A reply that fails MID-STREAM while speaking: turnFailed, the mouth is cancelled, the next turn runs clean" started.
􀟈  Test "A ZERO-TOKEN reply also forgets the thought — F-2's second clear site" started.
􀟈  Test "stop() during the gate: clean end, no generator, no sleeping child left behind" started.
􀟈  Test "The default gate is zero — 4a byte for byte (the untouched suite is the proof; this pins the default)" started.
􀟈  Test "Barge-in during speaking: defiant synthesizer's late 'finished' cannot complete the dead turn" started.
􀟈  Test "Turn latency = final accepted → the started evidence: exact on a manual clock" started.
􀟈  Test "A stale settled final never opens thinking; a future final waits for its onset — identity decides, deterministically" started.
􀟈  Test "The user's utterance itself fails to become text: the turn ends as transcriptionFailed, the loop lives on" started.
􀟈  Test "Barge-in during thinking, before any token: the dead turn's ghost tokens never surface" started.
􀟈  Test "An empty final is NOT rescued into a reply by a full ledger (AC-87)" started.
􀟈  Test "A barge moves the thought into the conversation, not into the next question (D-089)" started.
􀟈  Test "CRITICAL: a generator that throws AFTER an interruption must not fail the turn twice" started.
􀟈  Test "The gate holds the generator shut, then expiry opens thinking at the exact instant" started.
􀟈  Test "The synthesizer refuses to open: turnFailed with the reason, the reply run is cancelled, the next turn runs clean" started.
􁁛  Test "a stage that throws mid-sweep still gets its settings back" passed after 0.392 seconds.
􀟈  Test "A generator failure ends the turn, not the coordinator; the next turn runs clean" started.
􀟈  Test "An onset one tick before expiry wins the race" started.
􀟈  Test "A synthesizer failure mid-speech ends the turn; the reply run AND the mouth are cancelled" started.
􀟈  Test "The refused final contributes content and still triggers nothing (AC-87)" started.
􀟈  Test "Input exhaustion ends the loop gracefully: run() returns and listeners finish, no stop() needed" started.
􀟈  Test "the coordinator passes the default options (AC-231)" started.
􀟈  Test "A whitespace-only final produces no reply: back to idle, generator untouched" started.
􀟈  Test "An onset during the gate kills the pending reply silently; the next final gates again" started.
􀟈  Test "Rapid double barge: two dead turns, the third completes; exact event sequence" started.
􀟈  Test "stop() mid-speaking: streams finish, both stage runs are cancelled, nothing publishes after" started.
􀟈  Test "A failed turn keeps its words — nothing answered them (AC-89)" started.
􀟈  Test "A pre-interruption final arriving AFTER resume must not rejoin the thought" started.
􀟈  Test "CRITICAL: a synthesizer that throws AFTER an interruption must not fail the turn twice" started.
􀟈  Test "A dead turn cannot speak after an interruption — defiant stages included" started.
􀟈  Test "an interruption keeps the conversation and drops the thought (AC-196)" started.
􀟈  Test "stop() mid-accumulation ends clean and publishes nothing after (AC-90)" started.
􀟈  Test "A completed reply forgets the thought; the next turn starts clean (AC-89)" started.
􀟈  Test "resume() forgets the thought — a call is a break in the conversation (F-5)" started.
􀟈  Test "A stale final during the gate is dropped at the door; the armed reply survives it" started.
􀟈  Test "a reply of no tokens is answered, and not remembered" started.
􀟈  Test "Barge-in MID-GENERATION: tokens flowing, mouth open but still silent — both runs die; a ghost 'started' cannot flip the new turn" started.
􀟈  Test "The interrupted thought SURVIVES — nothing answered it (D-040 F-2 inherited)" started.
􀟈  Test "all-silent audio reports nothing rather than dividing by zero" started.
􀟈  Test "One full turn: listening → thinking → speaking → idle, tokens included, exact sequence" started.
􀟈  Test "the cushion's own silence is not counted against it" started.
􀟈  Test "clearMemory() forgets the past and leaves the thought alone" started.
􀟈  Test "runs below the minimum are not gaps" started.
􀟈  Test "run() returns after an interruption even when the inputs ended first" started.
􀟈  Test "a gap inside the speech is found, with its length" started.
􀟈  Test "The context bound is the app's number, and its default is stated" started.
􀟈  Test "A defiant token AFTER the reply finished is dropped: not published, not fed to the mouth" started.
􀟈  Test "a zero minimum still needs a real run, not every sample boundary" started.
􀟈  Test "many small gaps are counted and summed — the starvation shape" started.
􀟈  Test "Cancel latency is exactly zero in mock time — teardown has no clock waits; a dead turn reports nothing" started.
􀟈  Test "Lifecycle negative space: a second run() returns at once; stop() is idempotent; after stop the state is idle and listeners finish immediately" started.
􀟈  Test "A final STASHED before an interruption is not replayed after resume" started.
􀟈  Test "quiet speech is speech, not a dropout" started.
􀟈  Test "continuous speech has no dropouts" started.
􀟈  Test "THE MILESTONE: a thought spoken in two sentences reaches the generator whole" started.
􀟈  Test "asking a model-backed engine anything costs no network and no download" started.
􀟈  Test "the library's own models know their size; the app's model does not pretend to" started.
􁁛  Test "clear deletes from EVERY directory and reports each with its place" passed after 0.394 seconds.
􀟈  Test "a variant this library never measured answers nil, not a guess" started.
􀟈  Test "no window number means no refusal — the library does not refuse on a number it lacks" started.
􀟈  Test "a prompt that leaves room for one reply token fits" started.
􀟈  Test "a prompt that fills or exceeds the window is refused — nothing could be said" started.
􀟈  Test "the window is read from config.json's max_position_embeddings, and absent is nil" started.
􁁛  Test "a sane format passes the check — the guard is not simply always-no" passed after 0.392 seconds.
􁁛  Test "the refusal carries the numbers, so a report says what was wrong" passed after 0.392 seconds.
􁁛  Test "per-call maxTokens replaces the source's own" passed after 0.392 seconds.
􁁛  Test "nil maxTokens keeps the source's default — 1024 since F-6 = A" passed after 0.392 seconds.
􁁛  Test "the survey reaches every directory, and an entry says where it was found" passed after 0.394 seconds.
􁁛  Test "nil on both sides means NO system message, as before 4v" passed after 0.392 seconds.
􀟈  Test "Every adjacent state pair across a multi-turn run is in the legal table" started.
􀟈  Test "stop() ends the conversation's memory (F-4 = A)" started.
􁁛  Test "without an expected total, both byte fields are nil — a fraction is all that is known" passed after 0.392 seconds.
􁁛  Test "temperature and seed travel; nil leaves the vendor's default untouched" passed after 0.392 seconds.
􁁛  Test "the table is the shape INSTRUMENTS already uses" passed after 0.393 seconds.
􁁛  Test "with an expected total, received is fraction × expected" passed after 0.392 seconds.
􁁛  Test "the exact boundary starts — the target is a floor, not a fence" passed after 0.392 seconds.
􁁛  Test "an expected total at the edge of Int64 is not a trap" passed after 0.393 seconds.
􁁛  Test "a zero target reproduces the un-buffered behaviour exactly" passed after 0.393 seconds.
􁁛  Test "an abandoned reply starts nothing, before or after the target" passed after 0.393 seconds.
􁁛  Test "enough audio queued starts playback" passed after 0.393 seconds.
􁁛  Test "empty audio moves nothing" passed after 0.393 seconds.
􁁛  Test "the whole resolution is one Equatable value — the door hands it on, whole" passed after 0.393 seconds.
􁁛  Test "a decoder that keeps ahead needs no lead at all" passed after 0.393 seconds.
􁁛  Test "a reply that ends before the lead still plays" passed after 0.393 seconds.
􁁛  Test "the sizing rule covers a measured deficit" passed after 0.393 seconds.
􁁛  Test "the end of the reply cannot re-start an already-playing reply" passed after 0.392 seconds.
􀟈  Test "The app's context bound reaches the ledger and drops the oldest through the loop" started.
􁁛  Test "the fraction is clamped to 0…1 — the client has reported outside it" passed after 0.393 seconds.
􁁛  Test "with the mind resident it refuses, and changes nothing" passed after 0.394 seconds.
􁁛  Test "below the target waits, however many buffers arrive" passed after 0.393 seconds.
􁁛  Test "the Mac's first reply is under-cushioned, by a number we know" passed after 0.392 seconds.
􁁛  Test "a decoder that keeps up gets no first-reply cushion either" passed after 0.392 seconds.
􁁛  Test "a fresh learner offers no cushion at all" passed after 0.392 seconds.
􁁛  Test "per-call instructions replace the source's own for that call" passed after 0.393 seconds.
􁁛  Test "a silent reply starts nothing" passed after 0.395 seconds.
􁁛  Test "the download's doc comment states that the transfer survives the background, and what a stopped one keeps" passed after 0.397 seconds.
SKIPPED (no MMK_MLX_MODEL or no metallib) — set MMK_MLX_MODEL and run Scripts/metallib.sh to make this test REAL
􁁛  Test "an unknown headroom with a memory need is NOT a refusal" passed after 0.397 seconds.
􁁛  Test "only the Simulator verdict says Simulator" passed after 0.397 seconds.
􁁛  Test "every verdict, one row each, and the healthy phone is ready" passed after 0.397 seconds.
􁁛  Test "an unverified install counts as installed" passed after 0.397 seconds.
􁁛  Test "versions compare as numbers, not as words" passed after 0.397 seconds.
􁁛  Test "the platform knows both floors: the library's and the Apple mind's" passed after 0.397 seconds.
􁁛  Test "a report that trips two rules gets the first one" passed after 0.397 seconds.
􁁛  Test "a NaN fraction is 0, never a trap" passed after 0.397 seconds.
􁁛  Test "the floor is rendered with the report's platform name" passed after 0.397 seconds.
􁁛  Test "headroom exactly equal to the need is enough" passed after 0.397 seconds.
􁁛  Test "a mind that claims no memory is never refused for memory" passed after 0.397 seconds.
􁁛  Test "a decode can keep up on average and still have needed a cushion" passed after 0.397 seconds.
􁁛  Test "the configurations that never starved all read keepsUp" passed after 0.397 seconds.
􁁛  Test "the configurations that DID starve all read not-keepsUp" passed after 0.397 seconds.
􁁛  Test "the hub client's crashing background switch is asked for nowhere in the MLX module" passed after 0.400 seconds.
􁁛  Test "exactly real time is not keeping up" passed after 0.397 seconds.
SKIPPED (no MMK_MLX_MODEL or no metallib) — set MMK_MLX_MODEL and run Scripts/metallib.sh to make this test REAL
􁁛  Test "the working-set estimate is the safetensors bytes × 1.5 — the measured phone peaks" passed after 0.405 seconds.
􁁛  Test "the default fetcher is the background one, and it moves bytes through ModelDownloader" passed after 0.408 seconds.
􁁛  Test "a RESIDENT model claims no memory, and retire() gives the claim back" passed after 0.405 seconds.
􁁛  Test "the working-set estimate saturates instead of trapping, like the manifest's own sum" passed after 0.405 seconds.
􁁛  Test "a memory-tight phone that has not loaded yet still opens the door" passed after 0.405 seconds.
􁁛  Test "playback starts exactly once, however much more arrives" passed after 0.405 seconds.
􁁛  Test "a caller's fake drives a complete install, with progress and a manifest" passed after 0.406 seconds.
􁁛  Test "the door's needs are the platform's floor and NO memory claim" passed after 0.405 seconds.
􁁛  Test "a call after it has finished does nothing at all" passed after 0.405 seconds.
􁁛  Test "the steps run in the order they were given" passed after 0.405 seconds.
􁁛  Test "THE ORDER THAT KILLS: the voice must precede the mind" passed after 0.405 seconds.
􁁛  Test "the report names every matching directory and its bytes" passed after 0.393 seconds.
􁁛  Test "it says whether it has run" passed after 0.406 seconds.
􁁛  Test "an unchanged snapshot is nothing to say, not a violation" passed after 0.411 seconds.
􁁛  Test "a SHRUNKEN snapshot throws — shorter cannot extend" passed after 0.411 seconds.
􁁛  Test "multi-byte text diffs at character boundaries, not bytes" passed after 0.411 seconds.
􁁛  Test "a REWRITE of emitted text throws, carrying both sides" passed after 0.411 seconds.
􁁛  Test "after a violation the differ vouches for nothing new" passed after 0.411 seconds.
􁁛  Test "a combining mark landing on spoken text fires the tripwire" passed after 0.411 seconds.
􁁛  Test "the first snapshot is emitted whole, even when empty" passed after 0.411 seconds.
􁁛  Test "forget puts it back to knowing nothing" passed after 0.411 seconds.
􁁛  Test "a verdict's words never say Simulator on a machine that is not one" passed after 0.412 seconds.
􁁛  Test "the iPhone's measured 1.21 asks for about 1.26 s, not 396 ms" passed after 0.411 seconds.
􁁛  Test "an absent model's verdict is typed, and the door throws it as ReplyFailure.unavailable" passed after 0.412 seconds.
SKIPPED (no MMK_MLX_MODEL or no metallib) — set MMK_MLX_MODEL and run Scripts/metallib.sh to make this test REAL
􁁛  Test "nil instructions keep the source's own" passed after 0.411 seconds.
􁁛  Test "the working-set estimate is 0 for absent weights — no claim on a number we do not have" passed after 0.415 seconds.
􁁛  Test "the most recent reply wins — a bad sample costs one reply, not a session" passed after 0.415 seconds.
􁁛  Test "the microphone host still refuses when it is not capturing" passed after 0.421 seconds.
􁁛  Test "a machine that keeps up is given no cushion at all" passed after 0.415 seconds.
􁁛  Test "the size sums exactly the files the download's glob would fetch" passed after 0.415 seconds.
􁁛  Test "it knows nothing until something has been decoded" passed after 0.415 seconds.
SKIPPED (no MMK_MLX_MODEL or no shader library) — set MMK_MLX_MODEL and run Scripts/metallib.sh to make this test REAL
􁁛  Test "cumulative snapshots become exactly their new suffixes" passed after 0.416 seconds.
􁁛  Test ".cancelled is nil — a cancelled run has no terminal to report" passed after 0.418 seconds.
􁁛  Test ".length is .tokenBudget — the cap cut it" passed after 0.418 seconds.
􁁛  Test ".stop is .complete — the model ended its own turn" passed after 0.418 seconds.
􁁛  Test "before any reply, the voice uses the decoder's constant" passed after 0.419 seconds.
􁁛  Test "a human's number outranks the machine's — D-068 D" passed after 0.419 seconds.
􁁛  Test "the hint is stored as given, and absent by default" passed after 0.420 seconds.
􁁛  Test "a deficit repaid before the end still had to be banked" passed after 0.454 seconds.
􁁛  Test "a uniformly slow decode asks for its accumulated deficit" passed after 0.454 seconds.
􁁛  Test "a long prefill delays the start and is NOT banked as cushion" passed after 0.454 seconds.
􁁛  Test "no steps at all is zero, not a guess" passed after 0.457 seconds.
􁁛  Test "a decoder faster than the ear waits only for its first buffer" passed after 0.457 seconds.
􁁛  Test "consecutive small overruns accumulate — the worst STEP would miss them" passed after 0.459 seconds.
􁁛  Test "a reply with only short pauses still reports its longest" passed after 0.459 seconds.
􁁛  Test "a pause split across buffers is ONE pause" passed after 0.461 seconds.
􁁛  Test "after a reply, the voice uses what THIS machine managed" passed after 0.463 seconds.
􁁛  Test "a failure after the move over a caller's tree keeps that tree, and never locks the model out" passed after 0.467 seconds.
􁁛  Test "exactly the gap counts" passed after 0.462 seconds.
􁁛  Test "the silence before the first sound and after the last is not a pause inside the answer" passed after 0.462 seconds.
􁁛  Test "a pause longer than the gap counts; a shorter one does not; the longest is kept" passed after 0.463 seconds.
􁁛  Test "what is in force names every lever that was actually built" passed after 0.462 seconds.
􁁛  Test "both markers present — the two ids are read from the vocabulary" passed after 0.462 seconds.
􁁛  Test "the default voice is Kokoro, which is what D-084 ruled" passed after 0.463 seconds.
􁁛  Test "quiet is not silence: a soft stretch above the level is sound" passed after 0.463 seconds.
􁁛  Test "the REAL model's config yields 151667/151668 (model config; skips if absent)" passed after 0.466 seconds.
􁁛  Test "a voice that keeps up says it needs no cushion" passed after 0.466 seconds.
􁁛  Test "an unknown voice is refused in our words, never guessed" passed after 0.466 seconds.
􁁛  Test "the voice lever parses in both directions" passed after 0.466 seconds.
􁁛  Test "--decoder=banana is refused in our words, never silently .fused" passed after 0.466 seconds.
􁁛  Test "HALF a vocabulary throws rather than guesses" passed after 0.466 seconds.
􁁛  Test "the model reaches the voice, and the display names it" passed after 0.466 seconds.
􁁛  Test "--mouth is still not this lever's flag" passed after 0.466 seconds.
􁁛  Test "the small model parses with the token the phone persists" passed after 0.466 seconds.
􁁛  Test "the factory builds the voice the lever names" passed after 0.466 seconds.
􁁛  Test "a measured cushion is labelled as measured, a typed one is not" passed after 0.467 seconds.
􁁛  Test "a model that does not reason out loud is nil, not an error" passed after 0.467 seconds.
􁁛  Test "choosing Kokoro keeps Qwen's knobs untouched" passed after 0.467 seconds.
􁁛  Test "the phone's default is not a decoder the phone cannot load" passed after 0.467 seconds.
􁁛  Test "CONTROL: .fused really does load here, so an iOS refusal means something" passed after 0.467 seconds.
􁁛  Test "the refusal names the flag, the wrong value, and the allowed tokens" passed after 0.467 seconds.
􁁛  Test "no flags means base, untouched — lead stays derivable" passed after 0.467 seconds.
􁁛  Test "each voice reports its own levers, not the other's" passed after 0.467 seconds.
􁁛  Test "every flag reaches the levers, in the app's own tokens" passed after 0.467 seconds.
􁁛  Test "every lever reaches the voice that gets built" passed after 0.467 seconds.
􁁛  Test "no lead given means the cushion is still derived, not zeroed" passed after 0.467 seconds.
􁁛  Test "when the picker and the built voice disagree, the voice wins" passed after 0.467 seconds.
􁁛  Test "a voice that cannot keep up shows the cushion in milliseconds" passed after 0.467 seconds.
􁁛  Test "a short reply after a long one lowers the cushion — the known cost" passed after 0.467 seconds.
􁁛  Test "a stall repaid by the end still sizes the cushion" passed after 0.467 seconds.
􁁛  Test "a uniformly slow decode sizes the same as it always did" passed after 0.467 seconds.
􁁛  Test "a decoder that keeps up is asked for no cushion" passed after 0.467 seconds.
􁁛  Test "an unreadable number is refused, not shrugged into the default" passed after 0.468 seconds.
􁁛  Test "`lead` still reports what the voice was born with" passed after 0.470 seconds.
􁁛  Test "no step record means no learned cushion, not a guessed one" passed after 0.470 seconds.
􁁛  Test "a file that is not a tokenizer configuration is refused" passed after 0.472 seconds.
􁁛  Test "a 0 Hz format is refused by name, not by crashing" passed after 0.479 seconds.
􁁛  Test "an unfinished reply still teaches nothing" passed after 0.471 seconds.
􁁛  Test "a microphone that has not started is not watching, and says so" passed after 0.470 seconds.
􁁛  Test "detaching a node that was never attached is harmless" passed after 0.470 seconds.
􁁛  Test "attaching to a microphone that is not capturing fails loudly" passed after 0.470 seconds.
􁁛  Test "a declared host is either named in Sources/ or declared as never called" passed after 0.483 seconds.
􁁛  Test "every host in Sources/ is named in docs/HOSTS.md" passed after 0.482 seconds.
􁁛  Test "a host that is torn down keeps no nodes" passed after 0.471 seconds.
􁁛  Test "a host that borrowed an engine never stops it" passed after 0.471 seconds.
􁁛  Test "zero samples means the phase measured nothing, and the line says why" passed after 0.471 seconds.
􁁛  Test "a phase with real samples gets no announcement — one sample included" passed after 0.471 seconds.
􁁛  Test "both variants resolve to the SAME tokenizer folder" passed after 0.473 seconds.
􁁛  Test "the folder ends in the vendor's constant, quoted" passed after 0.473 seconds.
􁁛  Test "every unavailability reason describes itself in honest words" passed after 0.479 seconds.
􁁛  Test "a real reading reports both a number and that it is measuring" passed after 0.480 seconds.
􁁛  Test "the error names the variant and the reason, in our words" passed after 0.481 seconds.
􁁛  Test "CONTROL: a true verdict passes the guard — the tripwire behind it fires instead" passed after 0.481 seconds.
􁁛  Test "nil verdict defaults to the vendor, which says yes on this Mac" passed after 0.481 seconds.
􁁛  Test "every unavailable reason is distinct — a caller can tell them apart" passed after 0.481 seconds.
􁁛  Test "openUtterance refuses through the same door" passed after 0.481 seconds.
􁁛  Test "the way back: a whole number is an int, the rest are themselves, containers recurse" with 7 test cases passed after 0.483 seconds.
􁁛  Test "on this Mac the reader refuses to invent a number" passed after 0.483 seconds.
􁁛  Test "a call with no arguments is a request with none — the spike's read" passed after 0.483 seconds.
􁁛  Test "84 as an int and 84.0 as a double are one value (F-13 b)" passed after 0.483 seconds.
􁁛  Test "the vendor's ToolCall becomes the seam's request, name kept, arguments typed" passed after 0.484 seconds.
􁁛  Test "each JSON kind becomes its ToolValue: numbers to .number, containers carried for the door to refuse" with 9 test cases passed after 0.484 seconds.
􁁛  Test "a refused variant throws OUR error and never reaches for the models" passed after 0.486 seconds.
􁁛  Test "detaching a node that is attached but wired to nothing is a no-op" passed after 0.488 seconds.
􁁛  Test "measuredRealTimeFactor provides platform-calibrated values" passed after 0.485 seconds.
􁁛  Test "an explicit lead still wins — the derivation is a default, not a law" passed after 0.485 seconds.
􁁛  Test "the CONSTANT is `.fused`'s cushion, and passing it to `.stepped` is the bug" passed after 0.485 seconds.
􁁛  Test "`.stepped` needs one — it decodes slower than real time" passed after 0.485 seconds.
􁁛  Test "`.fused` needs no cushion — it decodes faster than the ear drinks" passed after 0.485 seconds.
􁁛  Test "platform-refused AND retired says the platform's no — order is load-bearing" passed after 0.485 seconds.
􁁛  Test "the two decoders do NOT get the same cushion" passed after 0.485 seconds.
􁁛  Test "a long reply raises the cushion, and four short ones retire it" passed after 0.485 seconds.
SKIPPED (no MMK_MLX_MODEL or no metallib) — set MMK_MLX_MODEL and run Scripts/metallib.sh to make this test REAL
􁁛  Test "the reply's LENGTH reaches the window — the assertion §48 was missing" passed after 0.485 seconds.
􁁛  Test "exhausted and unavailable are never the same answer" passed after 0.487 seconds.
􁁛  Test "forget empties the window — no lengths survive a decoder change" passed after 0.485 seconds.
􁁛  Test "a plain engine host attaches, renders, and gives the node back" passed after 0.489 seconds.
􁁛  Test "a host that made its own engine stops it" passed after 0.488 seconds.
SKIPPED (the on-device model is still downloading — try later) — an OS-26 machine with the on-device model ready makes this test REAL
􁁛  Test "the measured window cannot swallow the shortest real utterance" passed after 0.487 seconds.
􁁛  Test "tearing down after the engine stopped is safe" passed after 0.492 seconds.
􁁛  Test "the RTF stays latest-wins while the length is windowed" passed after 0.489 seconds.
􁁛  Test "exactly the minimum ratio is accepted" passed after 0.489 seconds.
􁁛  Test "a voice barely above the room cannot carry a gate" passed after 0.489 seconds.
􁁛  Test "the window is the MEAN of the last four lengths" passed after 0.489 seconds.
􁁛  Test "the gate always sits strictly below the speech it must pass" passed after 0.490 seconds.
􁁛  Test "a quiet room and a normal voice put the gate between them" passed after 0.490 seconds.
􁁛  Test "no speech at all is refused rather than guessed" passed after 0.490 seconds.
􁁛  Test "a perfectly silent room still yields a usable gate" passed after 0.490 seconds.
􁁛  Test "the midpoint is geometric — equally clear of both mistakes" passed after 0.495 seconds.
􁁛  Test "a table the check passed renders exactly the pinned bytes — the rendering never sees a duplicate" passed after 0.495 seconds.
􁁛  Test "a band with showsRange renders minimum and maximum in the property" passed after 0.495 seconds.
􁁛  Test "one tool renders as a function spec with an empty object of parameters" passed after 0.495 seconds.
􁁛  Test "parameters render one property each with its JSON type and sentence, and `required` names the required ones" passed after 0.495 seconds.
􁁛  Test "an empty table renders nil, not []; a table renders one spec per tool" passed after 0.495 seconds.
􁁛  Test "nil on both sides is NO system message at all — the voice path, unchanged" passed after 0.495 seconds.
􁁛  Test "nil per-call instructions leave the source's own as the system message" passed after 0.495 seconds.
􁁛  Test "all-optional parameters render properties and no `required` key" passed after 0.495 seconds.
􁁛  Test "the past arrives in roles, and a barged reply ends in the ellipsis" passed after 0.495 seconds.
􁁛  Test "the markers themselves never reach the mouth — punctuation, not words" passed after 0.495 seconds.
􁁛  Test "a band with showsRange false renders nothing of it" passed after 0.495 seconds.
􁁛  Test "a stray close with no open is harmless, not a crash" passed after 0.495 seconds.
􁁛  Test "an unclosed thought swallows to the end, and SAYS that it is still holding" passed after 0.495 seconds.
􁁛  Test "a template that already opened the thought starts inside it" passed after 0.495 seconds.
􁁛  Test "temperature and seed reach the vendor when the caller gives them" passed after 0.495 seconds.
􁁛  Test "temperature 0 travels as 0 — the greedy path, not a nil that becomes 0.6" passed after 0.495 seconds.
􁁛  Test "a DEFIANT <think> is swallowed — layer 1 is a convention, this is the net" passed after 0.495 seconds.
􁁛  Test "the budget reaches maxTokens, and nothing else is invented" passed after 0.496 seconds.
􁁛  Test "the removed-gate control — a foreign vocabulary lets the reasoning through" passed after 0.496 seconds.
􁁛  Test "a retired voice refuses to open an utterance WITHOUT reaching for the models" passed after 0.497 seconds.
􁁛  Test "the library's session is a background session — except in the simulator, which has none" passed after 0.497 seconds.
􁁛  Test "a voice that was never retired still opens (the eyes control)" passed after 0.497 seconds.
􁁛  Test "retiring a speaking voice cancels the reply in flight (model + MMK_LIVE_SYNTH=1)" passed after 0.497 seconds.
􁁛  Test "retiring twice is safe, and the second changes nothing" passed after 0.497 seconds.
􁁛  Test "the caller's per-call instruction is the system message — Aura's G1" passed after 0.497 seconds.
􁁛  Test "a retired voice refuses ensureModel without loading either" passed after 0.497 seconds.
􁁛  Test "between its markers the handler is the one hop: no await of its own, no MLX call, no work" passed after 0.498 seconds.
􁁛  Test "the peak is measured before the slow step delivers, not after" passed after 0.497 seconds.
􁁛  Test "whitespace alone is not speakable — the case that hung the suite" passed after 0.494 seconds.
􁁛  Test "punctuation alone is not speakable" passed after 0.493 seconds.
􁁛  Test "ordinary text is speakable" passed after 0.493 seconds.
􁁛  Test "other writing systems are speakable" passed after 0.493 seconds.
􁁛  Test "digits are speakable — a number is a word out loud" passed after 0.493 seconds.
􁁛  Test "in prewarm(), the ask comes before the Task that hops to the model" passed after 0.499 seconds.
􁁛  Test "a tree that matches its manifest is .installed" passed after 0.499 seconds.
􁁛  Test "a complete download writes manifest.json listing every file at its byte count" passed after 0.502 seconds.
SKIPPED (the on-device model is still downloading — try later) — an OS-26 machine with the on-device model ready makes this test REAL
SKIPPED (the on-device model is still downloading — try later) — an OS-26 machine with the on-device model ready makes this test REAL
􁁛  Test "the model is the only subscriber in the module" passed after 0.534 seconds.
􁁛  Test "a host takes several replies in turn" passed after 0.635 seconds.
􁁛  Test "detaching a node the engine already dropped is a no-op, not a crash" passed after 0.636 seconds.
􁁛  Suite "what the learner refuses to learn" passed after 0.672 seconds.
􁁛  Suite "4w · the exchanges are appended after the question, in the template's roles" passed after 0.672 seconds.
􁁛  Suite "4w · the sieve turns decoded pieces into text and .toolCall events" passed after 0.672 seconds.
SKIPPED (no MMK_MLX_MODEL) — set MMK_MLX_MODEL and run Scripts/metallib.sh to make this test REAL
SKIPPED (no MMK_MLX_MODEL) — set MMK_MLX_MODEL and run Scripts/metallib.sh to make this test REAL
SKIPPED (no MMK_MLX_MODEL or no metallib) — set MMK_MLX_MODEL and run Scripts/metallib.sh to make this test REAL
SKIPPED (no MMK_MLX_MODEL or no metallib) — set MMK_MLX_MODEL and run Scripts/metallib.sh to make this test REAL
SKIPPED (no MMK_MLX_MODEL or no metallib) — set MMK_MLX_MODEL and run Scripts/metallib.sh to make this test REAL
􁁛  Suite "the compiled-plan cache control does not lie" passed after 0.673 seconds.
􁁛  Suite "the bench sweep" passed after 0.673 seconds.
􁁛  Test "all-silent audio reports nothing rather than dividing by zero" passed after 0.285 seconds.
􁁛  Test "the cushion's own silence is not counted against it" passed after 0.288 seconds.
􁁛  Test "runs below the minimum are not gaps" passed after 0.288 seconds.
􁁛  Test "a gap inside the speech is found, with its length" passed after 0.291 seconds.
􁁛  Test "a zero minimum still needs a real run, not every sample boundary" passed after 0.291 seconds.
􁁛  Test "many small gaps are counted and summed — the starvation shape" passed after 0.293 seconds.
􁁛  Test "quiet speech is speech, not a dropout" passed after 0.293 seconds.
􁁛  Test "continuous speech has no dropouts" passed after 0.293 seconds.
􁁛  Test "no window number means no refusal — the library does not refuse on a number it lacks" passed after 0.296 seconds.
􁁛  Test "a prompt that leaves room for one reply token fits" passed after 0.296 seconds.
􁁛  Test "a prompt that fills or exceeds the window is refused — nothing could be said" passed after 0.309 seconds.
􁁛  Test "the window is read from config.json's max_position_embeddings, and absent is nil" passed after 0.309 seconds.
􁁛  Suite "the 0 Hz guard — an invalid format must throw, never abort" passed after 0.710 seconds.
􁁛  Suite "AC-232..234 · per-call options resolve against the source's own settings" passed after 0.710 seconds.
􁁛  Suite "AC-240 · install progress carries bytes when they are known" passed after 0.710 seconds.
􁁛  Suite "The playback lead — when it is safe to start speaking" passed after 0.710 seconds.
SKIPPED (the on-device model is still downloading — try later) — an OS-26 machine with the on-device model ready makes this test REAL
SKIPPED (the on-device model is still downloading — try later) — an OS-26 machine with the on-device model ready makes this test REAL
􁁛  Suite "the first reply's cushion is stated, not assumed" passed after 0.714 seconds.
􁁛  Suite "AC-298 · the transfer survives the background, and the source says so" passed after 0.714 seconds.
􁁛  Suite "AC-238 · readiness is a pure verdict over a hand-written device report" passed after 0.720 seconds.
􁁛  Suite "keeps-up is a flag, and it stayed one" passed after 0.721 seconds.
􁁛  Suite "AC-238 wiring · the MLX door throws the typed verdict" passed after 0.723 seconds.
SKIPPED (the on-device model is still downloading — try later) — an OS-26 machine with the on-device model ready makes this test REAL
􁁛  Suite SnapshotDifferTests passed after 0.724 seconds.
􁁛  Suite "the lead learns from the machine" passed after 0.724 seconds.
􁁛  Suite "AC-235 · the vendor's stop reason maps to the seam's StopReason" passed after 0.724 seconds.
􁁛  Suite WhisperLanguageHintTests passed after 0.724 seconds.
􁁛  Suite "the cushion is what the bank had to hold" passed after 0.727 seconds.
􁁛  Suite "AC-341 · the pauses inside an answer" passed after 0.727 seconds.
􁁛  Suite "the voice levers" passed after 0.727 seconds.
􁁛  Suite "AC-125 · the ids come from the model, not from me" passed after 0.727 seconds.
􁁛  Suite "the cushion follows the stall" passed after 0.727 seconds.
􁁛  Suite "Playback hosts — where a reply is allowed to render" passed after 0.728 seconds.
SKIPPED (the on-device model is still downloading — try later) — an OS-26 machine with the on-device model ready makes this test REAL
􁁛  Suite "a null probe phase is announced" passed after 0.732 seconds.
􁁛  Suite "the tokenizer folder is the one TTSKit asks for" passed after 0.732 seconds.
􁁛  Suite UnavailableWordsTests passed after 0.732 seconds.
􁁛  Suite "AC-132 · the headroom instrument never reports an ambiguous zero" passed after 0.732 seconds.
􁁛  Suite "the platform's no is honored before CoreML" passed after 0.732 seconds.
􁁛  Suite "4z · a parsed call's arguments become the contract's values, by kind" passed after 0.733 seconds.
􁁛  Suite "the lead follows the decoder" passed after 0.733 seconds.
􁁛  Suite "the lead learns the conversation" passed after 0.733 seconds.
􁁛  Suite "Gate calibration — between the room and the voice" passed after 0.734 seconds.
􁁛  Suite "4w · the spec the MLX mind renders for a tool" passed after 0.734 seconds.
􁁛  Suite "AC-232 · the resolved instruction becomes the .system message" passed after 0.734 seconds.
􁁛  Suite "AC-125 · the think gate" passed after 0.734 seconds.
􁁛  Suite "AC-233/AC-234 · the resolved settings become the vendor's parameters" passed after 0.734 seconds.
􁁛  Suite "a retired voice is terminal" passed after 0.735 seconds.
􁁛  Suite "AC-292 · the session is background everywhere it can be" passed after 0.735 seconds.
􁁛  Suite "AC-263 · the pressure handler is one hop and nothing else" passed after 0.735 seconds.
􁁛  Suite "Is there anything worth speaking?" passed after 0.735 seconds.
􁁛  Suite "AC-312 · prewarm() raises the ask before its hop" passed after 0.735 seconds.
􁁛  Test "two callers arriving together get one build, and the same value" passed after 0.753 seconds.
􁁛  Test "a build that finishes after a retire does NOT come back to life" passed after 0.753 seconds.
􁁛  Test "Every listener receives the same sequence" passed after 0.753 seconds.
􁁛  Test "A slow listener never affects what another listener sees" passed after 0.753 seconds.
􁁛  Test "A slow listener loses the oldest events, and the loss is counted" passed after 0.753 seconds.
􁁛  Test "finish() ends every listener's stream, and is safe to call twice" passed after 0.753 seconds.
􁁛  Test "Listeners are counted while they exist, and forgotten when their stream dies" passed after 0.753 seconds.
􁁛  Test "A late listener hears only what comes next — no replay" passed after 0.753 seconds.
􁁛  Test "a bad per-call table is refused before the heat and the verdict: critical and absent hear the table's error" passed after 0.752 seconds.
􁁛  Test "Listening after finish gets a stream that is already over" passed after 0.752 seconds.
􁁛  Test "a bad default table throws the typed error from the generator's init — internal seam and public door" passed after 0.752 seconds.
􁁛  Test "a bad per-call table throws ReplyFailure.engine with the typed error's words from openReply; no run opens" passed after 0.752 seconds.
􁁛  Test "a clean default table builds: .empty, and a tool with parameters" passed after 0.752 seconds.
􁁛  Test oneUtteranceContributesOnce() passed after 0.752 seconds.
􁁛  Test whitespaceIsNotSpeech() passed after 0.752 seconds.
􁁛  Test aLateOldPieceCannotEvictANewerOneItPredates() passed after 0.752 seconds.
􁁛  Test textIsTrimmedAtTheEdgesAndJoinedBySingleSpaces() passed after 0.752 seconds.
􁁛  Test theBoundDropsTheOldestAndKeepsSpokenOrder() passed after 0.752 seconds.
􁁛  Suite "digital silence is measured, not estimated" passed after 0.759 seconds.
􁁛  Test theBoundCountsPiecesNotRecords() passed after 0.752 seconds.
􁁛  Test oneFinalIsExactlyItsOwnText() passed after 0.752 seconds.
􁁛  Test clearForgetsEverything() passed after 0.752 seconds.
􁁛  Suite "AC-236 · a prompt longer than the window is refused before generation" passed after 0.755 seconds.
􁁛  Test outOfOrderArrivalStillReadsInSpokenOrder() passed after 0.752 seconds.
􁁛  Test "after a retire-during-load the holder is still usable" passed after 0.752 seconds.
􁁛  Test "the system source subscribes and cancels without a level ever arriving" passed after 0.752 seconds.
􁁛  Test "the model subscribes once at birth and cancels when it dies" passed after 0.752 seconds.
􁁛  Test "the options carry the table and the yes, and stay Equatable (AC-282's shape)" passed after 0.751 seconds.
􁁛  Test "a tool with no parameters shows the spike's schema, unchanged (AC-270)" passed after 0.751 seconds.
􁁛  Test "toolFailure(from:) still carries a typed value whole — one wrap, never two" passed after 0.751 seconds.
􁁛  Test "the model's whole answer becomes the door's arguments; not a structure is no arguments (AC-269)" passed after 0.751 seconds.
􁁛  Test "a missing required argument never reaches the body; the model reads the door's sentence (AC-273)" passed after 0.751 seconds.
􁁛  Test "GeneratedContent is read by kind into ToolValue — one number case; list and object kept (AC-269)" passed after 0.751 seconds.
􁁛  Test "a bad PER-CALL table throws from openReply, before the stream — the source is never asked (AC-289)" passed after 0.751 seconds.
􁁛  Test piecesJoinInSpokenOrder() passed after 0.752 seconds.
􁁛  Test "the session's table is resolved per call: the call's over the default, .empty means none this turn (AC-275)" passed after 0.751 seconds.
􁁛  Test "an empty table hands the vendor no tools (AC-227's plain path)" passed after 0.751 seconds.
􁁛  Test "a band is shown only when the declaration says so — two switches (F-11 B)" passed after 0.751 seconds.
􁁛  Test "the adapter wears the ReplyTool's name and description, verbatim" passed after 0.751 seconds.
􁁛  Test aRepeatedIdentityDoesNotReorderTheThought() passed after 0.753 seconds.
􁁛  Test partialReadsDeliverInOrder() passed after 0.751 seconds.
􁁛  Test emptyReadReturnsNothing() passed after 0.751 seconds.
􁁛  Test "the schema names the parameters — four kinds, one optional, the app's sentences (AC-270)" passed after 0.751 seconds.
􁁛  Test capacityRoundsUpToPowerOfTwo() passed after 0.750 seconds.
􁁛  Test overflowOverwritesOldestAndCountsExactly() passed after 0.750 seconds.
􁁛  Test wraparoundKeepsOrderAcrossTheSeam() passed after 0.750 seconds.
􁁛  Test droppedFramesAccumulateAcrossOverruns() passed after 0.757 seconds.
􁁛  Test roundtripPreservesOrderAndValues() passed after 0.757 seconds.
􁁛  Test emittedChunksFlowThroughTheRingInOrder() passed after 0.757 seconds.
􁁛  Test stopDisconnectsTheSource() passed after 0.757 seconds.
􁁛  Test emitBeforeStartDeliversNothing() passed after 0.757 seconds.
􁁛  Test "a REAL reply that ends on its own is .finished(.complete)" passed after 0.757 seconds.
􁁛  Test "the pure function: only the closing tag is touched; text without it is unchanged; every occurrence goes" passed after 0.757 seconds.
􁁛  Test "the REAL model calls `session` and its reply carries the session's numbers" passed after 0.756 seconds.
􁁛  Test "StopReason is complete / tokenBudget / unreported / refused / deadline — F-4 = A" passed after 0.756 seconds.
􁁛  Test "openReply opens at .nominal, .fair and .serious (AC-260)" passed after 0.756 seconds.
􁁛  Test "openReply throws ReplyFailure.tooHot(.critical) at the door, and opens no run (AC-260)" passed after 0.756 seconds.
􁁛  Test "tooHot describes itself in plain words, naming the state" passed after 0.756 seconds.
􁁛  Test "an injected policy overrules the default: refusing at .serious" passed after 0.756 seconds.
􁁛  Test "ReplyFailure gained .tooHot — and still has no .refused (D-104)" passed after 0.756 seconds.
􁁛  Test "a table becomes one adapter per tool, in the table's order, and rides to the real source" passed after 0.756 seconds.
􁁛  Test "DefaultGenerationThermalPolicy refuses at .critical only (F-2 = A)" passed after 0.756 seconds.
􀟈  Test "a cancel after the second file leaves .absent and KEEPS the partial tree for the next attempt" started.
􁁛  Test "a bad DEFAULT table throws from the generator's init, typed (AC-289)" passed after 0.756 seconds.
􁁛  Test "two tabs appearing together launch the sequence once, not twice" passed after 0.756 seconds.
􁁛  Test "a silent reply completes without speaking (runs everywhere)" passed after 0.756 seconds.
􁁛  Test "an engine failure describes itself with the engine's own words" passed after 0.755 seconds.
􁁛  Test "the transcription policy's table is untouched — D-028 stands" passed after 0.756 seconds.
􁁛  Test "GenerationOptions is a value: equal when every field is equal" passed after 0.755 seconds.
􁁛  Test "explicit options come back from the record unchanged (AC-231)" passed after 0.756 seconds.
􁁛  Test "ReplyFailure has no .refused case any more — D-104" passed after 0.755 seconds.
􁁛  Test aBurstCanCompleteSeveralPhrasesInOneFeed() passed after 0.755 seconds.
􁁛  Test "the Arabic question mark ends a phrase exactly like ASCII's" passed after 0.755 seconds.
􁁛  Test "only .deviceCannotRun(.simulator) may say the word Simulator (AC-238)" passed after 0.755 seconds.
􁁛  Test maxLengthCutsAtTheLastWhitespace() passed after 0.755 seconds.
􁁛  Test "GenerationOptions.deadline defaults to nil and is a value (AC-264, AC-265)" passed after 0.757 seconds.
􁁛  Test "the second caller does not return until the sequence is complete" passed after 0.757 seconds.
􁁛  Test everyClauseMarkCuts() passed after 0.757 seconds.
􁁛  Test aLimitOfOneStillMakesProgress() passed after 0.757 seconds.
􁁛  Test punctuationInsideANumberDoesNotCut() passed after 0.757 seconds.
􁁛  Test emptyAndWhitespaceTokensCompleteNothing() passed after 0.757 seconds.
􁁛  Test oneUnbrokenRunIsCutHardAtTheLimit() passed after 0.761 seconds.
􁁛  Test flushDeliversTheRemainder() passed after 0.761 seconds.
􁁛  Test "StopReason and ReplyFailure round-trip as values" passed after 0.761 seconds.
􁁛  Test wordTokensSplitAtPunctuation() passed after 0.761 seconds.
􁁛  Test noEmittedPhraseIsUnspeakable() passed after 0.761 seconds.
􁁛  Test "a stream that ends with no terminal and no cancel is an engine failure" passed after 0.761 seconds.
􁁛  Test subwordFragmentsAreJoinedVerbatim() passed after 0.761 seconds.
􁁛  Test flushWithNothingWorthSayingIsNil() passed after 0.761 seconds.
􁁛  Test "the door's refusal describes itself in the verdict's honest words, undecorated" passed after 0.761 seconds.
􁁛  Test punctuationGluedInsideATokenSplitsCorrectly() passed after 0.761 seconds.
􁁛  Test "the door is asked EVERY time — weights can arrive between turns" passed after 0.761 seconds.
􁁛  Test "no table on the call, none on the generator: the prompt is the bytes captured before 4z, and after" passed after 0.761 seconds.
􀟈  Test "asking for the size fetches nothing — and the same recorder DOES record a fetch" started.
􁁛  Test "the runtime's error says what to do in plain words" passed after 0.760 seconds.
􁁛  Test "prewarm(), then whenWarm(): true once the real weights are resident — and at once after (AC-312)" passed after 0.760 seconds.
􁁛  Test "both coordinator doors refuse a bad number with the same error (AC-241)" passed after 0.760 seconds.
􁁛  Test "validate() passes the default and the legal zero-depth memory (AC-197)" passed after 0.760 seconds.
􁁛  Test "a mind without a mouth throws .mindWithoutMouth, at init, before any loop (AC-241)" passed after 0.760 seconds.
􁁛  Test "the clockless coordinator with the default (zero) gate does not throw" passed after 0.760 seconds.
􁁛  Test "the coordinator's errors name the number they refuse" passed after 0.760 seconds.
􁁛  Test "a ledger bound of zero is refused by AIRuntime.init, not trapped in run() (AC-241)" with 3 test cases passed after 0.760 seconds.
􁁛  Test "an Arabic reply with no ASCII punctuation is cut at its own marks" passed after 0.761 seconds.
􁁛  Test "listen-only still has its turns numbers checked at the door (AC-241)" passed after 0.760 seconds.
􁁛  Test "openReply(to: String) passes the default options (AC-231)" passed after 0.762 seconds.
􁁛  Test "the resolution rule: nil is the source's own, a table is that table, .empty is none — and renders nil" passed after 0.760 seconds.
􁁛  Test "A session that refuses to activate stops the whole start — capture is never attempted" passed after 0.760 seconds.
􁁛  Test "the default budget is 1024 — set even when the caller says nothing (AC-233, F-6 = A)" passed after 0.760 seconds.
􁁛  Test "temperature 0 beside a seed: greedy wins — there is no randomness to seed" passed after 0.760 seconds.
􁁛  Test "the vendor fills the instructions entry's toolDefinitions from the tools it was handed" passed after 0.765 seconds.
􁁛  Test "stop() without start() releases nothing" passed after 0.760 seconds.
􁁛  Test "two parameters with one name: the vendor's own schema builder refuses too (AC-289's second line)" passed after 0.762 seconds.
􁁛  Test "a per-call budget reaches maximumResponseTokens (AC-233)" passed after 0.760 seconds.
􁁛  Test "temperature 0 is .greedy (AC-234)" passed after 0.760 seconds.
􀟈  Test "a move that fails never touches the tree it was going to replace" started.
􁁛  Test "openReply throws the honest reason when the model is unavailable" passed after 0.765 seconds.
􁁛  Test "the clockless coordinator with a reply gate throws .replyGateNeedsAClock (AC-241)" passed after 0.760 seconds.
􁁛  Test "both organs, or neither, is a valid configuration and does not throw (F-3 = B)" passed after 0.761 seconds.
􁁛  Test "a headroom the phone will not give NEVER refuses — D-092" passed after 0.760 seconds.
􁁛  Test "a headroom EQUAL to the need admits — the refusal is strictly below" passed after 0.760 seconds.
􁁛  Test "a known headroom below the need refuses, typed, and no load begins" passed after 0.760 seconds.
􁁛  Test ".exhausted is a KNOWN zero, and refuses with available 0" passed after 0.760 seconds.
􁁛  Test "weights already RESIDENT are admitted without the memory question" passed after 0.760 seconds.
􁁛  Test "a need of 0 bytes is NO claim (D-105's shape): admitted with no memory question" passed after 0.760 seconds.
􁁛  Test "the clockless door reports the gate before the bounds" passed after 0.761 seconds.
􁁛  Test "the size is nil, always: the system owns these bytes and this library will not guess" passed after 0.759 seconds.
􁁛  Test "cancel ends the stream without a final" passed after 0.759 seconds.
􁁛  Test "a device that cannot load is refused with its readiness verdict, not a memory number" passed after 0.760 seconds.
􁁛  Test "with no headroom number the model admits, and the load door speaks next" passed after 0.760 seconds.
􁁛  Test "one final, then silence, then the stream ends" passed after 0.759 seconds.
􁁛  Test "partials come before the final, never after" passed after 0.759 seconds.
􁁛  Test "a silent reply completes without speaking (model required; skips if absent)" passed after 0.759 seconds.
􁁛  Test "an incomplete download names both sizes" passed after 0.759 seconds.
􁁛  Test "each precision has its own file" passed after 0.759 seconds.
􁁛  Test "fp32 is installed as soon as both downloads are whole" passed after 0.759 seconds.
􁁛  Test "a truncated weight file is not installed, however present it looks" passed after 0.759 seconds.
􁁛  Test "an empty table builds the SAME session as the pre-4w init(transcript:) (AC-227's Mac half)" passed after 0.766 seconds.
􁁛  Test "an empty directory is not installed" passed after 0.759 seconds.
􁁛  Test "fp16 is not installed until the cast copy exists" passed after 0.759 seconds.
􁁛  Test "ConservativeThermalPolicy: allow below .serious, refuse from .serious up" passed after 0.761 seconds.
􁁛  Test "weights without a voice are not installed" passed after 0.759 seconds.
􁁛  Test "the arguments are checked BEFORE the flag is read: a bad call is refused as a bad call, not told to ask" passed after 0.759 seconds.
􁁛  Test "a flagged tool on the model's first call: the body does not run, the model is told to ask, counted" passed after 0.759 seconds.
􁁛  Test "`confirmed: true` in the ARGUMENTS does not run the body — the model cannot confirm itself" passed after 0.759 seconds.
􁁛  Test "a directory with a space in its name is still checked correctly" passed after 0.759 seconds.
􁁛  Test "cancel before anything spoken: silent end, host untouched" passed after 0.758 seconds.
􁁛  Test "a seed is .random(top: 50, seed:) (AC-234)" passed after 0.763 seconds.
􁁛  Test "damage is reported, a not-yet-built cast is not" passed after 0.761 seconds.
􁁛  Test "the first offence in table order, then declaration order, is the one named" passed after 0.760 seconds.
􁁛  Test "a clean table passes: four distinct parameters, a tool with none, the empty table, names apart by case" passed after 0.760 seconds.
􁁛  Test "two tables with one declaration and different bodies are equal; one parameter apart, not (F-13 c)" passed after 0.760 seconds.
􁁛  Test "a number for a string parameter is refused: the leniency is one way (F-8 C keeps the branch's asymmetry)" passed after 0.760 seconds.
􁁛  Test ""shown to the model" and "checked by the table" are two switches: the parameter carries both" passed after 0.760 seconds.
􁁛  Test "84.5 for an integer parameter is refused as wrong kind (F-13 b)" passed after 0.760 seconds.
􁁛  Test "a value of a kind the parameter cannot read: refused as wrong kind, the body does not run" passed after 0.760 seconds.
􁁛  Test "a value outside the declared band is refused before the body, told in words, and counted under its own name" passed after 0.760 seconds.
􁁛  Test "a name no tool has: the sentence the MLX run has always fed back (AC-276)" passed after 0.760 seconds.
􁁛  Test ""nan" and "inf" for a number parameter are refused (F-8 C closes the hole)" passed after 0.760 seconds.
􁁛  Test "a required parameter absent: the body does not run, the model is told, the count says .missing" passed after 0.760 seconds.
􁁛  Test "two parameters of one tool with one name: the check throws the typed error naming tool and parameter" passed after 0.760 seconds.
􁁛  Test "two tools with one name are not the check's business: the lookup rule already defines them" passed after 0.760 seconds.
􁁛  Test "the accessors after the door: they read what the door let in, and throw a typed failure for anything else" passed after 0.760 seconds.
􁁛  Test "a nested value for a .string parameter is wrong kind, counted (F-13 i) — a list and an object" passed after 0.760 seconds.
􁁛  Test "null for a required parameter is absence, counted .missing (F-13 j)" passed after 0.760 seconds.
􁁛  Test "no Apple verdict says the word Simulator" passed after 0.759 seconds.
􁁛  Test "below the floor: the verdict names the platform and the Apple mind's floor" passed after 0.759 seconds.
􁁛  Test "the thrown failure speaks the verdict's own sentence — the screen and the turn agree" passed after 0.759 seconds.
􁁛  Test "every vendor reason lands on one contract verdict" passed after 0.759 seconds.
􁁛  Test "the platform the below-floor sentence names is this binary's" passed after 0.759 seconds.
􁁛  Test "Arabic: a real substitution still counts" passed after 0.759 seconds.
􁁛  Test "identical text scores zero" passed after 0.759 seconds.
􁁛  Test "Arabic: Arabic punctuation does not count" passed after 0.759 seconds.
􁁛  Test "a missing word is a deletion; an extra word is an insertion" passed after 0.759 seconds.
􁁛  Test "English normalisation is unchanged by the Arabic rules" passed after 0.759 seconds.
􁁛  Test "Arabic: the four alef forms are one letter" passed after 0.759 seconds.
􁁛  Test "Arabic: taa marbuta and alef maqsura fold to their common spellings" passed after 0.759 seconds.
􁁛  Test "one substitution in four words is 0.25 exactly" passed after 0.759 seconds.
􁁛  Test "Arabic: tatweel (the stretching mark) is not a letter" passed after 0.759 seconds.
􁁛  Test "case and punctuation do not count" passed after 0.759 seconds.
􁁛  Test "an empty hypothesis deletes every reference word" passed after 0.759 seconds.
􁁛  Test "digits are spelled out: 20 equals twenty" passed after 0.759 seconds.
􁁛  Test "per-call instructions reach the real model (AC-232)" passed after 0.761 seconds.
􁁛  Test "admit(needing:) on this Mac reads no headroom, admits, and the weights are resident after" passed after 0.759 seconds.
􁁛  Test "Arabic: diacritics (tashkeel) do not count" passed after 0.760 seconds.
􁁛  Test hangoverIsUntouchedByTheWindow() passed after 0.759 seconds.
􁁛  Test onsetBoundaryIsExact() passed after 0.759 seconds.
􁁛  Test shortGapInsideHangoverKeepsSpeaking() passed after 0.759 seconds.
􁁛  Test oneBigChunkCompletesTheWindowAlone() passed after 0.759 seconds.
􁁛  Test defaultWindowIsZeroAndOff() passed after 0.759 seconds.
􁁛  Test firstLoudChunkStartsSpeech() passed after 0.759 seconds.
􁁛  Test loudChunkResetsTheHangoverBudget() passed after 0.759 seconds.
􁁛  Test emptyChunkIsIgnored() passed after 0.759 seconds.
􁁛  Test fullConversationSequence() passed after 0.759 seconds.
􁁛  Test hangoverBoundaryIsExact() passed after 0.759 seconds.
􁁛  Test quietKillsTheCandidate() passed after 0.759 seconds.
􁁛  Test subWindowBurstProducesNothingEver() passed after 0.759 seconds.
􁁛  Test "an injected policy is the one asked, and the refusal carries the state it saw" passed after 0.759 seconds.
􁁛  Test "the public constructor's defaults are the system thermometer and the shipped policy" passed after 0.759 seconds.
􁁛  Test "heat is asked before readiness: a hot phone with no weights hears .tooHot, not .unavailable" passed after 0.759 seconds.
􁁛  Test "openReply throws ReplyFailure.unavailable(verdict) at the door, never a run" passed after 0.760 seconds.
􁁛  Test fullSequenceWithTransientsAroundARealWord() passed after 0.759 seconds.
􁁛  Test "the thermometer is read every time — a phone that cools is admitted on the next turn" passed after 0.758 seconds.
􁁛  Test silenceProducesNothing() passed after 0.759 seconds.
􁁛  Test "the plan is the VENDOR's file set, not a list written here" passed after 0.758 seconds.
􁁛  Test exactThresholdCountsAsLoud() passed after 0.759 seconds.
􁁛  Test "written run: started once, finished once, in order (MMK_LIVE_SYNTH=1)" passed after 0.758 seconds.
􁁛  Test "a turn with neither words nor a tool is still refused (4r's rule, unchanged)" passed after 0.758 seconds.
􁁛  Test "a turn where a tool ran and the mind said nothing is kept: the act is the answer (D-119)" passed after 0.758 seconds.
􁁛  Test "clearing forgets everything and stays usable" passed after 0.758 seconds.
􁁛  Test "an interrupted exchange is kept, and says so" passed after 0.758 seconds.
􁁛  Test "a completed exchange carries no mark" passed after 0.758 seconds.
􁁛  Test "an exchange in which a tool ran keeps what ran (AC-311)" passed after 0.758 seconds.
􁁛  Test "the refusal is one typed case a caller can count" passed after 0.758 seconds.
􁁛  Test "the budget is paid in whole exchanges" passed after 0.758 seconds.
􁁛  Test "a depth of zero remembers nothing and says so" passed after 0.758 seconds.
􁁛  Test "an ordinary exchange cannot reach the cliff at the shipped bound" passed after 0.758 seconds.
􁁛  Test "an exchange too large to fit alone is kept alone, over budget" passed after 0.758 seconds.
􁁛  Test "a remembered tool call is replayed as a CALL and an OUTPUT, not as prose (AC-305)" passed after 0.758 seconds.
􁁛  Test "a tool's record counts against the budget (D-119, from D-092)" passed after 0.758 seconds.
􁁛  Test "the shipped bound is the measured one, and it clears both limits" passed after 0.758 seconds.
􁁛  Test "whitespace on either side is not an exchange" passed after 0.758 seconds.
􁁛  Test "an exchange with no question is not recorded" passed after 0.758 seconds.
􁁛  Test "record says whether the memory took the exchange" passed after 0.758 seconds.
􁁛  Test "two memories holding the same conversation are equal" passed after 0.758 seconds.
􁁛  Test "an exchange the mind answered with silence is not recorded" passed after 0.758 seconds.
􁁛  Test "the budget bites while the depth still has room" passed after 0.758 seconds.
􁁛  Test "the next exchange evicts the oversized one, and the bound holds again" passed after 0.759 seconds.
􁁛  Test "heat is asked before the availability verdict (AC-260)" passed after 0.758 seconds.
􁁛  Test "the public initialiser defaults to the real thermometer and the shipped policy (AC-260)" passed after 0.758 seconds.
􁁛  Test "the thermometer is read once per door, and refusals count (AC-260)" passed after 0.758 seconds.
􁁛  Test "an exchange with no tool is kept exactly as before (AC-311)" passed after 0.758 seconds.
􁁛  Test "a temperature alone is passed through, and sampling stays the vendor's" passed after 0.758 seconds.
􁁛  Test "the person's words and the mind's stay apart" passed after 0.759 seconds.
􀟈  Test "one truncated file is .incomplete(files:) naming exactly that file" started.
􁁛  Test "past the depth, the oldest whole exchange is dropped" passed after 0.741 seconds.
􀟈  Test "a re-install reports the client's fraction plus the OLD manifest's expected bytes" started.
􁁛  Test "a per-call budget bounds the real reply (AC-233)" passed after 0.788 seconds.
􁁛  Test "a real reply with a 200 ms deadline ends .finished(.deadline) (AC-264)" passed after 0.785 seconds.
􁁛  Test "readiness() is askable on any OS and agrees with the vendor on this one" passed after 0.790 seconds.
􁁛  Test "a mouth without a mind throws .mouthWithoutMind, at init, before any loop (AC-241)" passed after 0.771 seconds.
􁁛  Test "the recorder sees a MARKED request that IS made — the control for every silence proof" passed after 0.804 seconds.
􁁛  Test "contextWindowExceeded thrown by the source is .failed(.contextWindowExceeded)" passed after 0.801 seconds.
􁁛  Test "anything else the vendor throws is still .engine(String)" passed after 0.801 seconds.
􁁛  Test "the model reports honestly whether it is installed — asking triggers nothing" passed after 0.454 seconds.
􁁛  Test "a missing model is refused at the door, not discovered mid-reply" passed after 0.454 seconds.
􁁛  Test "the runtime guard answers, and says WHERE it found the shaders" passed after 0.454 seconds.
􁁛  Test "a cancelled REAL reply ends without a terminal" passed after 0.454 seconds.
􁁛  Test "the REAL source is wired to the door — it refuses what is not installed" passed after 0.454 seconds.
􁁛  Test "a REAL reply: tokens then one terminal, and NO reasoning is spoken" passed after 0.454 seconds.
􁁛  Test "WARM, the first token is fast — the cold 1.9 s is the load, not the model" passed after 0.454 seconds.
􁁛  Suite BroadcastTests passed after 0.827 seconds.
􁁛  Test "a throwing decode reports failed once, terminal, and ends the stream" passed after 0.821 seconds.
􁁛  Suite TranscriptLedgerTests passed after 0.827 seconds.
􁁛  Test "The default gate is zero — 4a byte for byte (the untouched suite is the proof; this pins the default)" passed after 0.428 seconds.
􁁛  Test "The context bound is the app's number, and its default is stated" passed after 0.427 seconds.
􁁛  Test "asking a model-backed engine anything costs no network and no download" passed after 0.427 seconds.
􁁛  Test "the library's own models know their size; the app's model does not pretend to" passed after 0.427 seconds.
􁁛  Test "a variant this library never measured answers nil, not a guess" passed after 0.427 seconds.
􁁛  Test "the real mind calls a tool with a parameter, and the body reads the number (AC-269, Apple half)" passed after 0.443 seconds.
􁁛  Test "a throwing tool is answered in words and the real reply still ends .finished (AC-276, F-4 = B)" passed after 0.443 seconds.
􁁛  Test "stop() finishes every health stream; run() returns when the provider ends" passed after 0.819 seconds.
􁁛  Test "a call's table REPLACES the generator's for that call; it does not add to it" passed after 0.819 seconds.
􁁛  Test "a tool's throw becomes the ToolCallFailure sentence every mind writes (AC-225)" passed after 0.820 seconds.
􁁛  Test "cancel ends the stream without a terminal" passed after 0.819 seconds.
􁁛  Test stressAccountingBalancesAndOrderSurvives() passed after 0.819 seconds.
􁁛  Test "call(arguments:) reaches the ReplyTool with the typed arguments and returns its answer" passed after 0.819 seconds.
􁁛  Test "openReply hands off — generation never blocks the opener" passed after 0.819 seconds.
􁁛  Suite AudioSourceTests passed after 0.834 seconds.
􁁛  Test "the core door hands the tag through untouched — the escape is the MLX seam's alone" passed after 0.823 seconds.
􁁛  Test "a flagged tool with no yes on the call is told to ask; with the name confirmed it runs once" passed after 0.827 seconds.
􁁛  Test "first-token latency, with and without the tool in the session (AC-228, Mac half)" passed after 0.452 seconds.
􁁛  Test "a throw is answered in words: call(arguments:) returns the sentence and does not throw (AC-276, F-4 = B)" passed after 0.827 seconds.
􁁛  Suite "launching exactly once" passed after 0.836 seconds.
􁁛  Suite SpeechPhraserTests passed after 0.837 seconds.
􁁛  Suite "AC-272 · the plain path's whole prompt is the same bytes before and after 4z, when this machine has the model" passed after 0.836 seconds.
􁁛  Suite "AC-312 · a real warm's end, when this machine has the model" passed after 0.837 seconds.
􁁛  Suite AIRuntimeConfigurationTests passed after 0.837 seconds.
􁁛  Test "promise 2 — a cancelled reply ends its stream WITHOUT a terminal" passed after 0.823 seconds.
􁁛  Test "per-call instructions replace the generator's own (AC-232)" passed after 0.823 seconds.
􁁛  Test "the whole options struct travels to the source untouched (AC-231's seam, read here)" passed after 0.823 seconds.
􁁛  Test "a move that fails never touches the tree it was going to replace" passed after 0.062 seconds.
􁁛  Test "promise 4 — openReply hands off; generation never blocks the opener" passed after 0.823 seconds.
􁁛  Test "no per-call instructions: the generator's own are used (AC-232)" passed after 0.823 seconds.
􁁛  Suite ScriptedTranscriberConformanceTests passed after 0.837 seconds.
􁁛  Suite KokoroWeightsTests passed after 0.837 seconds.
􁁛  Test "the model: nothing warming and nothing resident answers false at once (D-124 F-21 B)" passed after 0.822 seconds.
􁁛  Test "resident while a warm is still asked for: true at once, not after the warm (AC-312)" passed after 0.822 seconds.
􁁛  Test "after a retire the weights are gone: false at once (AC-312)" passed after 0.822 seconds.
􁁛  Test "false at once when nothing is resident and nothing is loading (D-124 F-21 B)" passed after 0.822 seconds.
􁁛  Test "an unflagged tool needs no yes: the diet app's act-at-once is the flag left off" passed after 0.822 seconds.
􁁛  Test "the name in the call's confirmed set: the body runs exactly once; the yes rides THAT call only" passed after 0.822 seconds.
􁁛  Test sleepOnAnAlreadyCancelledTaskThrowsImmediately() passed after 0.822 seconds.
􁁛  Test "the real mind calls the session tool and speaks its answer (AC-223)" passed after 0.454 seconds.
􁁛  Test "an unspeakable reply terminates without touching write() or the host" passed after 0.821 seconds.
􁁛  Test "asking for the size fetches nothing — and the same recorder DOES record a fetch" passed after 0.064 seconds.
􁁛  Test ""84" for a number parameter reads 84, the body runs, and the coercion is counted (F-8 C)" passed after 0.821 seconds.
􁁛  Test "the door reads a checked table exactly as before: the same knock, the same answer" passed after 0.821 seconds.
􁁛  Test "an argument the tool never declared is stripped before the body and counted (F-7 C)" passed after 0.821 seconds.
􁁛  Test "an answer longer than the cap reaches the model cut at the cap with the marker, and the cut is counted" passed after 0.821 seconds.
􁁛  Test "an optional parameter not given, or given as null, is simply not there for the body" passed after 0.821 seconds.
􁁛  Test "84 parsed on the MLX side and 84.0 read on the Apple side are ONE ToolValue, and the door reads both alike" passed after 0.821 seconds.
􁁛  Test "the spike's no-argument tool: an extra is stripped, the body runs with nothing (AC-283)" passed after 0.821 seconds.
􁁛  Test "the door is asked EVERY time — a download that completes is seen on the next call" passed after 0.820 seconds.
􁁛  Suite WordErrorRateTests passed after 0.838 seconds.
􁁛  Test "a band on an integer parameter is checked the same way" passed after 0.820 seconds.
􁁛  Test ""7" for an integer and "true" for a boolean are coerced and counted; "7.5" for an integer is not" passed after 0.820 seconds.
􁁛  Suite "live · the Apple model, when this machine has one" passed after 0.838 seconds.
􁁛  Suite EnergyVADTests passed after 0.838 seconds.
􁁛  Suite ConversationMemoryTests passed after 0.837 seconds.
􁁛  Test "a stream that ends on its own is drained whole, awaited, and reported as not cut" passed after 0.818 seconds.
􁁛  Test "an app's stricter policy refuses at .serious — the INJECTED policy decides (AC-260)" passed after 0.818 seconds.
􁁛  Test "one truncated file is .incomplete(files:) naming exactly that file" passed after 0.059 seconds.
􁁛  Suite "live · the Apple mind's deadline against the real model" passed after 0.838 seconds.
􁁛  Test "returns at once when the weights are already resident (AC-312)" passed after 0.823 seconds.
􁁛  Test "a re-install reports the client's fraction plus the OLD manifest's expected bytes" passed after 0.050 seconds.
􁁛  Suite "AC-236 · a ReplyFailure thrown by the source keeps its case" passed after 0.845 seconds.
􁁛  Suite "AC-128/129 · the real model, when this machine has one" passed after 0.842 seconds.
􁁛  Suite "AC-291/294/295 · the five questions, through the protocol" passed after 0.850 seconds.
􁁛  Suite "live · AC-223 · the Apple mind asks the session tool" passed after 0.849 seconds.
􁁛  Test "an unchanged snapshot says nothing — no empty tokens" passed after 0.841 seconds.
􁁛  Test "the context window overflowing is a named failure" passed after 0.842 seconds.
􁁛  Test "assets unavailable names the Simulator lesson — availability lied" passed after 0.842 seconds.
􁁛  Test "a throwing source is one .failed, terminal" passed after 0.842 seconds.
􁁛  Test "a REVISING stream: true tokens out, then one honest failure, never the rewrite" passed after 0.842 seconds.
􁁛  Test "a model refusal is SPOKEN the same way, and ends .refused (F-4 = A, D-104)" passed after 0.842 seconds.
􁁛  Test "a guardrail violation is SPOKEN, and the reply ends .refused (F-4 = A, D-104)" passed after 0.842 seconds.
􁁛  Test "cumulative snapshots become suffix tokens, then finished, once" passed after 0.842 seconds.
􀟈  Test "a REAL reply cut by a 3-token budget is .finished(.tokenBudget)" started.
􀟈  Test "asked BY NAME to record 83.5, the 0.6B calls `log_reading` and the body's typed accessor reads 83.5 through the per-call door — the model's spelling (number or text) is not claimed; the parse by kind is ToolCallParsingTests'" started.
􀟈  Test "started once, finished once, in order (live audio; MMK_LIVE_SYNTH=1 to run)" started.
􁁛  Suite "AC-232/233/234 · the Apple mind honours the caller's levers" passed after 0.854 seconds.
􁁛  Test "an empty refusal sentence yields no token, only the ending — D-104" passed after 0.839 seconds.
􁁛  Test "a load that throws lets the next admission through — the gate is released on every exit" passed after 0.840 seconds.
􁁛  Test "an unsupported language is .unsupportedLanguage" passed after 0.840 seconds.
􁁛  Test "the tripwire keeps its name: a revised text is .engine, never .unexplained (AC-322)" passed after 0.840 seconds.
􀟈  Test "an unspeakable reply still terminates — liveness (model required; skips if absent)" started.
􁁛  Test "reply(to:) RETURNS a refusal as Reply(text:, stop: .refused) — D-104" passed after 0.839 seconds.
􁁛  Test "the model's retire tells the watch: resident, retired, false (AC-312)" passed after 0.839 seconds.
􁁛  Test "the diet app's act-at-once: an unflagged write runs on the model's first call" passed after 0.839 seconds.
􁁛  Suite WrittenSynthesisHeadlessTests passed after 0.855 seconds.
􁁛  Test "a refusal after partial text keeps what was already spoken — D-104" passed after 0.840 seconds.
􁁛  Test "the context window overflowing stays .contextWindowExceeded" passed after 0.838 seconds.
􁁛  Test "an error the vendor's enum does not own is .unexplained, with its words (AC-322)" passed after 0.842 seconds.
􁁛  Test "a thrown tool's own words reach the model verbatim (F-13 e) — under the same cap" passed after 0.847 seconds.
􁁛  Test "an answer of exactly the cap, and a short one, reach the model unchanged" passed after 0.847 seconds.
􁁛  Suite "§175/5 · the Apple mind's readiness is the contract's verdict" passed after 0.864 seconds.
􀟈  Test "with a KNOWN short headroom the mind's own door refuses on the app's number, and loads when it is gone" started.
􀟈  Test "the variant's six directories arrive under one fraction; then installed" started.
􀟈  Test "written run: cancel ends without a terminal (MMK_LIVE_SYNTH=1)" started.
􀟈  Test "a turn with no tool replays exactly as before (AC-305's other half)" started.
􁁛  Test "a clean per-call table opens a run as before" passed after 0.860 seconds.
􁁛  Test "a run that finished leaves the registry, and a later warning finds nothing" passed after 0.861 seconds.
􁁛  Test "a smaller cap cuts the same reply into more decodes" passed after 0.848 seconds.
􁁛  Test "the FIRST .stopped is terminal — a later token or reason is not heard" passed after 0.856 seconds.
􁁛  Test "an EMPTY token is never spoken — the incomplete-character case" passed after 0.856 seconds.
􁁛  Test "promise 5 — a failing generation is ONE .failed, terminal" passed after 0.856 seconds.
􁁛  Test "promise 1 — tokens in birth order, then exactly one terminal" passed after 0.856 seconds.
􀟈  Test "an unmarked request is watched but NEVER failed by the recorder" started.
􁁛  Test "the default policy opens at nominal, fair and serious, and refuses at critical" with 4 test cases passed after 0.851 seconds.
􁁛  Test "a .critical with nothing running still retires — the weights, not the run, are the target" passed after 0.864 seconds.
􀟈  Test "a terminal RETIRES the run: a phrase queued behind the failure is never decoded" started.
􁁛  Test "a failed turn reaches the HEALTH stream, typed, with its turn number" passed after 0.874 seconds.
􁁛  Test "A slow listener's losses become visible to everyone else" passed after 0.873 seconds.
􁁛  Test "Settling count publishes only on change" passed after 0.873 seconds.
􁁛  Test "Ring drops are mirrored exactly, where and as reported" passed after 0.873 seconds.
􁁛  Test "The baseline is published on start, then every transition, in order" passed after 0.873 seconds.
􁁛  Test "A late health listener hears only what comes next — no replay" passed after 0.873 seconds.
􁁛  Test "a generator built WITH a table and a call carrying .empty: no tool this turn" passed after 0.873 seconds.
􁁛  Test "an answer that arrives after the call's task was cancelled goes nowhere" passed after 0.873 seconds.
􁁛  Test "nothing AFTER the cancel survives — gated defiance, event-gated end to end" passed after 0.872 seconds.
SKIPPED (no MMK_MLX_MODEL or no metallib) — set MMK_MLX_MODEL and run Scripts/metallib.sh to make this test REAL
SKIPPED (no MMK_MLX_MODEL or no metallib) — set MMK_MLX_MODEL and run Scripts/metallib.sh to make this test REAL
􁁛  Test "a generator with no tools and a call carrying a table: the tool is called; the next call without one cannot" passed after 0.874 seconds.
􀟈  Test "a fetcher that names the weights tree by another spelling never sends it to staging" started.
􁁛  Test "an ask keeps the answer waiting until its warm is over, not only a load (D-124 F-21 B)" passed after 0.868 seconds.
􁁛  Test "a load in flight with no warm asked — a turn's own — is waited for too (AC-312)" passed after 0.868 seconds.
􁁛  Test "a waiter is answered true when the load in flight ends with the weights (AC-312)" passed after 0.868 seconds.
􁁛  Test "cancellable: a cancelled wait returns at once, with what is true then (AC-312)" passed after 0.868 seconds.
􁁛  Test "false when the warm ends without the weights — the spinner always stops (D-124 F-21 B)" passed after 0.868 seconds.
􁁛  Test "Aura's spoken confirmation: refused and asked on turn 0, run once on turn 1 with the yes on the options" passed after 0.867 seconds.
􀟈  Test "a model with no repo throws the same typed error the download throws" started.
􁁛  Test "inside the band — the edges included — the body runs; a coerced text is checked against the band too" passed after 0.866 seconds.
􁁛  Test "An utterance longer than the ceiling is cut with truncated, audio released" passed after 0.866 seconds.
􁁛  Test "One utterance opens one run and feeds it every chunk, pre-roll first" passed after 0.868 seconds.
SKIPPED (no MMK_MLX_MODEL or no metallib) — set MMK_MLX_MODEL and run Scripts/metallib.sh to make this test REAL
􁁛  Test "the default refuses at .critical only — each state scripted (AC-260, F-2 = A)" passed after 0.877 seconds.
􁁛  Suite "4z · a table no mind can show is refused at the MLX door, never rendered (AC-289)" passed after 0.900 seconds.
􀟈  Test "a missing listed file is .incomplete too, and names it" started.
􀟈  Test "a FIRST install invents no expected total — a fraction is all anyone knows" started.
􁁛  Test "stop() alone ends the loop — no cancellation, no clock advance" passed after 0.888 seconds.
􁁛  Test "a call's table REPLACES the source's for that call; it does not add to it" passed after 0.886 seconds.
􁁛  Test "a name no tool has is answered to the MODEL as 'no tool named …' and the reply completes" passed after 0.892 seconds.
􁁛  Test "stop() mid-recognition finishes every stream and cancels the open run" passed after 0.892 seconds.
􁁛  Test "stop() cancels settling batch runs; nothing is published after" passed after 0.892 seconds.
􁁛  Suite "AC-260 · the MLX door asks the thermal policy before it opens" passed after 0.910 seconds.
􁁛  Test "a cancel that lands while the body runs still cancels the vendor's task, and the drain returns" passed after 0.890 seconds.
􁁛  Test "A whitespace-only final produces no reply: back to idle, generator untouched" passed after 0.520 seconds.
􁁛  Suite TurnHealthTests passed after 0.920 seconds.
􁁛  Suite DiagnosticsTests passed after 0.920 seconds.
􁁛  Suite "4z · tools per call — the call's table wins, the generator's is the default (AC-275)" passed after 0.920 seconds.
􁁛  Suite "AC-223 / AC-270 · the Apple mind's tool adapter, without a model" passed after 0.921 seconds.
􁁛  Test "a .failed(.busy) run makes reply(to:) throw ReplyFailure.busy (AC-237 c)" passed after 0.918 seconds.
􁁛  Test "a token-budget stop round-trips (AC-237 b)" passed after 0.918 seconds.
􁁛  Test "tokens then .finished(.complete) become Reply(text:stop:) (AC-237 a)" passed after 0.917 seconds.
􁁛  Test "promise 3 — nothing AFTER the cancel survives, gated defiance" passed after 0.917 seconds.
􁁛  Test "a source that finishes AFTER the cancel still reports no terminal" passed after 0.917 seconds.
􁁛  Test "a fetcher that names the weights tree by another spelling never sends it to staging" passed after 0.048 seconds.
􁁛  Test "a caller can COUNT: two scripted .busy runs are two" passed after 0.917 seconds.
􁁛  Test "a refusal is spoken and ends .finished(.refused) — D-104" passed after 0.917 seconds.
􁁛  Test "this library's own failures keep their names: a declaration the vendor refuses is .engine (AC-322)" passed after 0.916 seconds.
􁁛  Test "a decoding failure and an unsupported guide are .engine — the honest rest" passed after 0.942 seconds.
􁁛  Suite "4z · the write and its confirmation — one flag the door enforces, the yes on the call (AC-279)" passed after 0.958 seconds.
􁁛  Test "a model with no repo throws the same typed error the download throws" passed after 0.074 seconds.
􁁛  Test "the observer ending on its own ends the run, with a health seam attached (AC-345)" passed after 0.941 seconds.
􁁛  Suite "4z · the door: what reaches a tool's body, and what the model is told" passed after 0.958 seconds.
􁁛  Test "Two listeners receive identical transcript sequences" passed after 0.941 seconds.
􁁛  Test "Input ending mid-decode still delivers the final, then run() returns" passed after 0.940 seconds.
􁁛  Test "a count already at the threshold returns at once; a rising count wakes the waiter" passed after 0.939 seconds.
􁁛  Test "a waiter whose task is cancelled returns false, at once — the cap can end a red test" passed after 0.939 seconds.
􁁛  Test "a cancel that lands while next() is parked cancels the vendor's task too" passed after 0.938 seconds.
􁁛  Suite "AC-260 · the Apple mind asks the thermal policy at the door" passed after 0.958 seconds.
􁁛  Test "rate limiting and a concurrent request are both .busy" passed after 0.917 seconds.
􁁛  Test "a missing listed file is .incomplete too, and names it" passed after 0.060 seconds.
􁁛  Test "Lifecycle negative space: a second run() returns at once; stop() is idempotent; after stop the state is idle and listeners finish immediately" passed after 0.560 seconds.
􀟈  Test "no decoded phrase is longer than the cap it was given" started.
􁁛  Test "a thrown tool's words are escaped the same way" passed after 0.949 seconds.
􁁛  Test "a FIRST install invents no expected total — a fraction is all anyone knows" passed after 0.060 seconds.
􁁛  Test "the text handed to the MLX chat for such a result carries no closing tag — the bytes are pinned" passed after 0.947 seconds.
􁁛  Test "a cancel after the second file leaves .absent and KEEPS the partial tree for the next attempt" passed after 0.192 seconds.
􁁛  Test "a scripted call: the table is called with the typed arguments, the answer follows, one terminal" passed after 0.943 seconds.
􁁛  Test "a tool round's stop is not the reply's terminal — only the last round's is" passed after 0.943 seconds.
􁁛  Test "a tool that throws is answered to the MODEL as 'tool … failed: …' and the reply completes" passed after 0.943 seconds.
􁁛  Suite "4y · the vendor's task is cancelled on every cut of the drain" passed after 0.959 seconds.
􁁛  Test "THE DESYNC REGRESSION (D-034): an onset this listener never saw cannot corrupt later turns" passed after 0.577 seconds.
􁁛  Test "MEMBERSHIP (AC-86): partials, ceilings and failures put nothing in the thought" passed after 0.576 seconds.
􁁛  Test "a failed turn is never remembered, and keeps its words (AC-194)" passed after 0.576 seconds.
􁁛  Test "A stale settled final never opens thinking; a future final waits for its onset — identity decides, deterministically" passed after 0.564 seconds.
􁁛  Test "A failed turn keeps its words — nothing answered them (AC-89)" passed after 0.564 seconds.
􁁛  Test "resume() forgets the thought — a call is a break in the conversation (F-5)" passed after 0.564 seconds.
􁁛  Test "The interrupted thought SURVIVES — nothing answered it (D-040 F-2 inherited)" passed after 0.564 seconds.
􁁛  Test "a REAL reply cut by a 3-token budget is .finished(.tokenBudget)" passed after 0.110 seconds.
􁁛  Test "started once, finished once, in order (live audio; MMK_LIVE_SYNTH=1 to run)" passed after 0.110 seconds.
􁁛  Suite "AC-126 · the second mind keeps the same five promises" passed after 0.963 seconds.
􁁛  Test "At .critical the ACTIVE utterance still settles and its final surfaces — only overlap is gated" passed after 0.949 seconds.
􁁛  Test "an unspeakable reply still terminates — liveness (model required; skips if absent)" passed after 0.108 seconds.
􁁛  Test "the model's warm consumes its ask: a warm that fails at the door answers its waiter false (AC-312)" passed after 0.947 seconds.
􁁛  Test "one retry, one reply, one body run (AC-317)" passed after 0.946 seconds.
􁁛  Test "a cancel while the tool is in flight: the answer is dropped, no round 1, no terminal" passed after 0.946 seconds.
􁁛  Test "The ceiling truncates a feeding batch run; its final still arrives" passed after 0.944 seconds.
􁁛  Test "with a KNOWN short headroom the mind's own door refuses on the app's number, and loads when it is gone" passed after 0.097 seconds.
􁁛  Test "just over the window barges — it opens, it does not merely delay" passed after 0.944 seconds.
􁁛  Test "a 1160 ms utterance — the shortest real one ever logged — DOES barge" passed after 0.944 seconds.
􁁛  Test "zero window is the old behaviour — the first onset kills the reply" passed after 0.944 seconds.
􁁛  Suite "ThresholdWatch · wakes on the count, and lets a cap cancel it" passed after 0.962 seconds.
􁁛  Test "written run: cancel ends without a terminal (MMK_LIVE_SYNTH=1)" passed after 0.097 seconds.
􁁛  Test "a turn with no tool replays exactly as before (AC-305's other half)" passed after 0.096 seconds.
􁁛  Test "a run opened AFTER the warning runs clean" passed after 0.955 seconds.
􁁛  Test "asked BY NAME to record 83.5, the 0.6B calls `log_reading` and the body's typed accessor reads 83.5 through the per-call door — the model's spelling (number or text) is not claimed; the parse by kind is ToolCallParsingTests'" passed after 0.111 seconds.
􁁛  Suite "4z · a result containing </tool_response> is escaped at the MLX seam, never in the core (AC-288)" passed after 0.964 seconds.
􁁛  Test "Without diagnostics the policy still rules (thermal = .nominal) and a refusal still surfaces" passed after 0.950 seconds.
􁁛  Test "An interruption ends the live turn like a failure — not a barge" passed after 0.579 seconds.
􁁛  Test "A reply that finishes with zero tokens completes the turn; speaking never happens" passed after 0.579 seconds.
􁁛  Test "stop() during the gate: clean end, no generator, no sleeping child left behind" passed after 0.566 seconds.
􁁛  Test "stop() mid-accumulation ends clean and publishes nothing after (AC-90)" passed after 0.566 seconds.
􁁛  Test "a reply of no tokens is answered, and not remembered" passed after 0.566 seconds.
􁁛  Test "THE MILESTONE: a thought spoken in two sentences reaches the generator whole" passed after 0.565 seconds.
􁁛  Test "a reply finished before its deadline ends .complete, and releases the clock's sleeper (AC-264)" passed after 0.953 seconds.
􁁛  Test "cancelling the calling task cancels the run and throws CancellationError (AC-237 d)" passed after 0.953 seconds.
􀟈  Test "a racing download that fails AFTER its fetch never deletes the finished install" started.
􁁛  Test "two concurrent callers: the second is admitted when the post-allocation headroom still fits it" passed after 0.950 seconds.
􁁛  Test "The session is activated BEFORE capture, and released after — never left active" passed after 0.951 seconds.
􁁛  Test "Starting twice activates once — the session is not re-entered" passed after 0.951 seconds.
􀟈  Test "a file whose size the source cannot give reaches the caller as a typed error" started.
􀟈  Test "the health seam outlives the session: a second session still hears it (AC-346)" started.
􁁛  Test "An engine that cannot even open a run yields failed, and the session lives on" passed after 0.948 seconds.
􀟈  Test "files present but no manifest is .installedUnverified — the phones in the field" started.
􁁛  Suite "AC-312 · the warm's end is an event" passed after 0.965 seconds.
􁁛  Test "stop() mid-speaking: streams finish, both stage runs are cancelled, nothing publishes after" passed after 0.568 seconds.
􀟈  Test "a cancelled download writes no manifest, and the partial tree is not moved" started.
􀟈  Test "a fetch that throws leaves .absent, and the error is typed and switchable" started.
􁁛  Test "The policy is consulted once, at the settling move, with the exact thermal state and count" passed after 0.953 seconds.
􁁛  Test "No session means the pre-4d path, byte for byte" passed after 0.953 seconds.
􁁛  Test "a barge before the first token loses nothing (F-5 = A)" passed after 0.582 seconds.
􁁛  Test "A ZERO-TOKEN reply also forgets the thought — F-2's second clear site" passed after 0.574 seconds.
􀟈  Test "a per-call instruction overrides the source's own on the REAL model" started.
􀟈  Test "cancel silences and ends without a terminal (live audio; MMK_LIVE_SYNTH=1 to run)" started.
􁁛  Test "The app's context bound reaches the ledger and drops the oldest through the loop" passed after 0.568 seconds.
􁁛  Test "Barging a batch utterance that never settled retires it silently — no consultation, no failure event" passed after 0.956 seconds.
􀟈  Test "started once, finished once, in order (model + MMK_LIVE_SYNTH=1)" started.
􁁛  Test "The session's settling table reports its count changes" passed after 0.958 seconds.
􀟈  Test "through the coordinator: the turn completes, and the retried session carries the conversation (AC-317)" started.
􁁛  Test "A run that fails mid-utterance publishes failed; the next utterance transcribes" passed after 0.956 seconds.
􁁛  Test "A late final from a dead utterance is dropped; the next utterance is untouched" passed after 0.956 seconds.
􀟈  Test "a REAL reply with a 200 ms deadline ends .finished(.deadline) with partial text, and the prefill is freed" started.
􀟈  Test "written run: nothing survives the cancel (MMK_LIVE_SYNTH=1)" started.
􁁛  Test "a file whose size the source cannot give reaches the caller as a typed error" passed after 0.008 seconds.
􁁛  Test "a terminal RETIRES the run: a phrase queued behind the failure is never decoded" passed after 0.101 seconds.
􀟈  Test "the no-tool baseline for the same weights is measured beside it" started.
􁁛  Test "a body that ends before the deadline feeds its answer back; the reply ends .complete, the sleeper is gone" passed after 0.964 seconds.
􁁛  Test "files present but no manifest is .installedUnverified — the phones in the field" passed after 0.009 seconds.
􁁛  Test "a failure re-seeds the next turn from the memory, and the trace says why (AC-307)" passed after 0.592 seconds.
􁁛  Suite AudioSessionSeamTests passed after 0.975 seconds.
􁁛  Test "A final arriving BEFORE its own speechStarted waits, then drives the turn; a duplicate final is dropped at the door" passed after 0.590 seconds.
􁁛  Test "completion forgets and remembers in the same step (AC-195)" passed after 0.590 seconds.
􁁛  Test "A synthesizer failure mid-speech ends the turn; the reply run AND the mouth are cancelled" passed after 0.577 seconds.
􁁛  Test "the coordinator passes the default options (AC-231)" passed after 0.577 seconds.
􁁛  Test "stop() ends the conversation's memory (F-4 = A)" passed after 0.577 seconds.
􀟈  Test "a turn where a tool ran and the mind said nothing replays the act (D-119)" started.
SKIPPED (no MMK_MLX_MODEL or no metallib) — set MMK_MLX_MODEL and run Scripts/metallib.sh to make this test REAL
􁁛  Test "a counting caller sees two .tooHot across three attempts (AC-260, the AC-236 shape)" passed after 0.965 seconds.
􁁛  Test "a source with no table and a call carrying one: the tool runs; the next call without it cannot" passed after 0.963 seconds.
􁁛  Test "a flagged tool is refused until the call's options name it; then its body runs once" passed after 0.963 seconds.
􁁛  Test "a source built WITH a table and a call carrying .empty: no tool that turn; the next call has it back" passed after 0.963 seconds.
􁁛  Test "two concurrent callers: the second is refused on the post-allocation headroom, not the stale one" passed after 0.961 seconds.
􁁛  Suite "AC-245/AC-246 · the size, before anything is fetched" passed after 0.977 seconds.
SKIPPED (no MMK_MLX_MODEL or no metallib) — set MMK_MLX_MODEL and run Scripts/metallib.sh to make this test REAL
SKIPPED (no MMK_MLX_MODEL or no metallib) — set MMK_MLX_MODEL and run Scripts/metallib.sh to make this test REAL
􁁛  Test ".normal does nothing: the generation keeps running" passed after 0.969 seconds.
􁁛  Test "a .critical ends the run AND retires the weights; the next reply opens again" passed after 0.969 seconds.
􁁛  Test "a run retired after the round ended never knocks the door: the body does not run" passed after 0.964 seconds.
􁁛  Test "cancel() ends with no terminal and releases the sleeper (AC-264)" passed after 0.883 seconds.
􁁛  Test "an unmarked request is watched but NEVER failed by the recorder" passed after 0.107 seconds.
􁁛  Test "mid-stream: the turn carries the reply's failure, typed, and the health road the same (AC-324, AC-326)" passed after 0.958 seconds.
􁁛  Test "THE MILESTONE: the second turn is shown the first, in roles (AC-190/AC-191)" passed after 0.594 seconds.
􁁛  Test "no decoded phrase is longer than the cap it was given" passed after 0.019 seconds.
􁁛  Test "The user's utterance itself fails to become text: the turn ends as transcriptionFailed, the loop lives on" passed after 0.581 seconds.
􁁛  Test "A barge moves the thought into the conversation, not into the next question (D-089)" passed after 0.581 seconds.
􁁛  Test "A generator failure ends the turn, not the coordinator; the next turn runs clean" passed after 0.581 seconds.
􁁛  Test "Input exhaustion ends the loop gracefully: run() returns and listeners finish, no stop() needed" passed after 0.581 seconds.
􁁛  Test "A completed reply forgets the thought; the next turn starts clean (AC-89)" passed after 0.581 seconds.
􁁛  Test "A streaming engine's barge-in retirement never consults the policy" passed after 0.967 seconds.
􁁛  Test "At .serious the default policy refuses the settling move: named failure, health event, no ghost final" passed after 0.967 seconds.
􁁛  Suite "AC-258 / AC-259 · admission is one step, on the app's number" passed after 0.981 seconds.
􁁛  Test "a fetch that throws leaves .absent, and the error is typed and switchable" passed after 0.014 seconds.
􁁛  Test "A batch final arriving after the next utterance began is published, tagged with its own utterance" passed after 0.962 seconds.
􀟈  Test "an unspeakable phrase is never decoded, and the reply still finishes" started.
􀟈  Test "an empty directory, or none at all, is .absent" started.
􁁛  Suite "4z · tools per call on the MLX run — the call's table wins, the source's is the default (AC-275)" passed after 0.981 seconds.
􀟈  Test "a failed session is let go at once, before the next turn exists (AC-307)" started.
􁁛  Test "REGRESSION: a final that beat its own onset is answered ONCE, never twice" passed after 0.597 seconds.
􁁛  Test "One full turn: listening → thinking → speaking → idle, tokens included, exact sequence" passed after 0.583 seconds.
􁁛  Test "A defiant token AFTER the reply finished is dropped: not published, not fed to the mouth" passed after 0.583 seconds.
􁁛  Test "rate limiting, concurrency, decoding, guides: each one honest .failed" passed after 0.973 seconds.
􁁛  Test "a per-call instruction overrides the source's own on the REAL model" passed after 0.013 seconds.
􁁛  Test "cancel silences and ends without a terminal (live audio; MMK_LIVE_SYNTH=1 to run)" passed after 0.013 seconds.
􁁛  Test "With no policy, a settling decode at .serious survives exactly as D-024 ruled" passed after 0.969 seconds.
􁁛  Test "started once, finished once, in order (model + MMK_LIVE_SYNTH=1)" passed after 0.009 seconds.
􁁛  Test "a REAL reply with a 200 ms deadline ends .finished(.deadline) with partial text, and the prefill is freed" passed after 0.009 seconds.
􁁛  Suite BatchTranscriptionTests passed after 0.982 seconds.
􁁛  Test "written run: nothing survives the cancel (MMK_LIVE_SYNTH=1)" passed after 0.009 seconds.
􁁛  Test "with no deadline the run arms nothing on the clock" passed after 0.952 seconds.
􁁛  Test "a warning ends EVERY live run on the weights" passed after 0.959 seconds.
􁁛  Test "the no-tool baseline for the same weights is measured beside it" passed after 0.009 seconds.
􁁛  Test "a .warning mid-generation ends the run's stream with NO terminal and no later token" passed after 0.976 seconds.
􀟈  Test "an offline install cycle issues ZERO requests" started.
􁁛  Test "an empty directory, or none at all, is .absent" passed after 0.005 seconds.
􀟈  Test "at the open: a ReplyFailure thrown by the mind is the turn's failure, typed (AC-325)" started.
􁁛  Test "Barge-in during thinking, before any token: the dead turn's ghost tokens never surface" passed after 0.590 seconds.
􁁛  Suite AppleReplyGeneratorTests passed after 0.990 seconds.
􀟈  Test "cutting harder never drops a word" started.
􁁛  Test "a model that calls forever is stopped after ToolRounds.cap rounds with a typed failure" passed after 0.973 seconds.
􁁛  Test "Heat arriving mid-session: earlier settling decode survives, the next move is refused with exact inputs" passed after 0.977 seconds.
􀟈  Test "the shipped fetcher's cleanup deletes its own tree, and only its own" started.
􁁛  Suite "AC-261 / AC-262 · a memory warning ends the generation with no terminal" passed after 0.992 seconds.
􁁛  Test "A scripted utterance publishes partials and a final with exact audio times" passed after 0.973 seconds.
􁁛  Test "a cancelled download writes no manifest, and the partial tree is not moved" passed after 0.024 seconds.
􁁛  Test "a turn where a tool ran and the mind said nothing replays the act (D-119)" passed after 0.018 seconds.
􁁛  Suite WrittenSynthesizerLiveTests passed after 0.995 seconds.
􁁛  Test "an interruption keeps the conversation and drops the thought (AC-196)" passed after 0.602 seconds.
􁁛  Test "Barge-in MID-GENERATION: tokens flowing, mouth open but still silent — both runs die; a ghost 'started' cannot flip the new turn" passed after 0.602 seconds.
􁁛  Test "clearMemory() forgets the past and leaves the thought alone" passed after 0.602 seconds.
􀟈  Test "temperature 0 twice, and seed 7 twice, are byte-identical" started.
􁁛  Suite "AC-222 · the MLX run executes a call itself and asks again with the answer" passed after 1.001 seconds.
􀟈  Test "an unspeakable reply still terminates — the liveness promise (runs everywhere)" started.
􁁛  Suite ThermalPolicyTests passed after 1.002 seconds.
􀟈  Test "cancel silences and ends without a terminal (model + MMK_LIVE_SYNTH=1)" started.
􁁛  Test "the session keeps what the window dropped: six turns at a bound of four, one session (AC-308)" passed after 0.986 seconds.
􁁛  Test "the shipped fetcher's cleanup deletes its own tree, and only its own" passed after 0.012 seconds.
􀟈  Test "a .warning during a REAL generation ends it with no terminal, and the memory falls back" started.
􁁛  Suite TranscriptionSessionTests passed after 1.002 seconds.
􀟈  Test "the spec's prefill cost is measured: tokens and characters, with and without the tool" started.
􁁛  Suite "AC-239/AC-240 · what a download does after the bytes land" passed after 1.002 seconds.
􁁛  Test "a counting caller sees two refusals across three scripted runs (AC-236, D-104)" passed after 0.992 seconds.
􁁛  Test "a counting caller sees two .busy across three scripted runs (AC-236)" passed after 0.992 seconds.
􀟈  Test "the safetensors alone, without the tokenizer's files, is .absent — offline-capable or nothing" started.
􁁛  Test "Barge-in during speaking: defiant synthesizer's late 'finished' cannot complete the dead turn" passed after 0.606 seconds.
􁁛  Test "The synthesizer refuses to open: turnFailed with the reason, the reply run is cancelled, the next turn runs clean" passed after 0.606 seconds.
SKIPPED (no MMK_MLX_MODEL or no metallib) — set MMK_MLX_MODEL and run Scripts/metallib.sh to make this test REAL
SKIPPED (no MMK_MLX_MODEL or no metallib) — set MMK_MLX_MODEL and run Scripts/metallib.sh to make this test REAL
SKIPPED (no MMK_MLX_MODEL or no metallib) — set MMK_MLX_MODEL and run Scripts/metallib.sh to make this test REAL
􁁛  Suite ReplyContractTests passed after 1.009 seconds.
􀟈  Test "a vendor session born with a typed tool call holds it (the vendor fact under AC-305)" started.
􁁛  Test "the safetensors alone, without the tokenizer's files, is .absent — offline-capable or nothing" passed after 0.004 seconds.
􁁛  Test "a racing download that fails AFTER its fetch never deletes the finished install" passed after 0.043 seconds.
􁁛  Test "A reply that fails MID-STREAM while speaking: turnFailed, the mouth is cancelled, the next turn runs clean" passed after 0.623 seconds.
􁁛  Test "an offline install cycle issues ZERO requests" passed after 0.022 seconds.
􀟈  Test "a history that is not the session's newest turns re-seeds: the window must match, not just fit (AC-308)" started.
􀟈  Test "a fetcher that hands back the download base never loses the base, or a sibling" started.
􁁛  Test "no vendor case with a name becomes .unexplained (AC-322)" passed after 0.994 seconds.
􁁛  Suite "AC-247 · a failure after the fetch, over a tree that was already there" passed after 1.012 seconds.
􁁛  Test "a failed session is let go at once, before the next turn exists (AC-307)" passed after 0.029 seconds.
􁁛  Test "Rapid double barge: two dead turns, the third completes; exact event sequence" passed after 0.613 seconds.
􁁛  Test "temperature 0 twice, and seed 7 twice, are byte-identical" passed after 0.009 seconds.
􁁛  Test "cancel silences and ends without a terminal (model + MMK_LIVE_SYNTH=1)" passed after 0.009 seconds.
􁁛  Test "a .warning during a REAL generation ends it with no terminal, and the memory falls back" passed after 0.010 seconds.
􁁛  Test "the spec's prefill cost is measured: tokens and characters, with and without the tool" passed after 0.009 seconds.
􁁛  Test "Every adjacent state pair across a multi-turn run is in the legal table" passed after 0.614 seconds.
􁁛  Suite "AC-236 · the Apple mind's failures are typed, one row per vendor case" passed after 1.013 seconds.
􀟈  Test "a manifest over a tree that cannot answer offline is .absent, not .installed" started.
􁁛  Test "an unspeakable phrase is never decoded, and the reply still finishes" passed after 0.031 seconds.
􀟈  Test "a REAL load-and-generate cycle issues ZERO requests" started.
􁁛  Test "the health seam outlives the session: a second session still hears it (AC-346)" passed after 0.047 seconds.
􁁛  Suite "4w · AC-222: the local mind asks the session tool and speaks the answer, when this machine has the model" passed after 1.017 seconds.
􁁛  Test "a fetcher that hands back the download base never loses the base, or a sibling" passed after 0.006 seconds.
􁁛  Test "a manifest over a tree that cannot answer offline is .absent, not .installed" passed after 0.003 seconds.
􀟈  Test "a prompt longer than the model's window is .failed(.contextWindowExceeded), no token spoken" started.
􀟈  Test "an answer the memory will not keep lets the session go, and the trace says why" started.
􀟈  Test "nothing survives the cancel — late feeds are silent (model + MMK_LIVE_SYNTH=1)" started.
􀟈  Test "a run cancelled at birth never prefills: the active memory never rises above the floor" started.
􁁛  Test "cutting harder never drops a word" passed after 0.028 seconds.
􀟈  Test "cancel during a decode stops it through the decode's own channel" started.
􀟈  Test "the app's listeners are open before any loop publishes (AC-202)" started.
􀟈  Test "a failure after the move leaves .absent, not a tree pretending to be installed" started.
SKIPPED (no MMK_MLX_MODEL or no metallib) — set MMK_MLX_MODEL and run Scripts/metallib.sh to make this test REAL
SKIPPED (no MMK_MLX_MODEL) — this test proved NOTHING on this run
SKIPPED (no MMK_MLX_MODEL or no metallib) — set MMK_MLX_MODEL and run Scripts/metallib.sh to make this test REAL
􀟈  Test "the manifest lists every regular file with its bytes, and never itself" started.
􀟈  Test "Kokoro's default cap is the phraser's 120, restored by D-087" started.
􁁛  Test timeStandsStillUntilAdvanced() passed after 1.007 seconds.
􁁛  Test "nothing survives the cancel — late feeds are silent (model + MMK_LIVE_SYNTH=1)" passed after 0.007 seconds.
􁁛  Test sleepingIntoThePastReturnsImmediately() passed after 1.007 seconds.
􁁛  Test "ten turns, one session (AC-303)" passed after 1.007 seconds.
􁁛  Test "a REAL load-and-generate cycle issues ZERO requests" passed after 0.011 seconds.
􁁛  Test "at the open: a ReplyFailure thrown by the mind is the turn's failure, typed (AC-325)" passed after 0.036 seconds.
􁁛  Test "a prompt longer than the model's window is .failed(.contextWindowExceeded), no token spoken" passed after 0.008 seconds.
􁁛  Test "a run cancelled at birth never prefills: the active memory never rises above the floor" passed after 0.008 seconds.
􁁛  Test "the manifest lists every regular file with its bytes, and never itself" passed after 0.009 seconds.
􁁛  Test "a failure after the move leaves .absent, not a tree pretending to be installed" passed after 0.009 seconds.
􀟈  Test "the fused decoder keeps the same promises (model required; skips if absent)" started.
􁁛  Test cancellationClaimsTheSleeperExactlyOnce() passed after 1.010 seconds.
􀟈  Test "a REAL neural-voice load with the model on disk issues ZERO requests" started.
􀟈  Test "a caller's own error at the open keeps its words, as .engine (AC-327, AC-328)" started.
􀟈  Test "with the weights on disk and MLX runnable, the verdict is nil and the door opens" started.
􁁛  Test "Kokoro's default cap is the phraser's 120, restored by D-087" passed after 0.004 seconds.
􀟈  Test "a .critical during a REAL generation retires the weights, and the next reply reloads them" started.
􁁛  Test "cancel during a decode stops it through the decode's own channel" passed after 0.011 seconds.
SKIPPED (the neural voice model is not installed on this machine) — this test proved NOTHING on this run
􀟈  Test "a manifest whose numbers overflow Int64 saturates, and never traps" started.
􁁛  Suite PhraseCapTests passed after 1.028 seconds.
􀟈  Test "a failed re-download never deletes a tree it did not create" started.
SKIPPED (no MMK_MLX_MODEL or no metallib) — set MMK_MLX_MODEL and run Scripts/metallib.sh to make this test REAL
SKIPPED (no MMK_MLX_MODEL or no metallib) — set MMK_MLX_MODEL and run Scripts/metallib.sh to make this test REAL
􁁛  Test "no deadline means no sleeper: the clock cannot end a reply that carries nil (AC-264, AC-265)" passed after 1.018 seconds.
􁁛  Test "the app's listeners are open before any loop publishes (AC-202)" passed after 0.012 seconds.
􁁛  Test "a .tooHot door fails the turn honestly; the next turn runs clean; memory is not poisoned" passed after 1.009 seconds.
􁁛  Test "a manifest whose numbers overflow Int64 saturates, and never traps" passed after 0.001 seconds.
􀟈  Test "turn ten sends the model its new words and nothing else (AC-303)" started.
􁁛  Test "an answer the memory will not keep lets the session go, and the trace says why" passed after 0.016 seconds.
􁁛  Test "the fused decoder keeps the same promises (model required; skips if absent)" passed after 0.005 seconds.
􁁛  Test "a REAL neural-voice load with the model on disk issues ZERO requests" passed after 0.005 seconds.
􀟈  Test "a decode that throws after a cancel reports nothing" started.
􁁛  Test "a .critical during a REAL generation retires the weights, and the next reply reloads them" passed after 0.005 seconds.
􁁛  Test "Cancel latency is exactly zero in mock time — teardown has no clock waits; a dead turn reports nothing" passed after 0.634 seconds.
􁁛  Test "with the weights on disk and MLX runnable, the verdict is nil and the door opens" passed after 0.005 seconds.
􀟈  Test "teardown runs actors → stopRendering → releaseSource (AC-203)" started.
􁁛  Test "a failed re-download never deletes a tree it did not create" passed after 0.004 seconds.
􁁛  Test "a reply that ends before its deadline leaves NO sleeper on the clock" passed after 1.019 seconds.
􁁛  Test "a history that is not the session's newest turns re-seeds: the window must match, not just fit (AC-308)" passed after 0.024 seconds.
􀟈  Test "download on a complete pre-4v tree touches nothing and writes no manifest" started.
􀟈  Test "a reply that ends .finished(.deadline) is spoken as far as it got and completes the turn (AC-264)" started.
􁁛  Suite "4y · admission, pressure and the deadline against the real model, when this machine has it" passed after 1.035 seconds.
􁁛  Suite "4v · the local mind honours the contract, when this machine has the model" passed after 1.039 seconds.
􀟈  Test "a barge re-seeds the next turn from the memory, the cut turn marked interrupted (AC-306)" started.
􀟈  Test "feed hands off — an immediate cancel is never heard (model required)" started.
􀟈  Test "the page states the recorder's REAL reach, not a wider one" started.
􀟈  Test "a download that fails LATE never deletes the install another one just finished" started.
􀟈  Test "a re-seed carries the bound, typed: the last four turns with their tools, not the first two (AC-308)" started.
􁁛  Test "download on a complete pre-4v tree touches nothing and writes no manifest" passed after 0.006 seconds.
􁁛  Test "no deadline arms no sleeper (AC-264, AC-265)" passed after 0.946 seconds.
􁁛  Test "through the coordinator: the turn completes, and the retried session carries the conversation (AC-317)" passed after 0.068 seconds.
􁁛  Suite "AC-239 · the install manifest: every file, every byte" passed after 1.041 seconds.
􁁛  Test "Turn latency = final accepted → the started evidence: exact on a manual clock" passed after 0.644 seconds.
􁁛  Test "feed hands off — an immediate cancel is never heard (model required)" passed after 0.003 seconds.
􁁛  Test "a decode that throws after a cancel reports nothing" passed after 0.009 seconds.
􁁛  Test "the page states the recorder's REAL reach, not a wider one" passed after 0.004 seconds.
􀟈  Test "two failures: the named failure, once — no third try (AC-318)" started.
􁁛  Test "a source that finishes first ends .finished(.unreported) and releases the sleeper (AC-264)" passed after 0.949 seconds.
􁁛  Test "a caller's own error at the open keeps its words, as .engine (AC-327, AC-328)" passed after 0.015 seconds.
􀟈  Test "the fused decoder speaks and stops (model + MMK_LIVE_SYNTH=1)" started.
􁁛  Test "a cancel before the deadline ends with no terminal and no sleeper" passed after 1.033 seconds.
􀟈  Test "a host that refuses to render makes the run fail loudly at construction" started.
􀟈  Test "the recorder is BLIND to a session built the way the hub client builds one" started.
􁁛  Test "AC-224: a barge lands while a tool call is pending; the late answer goes nowhere" passed after 1.037 seconds.
􀟈  Test "a TurnFailure thrown at the open passes through unchanged (AC-327)" started.
􁁛  Test "teardown runs actors → stopRendering → releaseSource (AC-203)" passed after 0.015 seconds.
􀟈  Test "AC-226: a defiant run pushes the tool's late answer into a dead turn — the ticket discards it" started.
􁁛  Test "the fused decoder speaks and stops (model + MMK_LIVE_SYNTH=1)" passed after 0.004 seconds.
􀟈  Test "listen-only tears down source-last with no rendering step" started.
􁁛  Test "a host that refuses to render makes the run fail loudly at construction" passed after 0.004 seconds.
􁁛  Test "a download that fails LATE never deletes the install another one just finished" passed after 0.011 seconds.
􀟈  Test "feed hands off rather than decoding — no model needed" started.
􁁛  Test "the recorder is BLIND to a session built the way the hub client builds one" passed after 0.005 seconds.
􁁛  Test "two failures: the named failure, once — no third try (AC-318)" passed after 0.010 seconds.
􁁛  Suite "4x · the network, named and proven" passed after 1.053 seconds.
􁁛  Suite NeuralVoiceConformanceTests passed after 1.051 seconds.
􀟈  Test "an existing complete install survives a later re-download, untouched" started.
􀟈  Test "no retry when no tool ran: nothing was saved, the person can say it again (AC-319)" started.
􁁛  Test "a TurnFailure thrown at the open passes through unchanged (AC-327)" passed after 0.008 seconds.
􁁛  Test "A sub-window transient publishes nothing — nothing for the turn loop to barge on" passed after 1.046 seconds.
􁁛  Test "Latency from capture to speechStarted is exact audio time" passed after 1.046 seconds.
􁁛  Test "feed hands off rather than decoding — no model needed" passed after 0.004 seconds.
􁁛  Test "Frames lost to a full ring appear as a dropped event with the exact count" passed after 1.046 seconds.
􁁛  Test "The pump parks on the injected clock, wakes on each poll, and leaves nothing behind" passed after 1.046 seconds.
􁁛  Test "With the window wired per the F-4 law, the word is not beheaded" passed after 1.046 seconds.
􁁛  Test "A scripted utterance produces the exact event sequence, in timeline order" passed after 1.046 seconds.
􁁛  Test "The pump mirrors ring drops into health, same numbers, same stamp" passed after 1.042 seconds.
􁁛  Test "Two listeners receive identical sequences" passed after 1.047 seconds.
􁁛  Test "listen-only tears down source-last with no rendering step" passed after 0.006 seconds.
􀟈  Test "the unnamed failure, after its retry, reaches the conversation typed (AC-329)" started.
􀟈  Test "the run's render format comes from the decoder, not from the host" started.
􁁛  Suite DiagnosticsWiringTests passed after 1.059 seconds.
􁁛  Test "reply(to:) returns the partial text with stop == .deadline — a stop reason, not a failure" passed after 1.045 seconds.
􀟈  Test "every policy value goes through untouched (AC-204)" started.
􁁛  Test "GenerationOptions.deadline ends a slow reply on the injected clock — Reply(partial, .deadline) (AC-264)" passed after 1.049 seconds.
􁁛  Suite AdmissionSeamTests passed after 1.061 seconds.
􁁛  Test "a re-seed carries the bound, typed: the last four turns with their tools, not the first two (AC-308)" passed after 0.020 seconds.
􁁛  Test "the run's render format comes from the decoder, not from the host" passed after 0.003 seconds.
􁁛  Test "reply(to:) returns Reply("", .deadline) when the clock ends a silent reply (AC-264)" passed after 0.968 seconds.
􁁛  Test "no retry when no tool ran: nothing was saved, the person can say it again (AC-319)" passed after 0.006 seconds.
􁁛  Test "every policy value goes through untouched (AC-204)" passed after 0.003 seconds.
􁁛  Test "Only the last two held chunks are pre-rolled, and they arrive before the live audio" passed after 1.053 seconds.
􁁛  Test "turn ten sends the model its new words and nothing else (AC-303)" passed after 0.035 seconds.
􀟈  Test "memory off re-seeds every turn with no past (AC-308)" started.
􁁛  Test "an existing complete install survives a later re-download, untouched" passed after 0.008 seconds.
􁁛  Suite AIRuntimeTests passed after 1.063 seconds.
􀟈  Test "no retry once a word was said: a second answer would be a stutter (AC-319, F-19 A)" started.
􁁛  Test "a reply that ends .finished(.deadline) is spoken as far as it got and completes the turn (AC-264)" passed after 0.027 seconds.
􀟈  Test "ten turns through the coordinator, on the memory it really keeps: one session (AC-303)" started.
􀟈  Test "the backup flag is set by a download, and restored by the next one" started.
􀟈  Test "shutdown is safe on a voice that never spoke, and safe twice" started.
􀟈  Test "the coordinator passes no deadline: every driven call records deadline == nil (AC-265)" started.
􁁛  Test "a token the source yields after the deadline is never heard" passed after 1.049 seconds.
􁁛  Test "the deadline fires while the body is parked: the write lands once, then ONE terminal, the clock's, last" passed after 1.056 seconds.
􁁛  Suite "AC-278 · the deadline waits for a running tool body: one write, then .finished(.deadline), once and last" passed after 1.070 seconds.
􁁛  Test "shutdown is safe on a voice that never spoke, and safe twice" passed after 0.005 seconds.
􁁛  Test "a barge re-seeds the next turn from the memory, the cut turn marked interrupted (AC-306)" passed after 0.031 seconds.
􀟈  Test "a one-shot decode cannot be stopped in flight, and still publishes nothing" started.
􁁛  Test "no retry once a word was said: a second answer would be a stutter (AC-319, F-19 A)" passed after 0.006 seconds.
􀟈  Test "stop() lets the conversation's session go (AC-310)" started.
􁁛  Test "the unnamed failure, after its retry, reaches the conversation typed (AC-329)" passed after 0.011 seconds.
􀟈  Test "no retry for a failure with a name (AC-319)" started.
􁁛  Test "memory off re-seeds every turn with no past (AC-308)" passed after 0.007 seconds.
􁁛  Suite "AC-324…AC-329 · a turn's failure is typed" passed after 1.070 seconds.
􀟈  Test case passing 1 argument which → "context" to "no retry for a failure with a name (AC-319)" started.
􁁛  Test sleeperWakesAtItsExactMoment() passed after 1.055 seconds.
􁁛  Test chainedSleepsLandExactlyInsideOneAdvance() passed after 1.054 seconds.
􀟈  Test "full before a word, in a session that outgrew the window: re-seeded and asked again once (AC-308)" started.
􁁛  Test earlierDeadlinesWakeFirstWithTheirOwnMoments() passed after 1.054 seconds.
􁁛  Test "a one-shot decode cannot be stopped in flight, and still publishes nothing" passed after 0.001 seconds.
􁁛  Suite ManualClockTests passed after 1.071 seconds.
􁁛  Suite NeuralVoiceFailurePathTests passed after 1.073 seconds.
􁁛  Test "a never-finishing source ends .finished(.deadline) with the snapshots so far (AC-264)" passed after 0.978 seconds.
􁁛  Test "A stale final during the gate is dropped at the door; the armed reply survives it" passed after 0.674 seconds.
􀟈  Test case passing 1 argument which → "assets" to "no retry for a failure with a name (AC-319)" started.
􁁛  Test "The gate holds the generator shut, then expiry opens thinking at the exact instant" passed after 0.674 seconds.
􁁛  Test "An onset one tick before expiry wins the race" passed after 0.674 seconds.
􁁛  Test "stop() lets the conversation's session go (AC-310)" passed after 0.002 seconds.
􁁛  Test "a reply that never finishes ends .finished(.deadline) with the tokens so far when the clock reaches 200 ms" passed after 1.059 seconds.
􀟈  Test "a new conversation on the same generator starts a new session, from no past (AC-310)" started.
􁁛  Test "AC-226: a defiant run pushes the tool's late answer into a dead turn — the ticket discards it" passed after 0.023 seconds.
􀟈  Test case passing 1 argument which → "language" to "no retry for a failure with a name (AC-319)" started.
􀟈  Test "AC-225: a throwing tool fails the turn honestly, and the next turn runs clean" started.
􁁛  Test "the backup flag is set by a download, and restored by the next one" passed after 0.017 seconds.
􁁛  Suite "AC-247/248/249/250 · a download that stops, and one that finishes" passed after 1.082 seconds.
􀟈  Test case passing 1 argument which → "rate" to "no retry for a failure with a name (AC-319)" started.
􁁛  Test "A partial chunk waits for the next poll instead of being padded or judged" passed after 1.071 seconds.
􁁛  Suite AudioPumpTests passed after 1.082 seconds.
􀟈  Test case passing 1 argument which → "concurrent" to "no retry for a failure with a name (AC-319)" started.
􁁛  Test "the coordinator passes no deadline: every driven call records deadline == nil (AC-265)" passed after 0.017 seconds.
􁁛  Test "a new conversation on the same generator starts a new session, from no past (AC-310)" passed after 0.008 seconds.
􀟈  Test "the coordinator's own source names no thermal policy, no thermometer and no GenerationOptions (AC-265)" started.
􀟈  Test "clearMemory() ends the conversation's session too (AC-310)" started.
􁁛  Test "full before a word, in a session that outgrew the window: re-seeded and asked again once (AC-308)" passed after 0.012 seconds.
􀟈  Test "full after a word: the turn fails, and the next turn re-seeds (AC-308)" started.
􁁛  Test "deadline then finish, and finish then deadline: the second ending is a no-op (AC-264)" passed after 0.991 seconds.
􁁛  Test "AC-225: a throwing tool fails the turn honestly, and the next turn runs clean" passed after 0.011 seconds.
􀟈  Test "AC-225 / F-4 = B: a name no tool has is answered in words, and the turn completes" started.
􁁛  Test "the coordinator's own source names no thermal policy, no thermometer and no GenerationOptions (AC-265)" passed after 0.005 seconds.
􁁛  Suite AdmissionCoordinatorTests passed after 1.087 seconds.
􁁛  Test "clearMemory() ends the conversation's session too (AC-310)" passed after 0.006 seconds.
􁁛  Test "full after a word: the turn fails, and the next turn re-seeds (AC-308)" passed after 0.004 seconds.
􀟈  Test "a continued turn reports nothing: only a session's birth is reported (D-118 F-13 A)" started.
􀟈  Test "full in a kept session that holds just the window: no re-ask (F-22 B)" started.
􁁛  Test "a mouth that never speaks reports zero, not a plausibly fast number" passed after 1.079 seconds.
􁁛  Test "a continued turn reports nothing: only a session's birth is reported (D-118 F-13 A)" passed after 0.001 seconds.
􁁛  Test "full in a kept session that holds just the window: no re-ask (F-22 B)" passed after 0.001 seconds.
􁁛  Test "ten turns through the coordinator, on the memory it really keeps: one session (AC-303)" passed after 0.026 seconds.
􀟈  Test "a session made aside is not the conversation's, and is not reported (AC-309, D-118)" started.
􀟈  Test "full in a session just seeded from the window: no re-ask, the turn fails as AC-116 does (F-22 B)" started.
􁁛  Test "AC-225 / F-4 = B: a name no tool has is answered in words, and the turn completes" passed after 0.001 seconds.
􀟈  Test "the instructions and the tools are given once, at the session's birth (AC-304)" started.
􀟈  Test "AC-277: a barge during a writing tool — one write, the answer dies, the next turn is clean (F-5 = A)" started.
􀟈  Test case passing 1 argument which → "guardrail" to "no retry for a failure with a name (AC-319)" started.
􁁛  Test "full in a session just seeded from the window: no re-ask, the turn fails as AC-116 does (F-22 B)" passed after 0.001 seconds.
􁁛  Suite "AC-308 · the memory's bound against a kept session" passed after 1.091 seconds.
􀟈  Test case passing 1 argument which → "refusal" to "no retry for a failure with a name (AC-319)" started.
􁁛  Test "An onset during the gate kills the pending reply silently; the next final gates again" passed after 0.693 seconds.
􁁛  Test "no retry for a failure with a name (AC-319)" with 7 test cases passed after 0.022 seconds.
􁁛  Test "a session made aside is not the conversation's, and is not reported (AC-309, D-118)" passed after 0.003 seconds.
􁁛  Suite "AC-306/307/310 · when a session ends" passed after 1.087 seconds.
􁁛  Test "the instructions and the tools are given once, at the session's birth (AC-304)" passed after 0.003 seconds.
􀟈  Test "a failure at the door makes no session, so nothing to retry (AC-319: .tooHot)" started.
􀟈  Test "the same table on every call keeps one session (AC-304, the demo's shape)" started.
􁁛  Test "a failure at the door makes no session, so nothing to retry (AC-319: .tooHot)" passed after 0.001 seconds.
􀟈  Test "a barge during the retry cancels it; the write stands; nothing runs twice (AC-320)" started.
􁁛  Test "the same table on every call keeps one session (AC-304, the demo's shape)" passed after 0.001 seconds.
􀟈  Test "a tool made once for the session honours each answer's own yes (4z F-10 B-ii, kept by 5b)" started.
􁁛  Test "a tool made once for the session honours each answer's own yes (4z F-10 B-ii, kept by 5b)" passed after 0.002 seconds.
􀟈  Test "a session whose answer was cut is never asked again, even when the history still matches (AC-306)" started.
􁁛  Test "a barge during the retry cancels it; the write stands; nothing runs twice (AC-320)" passed after 0.004 seconds.
􁁛  Test "a session whose answer was cut is never asked again, even when the history still matches (AC-306)" passed after 0.001 seconds.
􀟈  Test "one retry, one health event naming it, beside the fresh session's birth (AC-321)" started.
􀟈  Test "a call with other instructions gets a session of its own; the conversation's is not disturbed (AC-309)" started.
􁁛  Test "AC-277: a barge during a writing tool — one write, the answer dies, the next turn is clean (F-5 = A)" passed after 0.008 seconds.
􀟈  Test "AC-221: the run calls the tool itself — the coordinator sees only tokens and one terminal" started.
􁁛  Test "one retry, one health event naming it, beside the fresh session's birth (AC-321)" passed after 0.001 seconds.
􁁛  Suite "AC-317…AC-321 · the reply retry" passed after 1.098 seconds.
􁁛  Test "a call with other instructions gets a session of its own; the conversation's is not disturbed (AC-309)" passed after 0.001 seconds.
􁁛  Test "a retire during the build does not strand the queue either" passed after 1.094 seconds.
􁁛  Test "a spoken turn reports every stage, exact, at its first sound (AC-335)" passed after 1.092 seconds.
􁁛  Test "THREE concurrent cold callers all get the value — none is stranded" passed after 1.095 seconds.
􀟈  Test "turnLatency did not move: it is the timeline's stages since the final (AC-337)" started.
􁁛  Suite "a retirable resource" passed after 1.101 seconds.
􁁛  Test "a vendor session born with a typed tool call holds it (the vendor fact under AC-305)" passed after 0.092 seconds.
􀟈  Test "the adapter reports each use to the answer in progress (D-117 F-8 A)" started.
􀟈  Test "a call with another table gets a session of its own; the conversation's is not disturbed (AC-309)" started.
􁁛  Test "first audio is stamped at `.started`, not when the feed returns" passed after 1.096 seconds.
􁁛  Test "AC-221: the run calls the tool itself — the coordinator sees only tokens and one terminal" passed after 0.010 seconds.
􀟈  Test "D-120: ReplyUpdate is .token / .toolRan / .finished / .failed — records, never a call to run" started.
􁁛  Test "the adapter reports each use to the answer in progress (D-117 F-8 A)" passed after 0.008 seconds.
􀟈  Test "a refused call is reported too: the model was told something (D-117 F-8 A)" started.
􁁛  Test "a refused call is reported too: the model was told something (D-117 F-8 A)" passed after 0.001 seconds.
􀟈  Test "the Apple mind sends .toolRan on the reply stream when a tool ran (D-117 F-8 A)" started.
􁁛  Test "the Apple mind sends .toolRan on the reply stream when a tool ran (D-117 F-8 A)" passed after 0.001 seconds.
􀟈  Test "a text caller finds the tools on Reply (D-117 F-8 A)" started.
􁁛  Test "a text caller finds the tools on Reply (D-117 F-8 A)" passed after 0.001 seconds.
􀟈  Test "the coordinator keeps what ran on the turn it belongs to (AC-311)" started.
􁁛  Test "a call with another table gets a session of its own; the conversation's is not disturbed (AC-309)" passed after 0.010 seconds.
􁁛  Suite "AC-303/304/306/309 · one session for many turns" passed after 1.110 seconds.
􁁛  Test "turnLatency did not move: it is the timeline's stages since the final (AC-337)" passed after 0.013 seconds.
􁁛  Test "a second `.started` does not move the number already earned" passed after 1.104 seconds.
􁁛  Suite "timing one utterance" passed after 1.114 seconds.
􀟈  Test "the gate is its own stage: 500 ms in, 500 ms out (AC-336)" started.
􁁛  Test "the coordinator keeps what ran on the turn it belongs to (AC-311)" passed after 0.004 seconds.
􀟈  Test "a turn where a tool ran and the mind said nothing is remembered through the coordinator (D-119)" started.
􁁛  Test "a turn where a tool ran and the mind said nothing is remembered through the coordinator (D-119)" passed after 0.004 seconds.
􀟈  Test "ten turns that each use a tool, through the coordinator: still one session (AC-303 with tools)" started.
􁁛  Test "the gate is its own stage: 500 ms in, 500 ms out (AC-336)" passed after 0.008 seconds.
􁁛  Test "D-120: ReplyUpdate is .token / .toolRan / .finished / .failed — records, never a call to run" passed after 0.013 seconds.
􀟈  Test "no gate: the stage is zero, and the others are untouched (AC-336)" started.
􀟈  Test "ToolTable: exact name, nil for a stranger, both failures typed" started.
􁁛  Test "no gate: the stage is zero, and the others are untouched (AC-336)" passed after 0.003 seconds.
􀟈  Test "an end the coordinator never saw leaves earFinish empty, not zero" started.
􁁛  Test "ToolTable: exact name, nil for a stranger, both failures typed" passed after 0.005 seconds.
􁁛  Suite ToolSpikeTests passed after 1.129 seconds.
􁁛  Test "an end the coordinator never saw leaves earFinish empty, not zero" passed after 0.004 seconds.
􀟈  Test "a person who went on: the older utterance's end is not this one's" started.
􁁛  Test "a person who went on: the older utterance's end is not this one's" passed after 0.002 seconds.
􀟈  Test "an ear that finishes before the end decision reports a negative earFinish" started.
􁁛  Test "an ear that finishes before the end decision reports a negative earFinish" passed after 0.003 seconds.
􀟈  Test "a barge while speaking: the window, then the silence; the pause was already reported (AC-338)" started.
􁁛  Test "ten turns that each use a tool, through the coordinator: still one session (AC-303 with tools)" passed after 0.020 seconds.
􁁛  Suite "AC-305/311 · a tool call is a tool call" passed after 1.138 seconds.
deadline-vs-finish winners over 20 rounds: [MultiModalKit.StopReason.deadline, MultiModalKit.StopReason.unreported]
􁁛  Test "the deadline and the last snapshot at once: exactly one terminal (AC-264, the latch)" passed after 1.046 seconds.
􁁛  Suite "AC-264 · the Apple mind's deadline is the injected clock's ending" passed after 1.137 seconds.
􁁛  Test "a barge while speaking: the window, then the silence; the pause was already reported (AC-338)" passed after 0.009 seconds.
􀟈  Test "a barge with the window off: the window is zero (AC-338)" started.
􁁛  Test "a barge with the window off: the window is zero (AC-338)" passed after 0.008 seconds.
􀟈  Test "a barge while thinking: no window, and no pause timeline — the turn never spoke (AC-338)" started.
􁁛  Test "run() returns after an interruption even when the inputs ended first" passed after 0.755 seconds.
􁁛  Test "A pre-interruption final arriving AFTER resume must not rejoin the thought" passed after 0.756 seconds.
􁁛  Test "The refused final contributes content and still triggers nothing (AC-87)" passed after 0.756 seconds.
􁁛  Test "An empty final is NOT rescued into a reply by a full ledger (AC-87)" passed after 0.756 seconds.
􁁛  Test "CRITICAL: a generator that throws AFTER an interruption must not fail the turn twice" passed after 0.756 seconds.
􁁛  Test "A dead turn cannot speak after an interruption — defiant stages included" passed after 0.756 seconds.
􁁛  Test "a barge while thinking: no window, and no pause timeline — the turn never spoke (AC-338)" passed after 0.001 seconds.
􀟈  Test "an empty final reports no timeline (AC-339)" started.
􁁛  Test "Interrupting while idle publishes nothing at all" passed after 0.770 seconds.
􁁛  Test "CRITICAL: a synthesizer that throws AFTER an interruption must not fail the turn twice" passed after 0.757 seconds.
􁁛  Test "A final STASHED before an interruption is not replayed after resume" passed after 0.759 seconds.
􁁛  Suite TurnCoordinatorTests passed after 1.158 seconds.
􁁛  Test "an empty final reports no timeline (AC-339)" passed after 0.003 seconds.
􀟈  Test "a failed ear reports no timeline (AC-339)" started.
􁁛  Test "a failed ear reports no timeline (AC-339)" passed after 0.001 seconds.
􀟈  Test "a reply killed inside the gate by a person who goes on reports no timeline (AC-339)" started.
􁁛  Test "a reply killed inside the gate by a person who goes on reports no timeline (AC-339)" passed after 0.001 seconds.
􀟈  Test "a mind that chose silence reports no timeline (AC-339)" started.
􁁛  Test "a mind that chose silence reports no timeline (AC-339)" passed after 0.002 seconds.
􀟈  Test "a reporter written for 0.5.0 still conforms, and the new hand-offs default to nothing (AC-340)" started.
􁁛  Test "a reporter written for 0.5.0 still conforms, and the new hand-offs default to nothing (AC-340)" passed after 0.001 seconds.
􀟈  Test "the felt pause is the app's hangover plus every stage" started.
􁁛  Test "the felt pause is the app's hangover plus every stage" passed after 0.001 seconds.
􁁛  Suite "AC-335…AC-340 · the turn timeline" passed after 1.167 seconds.
􁁛  Test "A read never returns a mix of old and in-flight frames" passed after 1.292 seconds.
􁁛  Suite AudioRingBufferTests passed after 1.303 seconds.
􀢄  Test "a tap in the second life adopts the transfer the first life started" recorded an issue at ModelDownloaderReentryTests.swift:51:9: Expectation failed: firstWords.contains("enqueued")
􀄵  the first life saw a byte and died: 
􀄵  firstWords.contains("enqueued") → false
􀄵    firstWords → ""
􀢄  Test "a tap in the second life adopts the transfer the first life started" failed after 1.413 seconds with 1 issue.
􀄵  /// AC-292: the daemon kept the transfer while no process of ours was
􀄵  /// alive; the second life ADOPTS it by its description when the
􀄵  /// person taps again, sees a fraction at once, and gets the complete
􀄵  /// file without a second request.
􀟈  Test "the file lands without a tap, while the wake-up's completion handler is held" started.
􁁛  Test "no module supplies a credential or reads an identifier" passed after 1.487 seconds.
􁁛  Test "the file lands without a tap, while the wake-up's completion handler is held" passed after 0.472 seconds.
􀢄  Suite "AC-292/297 · the app that died, and the one that came back" failed after 1.904 seconds with 1 issue.
􀄵  /// AC-292 and AC-297 (SPEC §203) — the transfer survives the process, and
􀄵  /// the re-entry door (5a, D-114 F-1 = A).
􀄵  ///
􀄵  /// The shape of `docs/evidence/5a/probes/probe3`, as a test. A HELPER
􀄵  /// PROCESS (`DownloadHelper`, built beside this bundle) plays both lives
􀄵  /// of an app under one session identifier: the first life enqueues a
􀄵  /// file on a background session and EXITS mid-transfer, with the server
􀄵  /// holding the connection; the second life — the same executable, run
􀄵  /// again — either taps (adopts the daemon's task and finishes it) or is
􀄵  /// woken (hands over a completion handler). The same executable for both
􀄵  /// lives is not a convenience: the daemon scopes a session by its client,
􀄵  /// and a session one program started is not shown to another — measured
􀄵  /// while writing this suite, when the test process itself could not see
􀄵  /// the helper's task.
􀄵  ///
􀄵  /// What is measured lives OUTSIDE the helper: the server counts one
􀄵  /// request, the file appears on disk complete, and the helper's words
􀄵  /// are checked against both. Waits are events — a line the helper
􀄵  /// prints, the server saying it has parked, the process exiting.
􀄵  ///
􀄵  /// Skipped, with the reason on the trait, when the helper is not beside
􀄵  /// the test bundle — an Xcode run that did not build it can honestly say
􀄵  /// nothing about a process it cannot start.
􁁛  Test "an unspeakable reply still terminates — the liveness promise (runs everywhere)" passed after 1.037 seconds.
􀟈  Test "nothing survives the cancel — late feeds are silent (live audio; MMK_LIVE_SYNTH=1)" started.
􁁛  Test "nothing survives the cancel — late feeds are silent (live audio; MMK_LIVE_SYNTH=1)" passed after 0.001 seconds.
􁁛  Suite AppleSynthesizerConformanceTests passed after 2.040 seconds.
􁁛  Test "both files arrive under one fraction, never decreasing, 1.0 once; then it is installed" passed after 2.085 seconds.
􀟈  Test "an installed Kokoro says 1.0 once and asks the server nothing" started.
􁁛  Test "one entry per step, carrying the audio that step produced" passed after 2.090 seconds.
􀟈  Test "the margin carries the first step's audio beside its wall time" started.
􁁛  Test "fractions never decrease and end at exactly one 1.0; every file lands complete" passed after 2.085 seconds.
􀟈  Test "a plan whose files are already complete reports one 1.0 and asks the server nothing" started.
􁁛  Test "a plan whose files are already complete reports one 1.0 and asks the server nothing" passed after 0.005 seconds.
􀟈  Test "a file that lands short of its declared size is refused and not kept" started.
􁁛  Test "a declared required-reason category is one the source actually uses" passed after 2.487 seconds.
􁁛  Suite "4x · the privacy contract, checked against the source" passed after 2.493 seconds.
􁁛  Test "a leak that ended cannot barge later on somebody else's audio" passed after 2.828 seconds.
􁁛  Test "a 480 ms burst — the echo's exact fingerprint — does NOT barge" passed after 2.828 seconds.
􁁛  Test "just under the window does not barge" passed after 2.832 seconds.
􁁛  Suite "the barge window" passed after 2.850 seconds.
􁁛  Test "cancel ends the stream without a final (model required; skips if absent)" passed after 2.847 seconds.
􁁛  Suite AppleSpeechEngineConformanceTests passed after 2.853 seconds.
􁁛  Test "deleting with no reservation held is a no-op, and removes nothing of the system's" passed after 2.835 seconds.
􁁛  Suite "AC-294/295 · the Apple engine, whose bytes are the system's" passed after 2.852 seconds.
􁁛  Test "a file that lands short of its declared size is refused and not kept" passed after 0.747 seconds.
􀟈  Test "a cancel keeps resume data; the next transfer sends Range, gets 206, and never pays twice" started.
􁁛  Test "CONTROL — the shipped zero lead finishes even when tokens close after the decode" passed after 2.840 seconds.
􀟈  Test "THE HOLE, CLOSED (D-055) — a lead larger than the reply, tokens closing last" started.
􁁛  Test "an installed Kokoro says 1.0 once and asks the server nothing" passed after 0.774 seconds.
􀟈  Test "a truncated download is fetched again, alone" started.
􁁛  Test "the margin carries the first step's audio beside its wall time" passed after 0.782 seconds.
􀟈  Test "the record finds a peak the old rule reads as zero" started.
􁁛  Test "the record finds a peak the old rule reads as zero" passed after 0.084 seconds.
􀟈  Test "a decode that produces nothing records nothing to size from" started.
􁁛  Test "a decode that produces nothing records nothing to size from" passed after 0.006 seconds.
􁁛  Suite DecodeStepRecordTests passed after 2.976 seconds.
􁁛  Test "THE HOLE, CLOSED (D-055) — a lead larger than the reply, tokens closing last" passed after 0.522 seconds.
􀟈  Test "THE CONTRAST — the same lead is fine when the token stream closes first" started.
􁁛  Test "a truncated download is fetched again, alone" passed after 0.760 seconds.
􀟈  Test "remove takes the downloads, the cast and the resume data, and leaves the app's folder" started.
§70 resume · file 2097152 B · sent 2228224 B across both attempts · overhead 6.2% · resumed at 262144 B
􁁛  Test "a cancel keeps resume data; the next transfer sends Range, gets 206, and never pays twice" passed after 0.861 seconds.
􀟈  Test "a dropped connection keeps resume data too (F-4 A), on a foreground session" started.
􁁛  Test "a dropped connection keeps resume data too (F-4 A), on a foreground session" passed after 0.077 seconds.
􀟈  Test "two callers, one transfer: one request per file, both see the fractions, both return" started.
􁁛  Test "THE CONTRAST — the same lead is fine when the token stream closes first" passed after 0.535 seconds.
􁁛  Suite PlaybackLeadStrandTests passed after 3.916 seconds.
􁁛  Test "remove takes the downloads, the cast and the resume data, and leaves the app's folder" passed after 0.732 seconds.
􀟈  Test "deleteModel retires the voice and removes the files; modelInstalled reads false" started.
􁁛  Test "deleteModel retires the voice and removes the files; modelInstalled reads false" passed after 0.569 seconds.
􀟈  Test "the download's size is known without the network: the two files' bytes" started.
􁁛  Test "the download's size is known without the network: the two files' bytes" passed after 0.042 seconds.
􁁛  Suite "AC-291/294/295 · Kokoro through the downloader" passed after 4.978 seconds.
􁁛  Test "four hundred deadlines against a firehose: a token is never spoken after .finished(.deadline)" passed after 5.159 seconds.
􁁛  Suite "AC-264 · a deadline ends a slow MLX reply .finished(.deadline)" passed after 5.174 seconds.
􁁛  Test "ensureModel(progress:) on an installed variant: one 1.0, then a loaded pipeline" passed after 5.709 seconds.
􁁛  Suite "AC-291 · the ear's load half, when this machine has the model" passed after 5.723 seconds.
􁁛  Test "one final, then silence, then the stream ends (model required; skips if absent)" passed after 6.027 seconds.
􀟈  Test "cancel ends the stream without a final (model required; skips if absent)" started.
􁁛  Test "cancel ends the stream without a final (model required; skips if absent)" passed after 2.120 seconds.
􀟈  Test "prewarm is safe and idempotent (model required; skips if absent)" started.
􁁛  Test "prewarm is safe and idempotent (model required; skips if absent)" passed after 3.399 seconds.
􁁛  Suite WhisperEngineConformanceTests passed after 11.559 seconds.
􁁛  Test "the variant's six directories arrive under one fraction; then installed" passed after 19.587 seconds.
􀟈  Test "an installed variant reports one 1.0 and asks the server nothing" started.
§70 join · 2 callers · 1 request(s) · 524288 B sent · file 524288 B
􁁛  Test "two callers, one transfer: one request per file, both see the fractions, both return" passed after 16.867 seconds.
􀟈  Test "F-8 A: the transfer stops when the LAST waiter cancels, not the first" started.
􁁛  Test "F-8 A: the transfer stops when the LAST waiter cancels, not the first" passed after 0.084 seconds.
􁁛  Suite "AC-291/293/296 · the downloader against a counting server" passed after 20.747 seconds.
􁁛  Test "an installed variant reports one 1.0 and asks the server nothing" passed after 1.380 seconds.
􀟈  Test "a variant installed beside another does not fetch the shared tokenizer twice" started.
􁁛  Test "both repositories arrive under one fraction; then installed, with the tokenizer" passed after 22.211 seconds.
􀟈  Test "an installed variant reports one 1.0 and asks the server nothing" started.
􁁛  Test "a partial the system lost before the resume: the system refetches it, and the file lands (AC-331, measured)" passed after 22.322 seconds.
􀟈  Test "resume data nothing can read: the file restarts once from the start, and lands (AC-331)" started.
􁁛  Test "resume data nothing can read: the file restarts once from the start, and lands (AC-331)" passed after 0.045 seconds.
􀟈  Test "a restart that fails too ends the transfer — no third attempt (AC-332)" started.
􁁛  Test "a restart that fails too ends the transfer — no third attempt (AC-332)" passed after 0.020 seconds.
􀟈  Test "a resumed task that fails with fresh resume data keeps it, and fails as today (AC-333)" started.
􁁛  Test "a resumed task that fails with fresh resume data keeps it, and fails as today (AC-333)" passed after 0.025 seconds.
􁁛  Suite "AC-331…AC-333 · a stale resume restarts its file once" passed after 22.420 seconds.
􁁛  Test "an installed variant reports one 1.0 and asks the server nothing" passed after 0.470 seconds.
􀟈  Test "a stopped transfer leaves nothing installed, keeps its scratch, and resumes next time" started.
􁁛  Test "one request lists, one per file moves; one byte fraction, 1.0 once; then .installed with a manifest" passed after 23.290 seconds.
􀟈  Test "an installed model reports one 1.0 and asks the server nothing" started.
􁁛  Test "an installed model reports one 1.0 and asks the server nothing" passed after 0.488 seconds.
􀟈  Test "a cancel keeps the scratch and its resume data; .absent throughout; the next call resumes with a Range" started.
􁁛  Test "a stopped transfer leaves nothing installed, keeps its scratch, and resumes next time" passed after 2.446 seconds.
􀟈  Test "the size is known without the network: the measured variants, then this device's listing" started.
􁁛  Test "the size is known without the network: the measured variants, then this device's listing" passed after 0.264 seconds.
􀟈  Test "deleteModel removes this variant's folders and listing, and nothing beside them" started.
􁁛  Test "deleteModel removes this variant's folders and listing, and nothing beside them" passed after 0.588 seconds.
􀟈  Test "deleteModel during a transfer stops it, and the caller hears CancellationError" started.
􁁛  Test "a cancel keeps the scratch and its resume data; .absent throughout; the next call resumes with a Range" passed after 2.338 seconds.
􀟈  Test "expectedInstall makes one request and creates no weights; expectedDownloadBytes then answers offline" started.
􁁛  Test "expectedInstall makes one request and creates no weights; expectedDownloadBytes then answers offline" passed after 0.032 seconds.
􀟈  Test "deleteModel removes the weights, the manifest, the listing and nothing beside them" started.
􁁛  Test "deleteModel during a transfer stops it, and the caller hears CancellationError" passed after 1.204 seconds.
􁁛  Suite "AC-291/294/295 · Whisper through the downloader" passed after 27.190 seconds.
􁁛  Test "a variant installed beside another does not fetch the shared tokenizer twice" passed after 5.569 seconds.
􀟈  Test "the size is known without the network: the measured variants, then this device's listing" started.
􁁛  Test "deleteModel removes the weights, the manifest, the listing and nothing beside them" passed after 1.345 seconds.
􀟈  Test "deleteModel during a transfer stops it, and the caller hears CancellationError" started.
􁁛  Test "the size is known without the network: the measured variants, then this device's listing" passed after 1.323 seconds.
􀟈  Test "deleteModel removes this variant's six directories and leaves the other variant's" started.
􁁛  Test "deleteModel during a transfer stops it, and the caller hears CancellationError" passed after 3.167 seconds.
􀟈  Test "two concurrent downloads make one transfer, and both return installed" started.
􁁛  Test "two concurrent downloads make one transfer, and both return installed" passed after 0.917 seconds.
􀙟  Test "ensureModel(progress:) on an installed model: one 1.0, then resident" skipped: "set MMK_MLX_MODEL and run Scripts/metallib.sh to make this row real"
􁁛  Suite "AC-291/293/294/295/296 · the mind through the downloader" passed after 31.586 seconds.
􁁛  Test "deleteModel removes this variant's six directories and leaves the other variant's" passed after 2.924 seconds.
􀟈  Test "deleteModel takes the shared tokenizer once no variant is left" started.
􁁛  Test "deleteModel takes the shared tokenizer once no variant is left" passed after 0.596 seconds.
􀟈  Test "a stopped transfer keeps its scratch and resumes; nothing is installed meanwhile" started.
􁁛  Test "a stopped transfer keeps its scratch and resumes; nothing is installed meanwhile" passed after 1.225 seconds.
􁁛  Suite "AC-291/294/295 · the neural voice through the downloader" passed after 33.472 seconds.
􀢄  Test run with 1003 tests in 143 suites failed after 33.475 seconds with 1 issue.
Note: Some test targets reported failures:
  - MultiModalKitTests (Swift Testing)
