swift build & test (macOS)	Set up job	﻿2026-09-29T14:01:00.6588030Z Current runner version: '2.337.0'
swift build & test (macOS)	Set up job	2026-09-29T14:01:00.6611000Z ##[group]Runner Image Provisioner
swift build & test (macOS)	Set up job	2026-09-29T14:01:00.6611770Z Hosted Compute Agent
swift build & test (macOS)	Set up job	2026-09-29T14:01:00.6612230Z Version: 20260828.587
swift build & test (macOS)	Set up job	2026-09-29T14:01:00.6612680Z Commit: abac92662cab4cc7352de4f9f9d2e2419aad9c29
swift build & test (macOS)	Set up job	2026-09-29T14:01:00.6613180Z Build Date: 2026-08-28T16:44:25Z
swift build & test (macOS)	Set up job	2026-09-29T14:01:00.6613650Z Worker ID: {07f540a8-06a6-4ba7-80f2-43dd3e7e916c}
swift build & test (macOS)	Set up job	2026-09-29T14:01:00.6614140Z Azure Region: westus
swift build & test (macOS)	Set up job	2026-09-29T14:01:00.6614550Z ##[endgroup]
swift build & test (macOS)	Set up job	2026-09-29T14:01:00.6615810Z ##[group]Operating System
swift build & test (macOS)	Set up job	2026-09-29T14:01:00.6616230Z macOS
swift build & test (macOS)	Set up job	2026-09-29T14:01:00.6616590Z 26.6.2
swift build & test (macOS)	Set up job	2026-09-29T14:01:00.6616960Z 25G83
swift build & test (macOS)	Set up job	2026-09-29T14:01:00.6617360Z ##[endgroup]
swift build & test (macOS)	Set up job	2026-09-29T14:01:00.6617770Z ##[group]Runner Image
swift build & test (macOS)	Set up job	2026-09-29T14:01:00.6618240Z Image: macos-26-arm64
swift build & test (macOS)	Set up job	2026-09-29T14:01:00.6618740Z Version: 20260907.0351.1
swift build & test (macOS)	Set up job	2026-09-29T14:01:00.6619680Z Included Software: https://github.com/actions/runner-images/blob/macos-26-arm64/20260907.0351/images/macos/macos-26-arm64-Readme.md
swift build & test (macOS)	Set up job	2026-09-29T14:01:00.6621040Z Image Release: https://github.com/actions/runner-images/releases/tag/macos-26-arm64%2F20260907.0351
swift build & test (macOS)	Set up job	2026-09-29T14:01:00.6621820Z ##[endgroup]
swift build & test (macOS)	Set up job	2026-09-29T14:01:00.6622670Z ##[group]GITHUB_TOKEN Permissions
swift build & test (macOS)	Set up job	2026-09-29T14:01:00.6624380Z Contents: read
swift build & test (macOS)	Set up job	2026-09-29T14:01:00.6624820Z Metadata: read
swift build & test (macOS)	Set up job	2026-09-29T14:01:00.6625270Z ##[endgroup]
swift build & test (macOS)	Set up job	2026-09-29T14:01:00.6629430Z Secret source: Actions
swift build & test (macOS)	Set up job	2026-09-29T14:01:00.6631470Z Cache mode: write
swift build & test (macOS)	Set up job	2026-09-29T14:01:00.6632790Z Prepare workflow directory
swift build & test (macOS)	Set up job	2026-09-29T14:01:00.7144410Z Prepare all required actions
swift build & test (macOS)	Set up job	2026-09-29T14:01:00.7188000Z Getting action download info
swift build & test (macOS)	Set up job	2026-09-29T14:01:01.1998460Z Download action repository 'actions/checkout@v4' (SHA:11d5960a326750d5838078e36cf38b85af677262)
swift build & test (macOS)	Set up job	2026-09-29T14:01:01.9003600Z Complete job name: swift build & test (macOS)
swift build & test (macOS)	Run actions/checkout@v4	﻿2026-09-29T14:01:01.9863200Z ##[group]Run actions/checkout@v4
swift build & test (macOS)	Run actions/checkout@v4	2026-09-29T14:01:01.9864190Z with:
swift build & test (macOS)	Run actions/checkout@v4	2026-09-29T14:01:01.9864620Z   repository: NooronSpatial/multimodal-coordinator
swift build & test (macOS)	Run actions/checkout@v4	2026-09-29T14:01:01.9868040Z   token: ***
swift build & test (macOS)	Run actions/checkout@v4	2026-09-29T14:01:01.9868390Z   ssh-strict: true
swift build & test (macOS)	Run actions/checkout@v4	2026-09-29T14:01:01.9868830Z   ssh-user: git
swift build & test (macOS)	Run actions/checkout@v4	2026-09-29T14:01:01.9869200Z   persist-credentials: true
swift build & test (macOS)	Run actions/checkout@v4	2026-09-29T14:01:01.9869590Z   clean: true
swift build & test (macOS)	Run actions/checkout@v4	2026-09-29T14:01:01.9870000Z   sparse-checkout-cone-mode: true
swift build & test (macOS)	Run actions/checkout@v4	2026-09-29T14:01:01.9870460Z   fetch-depth: 1
swift build & test (macOS)	Run actions/checkout@v4	2026-09-29T14:01:01.9870860Z   fetch-tags: false
swift build & test (macOS)	Run actions/checkout@v4	2026-09-29T14:01:01.9871200Z   show-progress: true
swift build & test (macOS)	Run actions/checkout@v4	2026-09-29T14:01:01.9871630Z   lfs: false
swift build & test (macOS)	Run actions/checkout@v4	2026-09-29T14:01:01.9871970Z   submodules: false
swift build & test (macOS)	Run actions/checkout@v4	2026-09-29T14:01:01.9872420Z   set-safe-directory: true
swift build & test (macOS)	Run actions/checkout@v4	2026-09-29T14:01:01.9872810Z   allow-unsafe-pr-checkout: false
swift build & test (macOS)	Run actions/checkout@v4	2026-09-29T14:01:01.9873620Z ##[endgroup]
swift build & test (macOS)	Run actions/checkout@v4	2026-09-29T14:01:02.7329620Z Syncing repository: NooronSpatial/multimodal-coordinator
swift build & test (macOS)	Run actions/checkout@v4	2026-09-29T14:01:02.7434560Z ##[group]Getting Git version info
swift build & test (macOS)	Run actions/checkout@v4	2026-09-29T14:01:02.7537760Z Working directory is '/Users/runner/work/multimodal-coordinator/multimodal-coordinator'
swift build & test (macOS)	Run actions/checkout@v4	2026-09-29T14:01:02.7681360Z [command]/opt/homebrew/bin/git version
swift build & test (macOS)	Run actions/checkout@v4	2026-09-29T14:01:02.7682940Z git version 2.55.0
swift build & test (macOS)	Run actions/checkout@v4	2026-09-29T14:01:02.7687600Z ##[endgroup]
swift build & test (macOS)	Run actions/checkout@v4	2026-09-29T14:01:02.7694600Z Copying '/Users/runner/.gitconfig' to '/Users/runner/work/_temp/550cba87-84f1-49ff-8a9e-4ebe9943b27a/.gitconfig'
swift build & test (macOS)	Run actions/checkout@v4	2026-09-29T14:01:02.7697710Z Temporarily overriding HOME='/Users/runner/work/_temp/550cba87-84f1-49ff-8a9e-4ebe9943b27a' before making global git config changes
swift build & test (macOS)	Run actions/checkout@v4	2026-09-29T14:01:02.7699360Z Adding repository directory to the temporary git global config as a safe directory
swift build & test (macOS)	Run actions/checkout@v4	2026-09-29T14:01:02.7700960Z [command]/opt/homebrew/bin/git config --global --add safe.directory /Users/runner/work/multimodal-coordinator/multimodal-coordinator
swift build & test (macOS)	Run actions/checkout@v4	2026-09-29T14:01:02.7703880Z Deleting the contents of '/Users/runner/work/multimodal-coordinator/multimodal-coordinator'
swift build & test (macOS)	Run actions/checkout@v4	2026-09-29T14:01:02.7705410Z ##[group]Initializing the repository
swift build & test (macOS)	Run actions/checkout@v4	2026-09-29T14:01:02.7707330Z [command]/opt/homebrew/bin/git init /Users/runner/work/multimodal-coordinator/multimodal-coordinator
swift build & test (macOS)	Run actions/checkout@v4	2026-09-29T14:01:02.8107480Z hint: Using 'master' as the name for the initial branch. This default branch name
swift build & test (macOS)	Run actions/checkout@v4	2026-09-29T14:01:02.8134970Z hint: will change to "main" in Git 3.0. To configure the initial branch name
swift build & test (macOS)	Run actions/checkout@v4	2026-09-29T14:01:02.8184010Z hint: to use in all of your new repositories, which will suppress this warning,
swift build & test (macOS)	Run actions/checkout@v4	2026-09-29T14:01:02.8213200Z hint: call:
swift build & test (macOS)	Run actions/checkout@v4	2026-09-29T14:01:02.8215460Z hint:
swift build & test (macOS)	Run actions/checkout@v4	2026-09-29T14:01:02.8217500Z hint: 	git config --global init.defaultBranch <name>
swift build & test (macOS)	Run actions/checkout@v4	2026-09-29T14:01:02.8219900Z hint:
swift build & test (macOS)	Run actions/checkout@v4	2026-09-29T14:01:02.8222020Z hint: Names commonly chosen instead of 'master' are 'main', 'trunk' and
swift build & test (macOS)	Run actions/checkout@v4	2026-09-29T14:01:02.8225100Z hint: 'development'. The just-created branch can be renamed via this command:
swift build & test (macOS)	Run actions/checkout@v4	2026-09-29T14:01:02.8227280Z hint:
swift build & test (macOS)	Run actions/checkout@v4	2026-09-29T14:01:02.8228800Z hint: 	git branch -m <name>
swift build & test (macOS)	Run actions/checkout@v4	2026-09-29T14:01:02.8230520Z hint:
swift build & test (macOS)	Run actions/checkout@v4	2026-09-29T14:01:02.8276340Z hint: Disable this message with "git config set advice.defaultBranchName false"
swift build & test (macOS)	Run actions/checkout@v4	2026-09-29T14:01:02.8280630Z Initialized empty Git repository in /Users/runner/work/multimodal-coordinator/multimodal-coordinator/.git/
swift build & test (macOS)	Run actions/checkout@v4	2026-09-29T14:01:02.8321550Z [command]/opt/homebrew/bin/git remote add origin https://github.com/NooronSpatial/multimodal-coordinator
swift build & test (macOS)	Run actions/checkout@v4	2026-09-29T14:01:02.8341250Z ##[endgroup]
swift build & test (macOS)	Run actions/checkout@v4	2026-09-29T14:01:02.8344110Z ##[group]Disabling automatic garbage collection
swift build & test (macOS)	Run actions/checkout@v4	2026-09-29T14:01:02.8346340Z [command]/opt/homebrew/bin/git config --local gc.auto 0
swift build & test (macOS)	Run actions/checkout@v4	2026-09-29T14:01:02.8621300Z ##[endgroup]
swift build & test (macOS)	Run actions/checkout@v4	2026-09-29T14:01:02.8725630Z ##[group]Setting up auth
swift build & test (macOS)	Run actions/checkout@v4	2026-09-29T14:01:02.8772700Z [command]/opt/homebrew/bin/git config --local --name-only --get-regexp core\.sshCommand
swift build & test (macOS)	Run actions/checkout@v4	2026-09-29T14:01:02.8789100Z [command]/opt/homebrew/bin/git submodule foreach --recursive sh -c "git config --local --name-only --get-regexp 'core\.sshCommand' && git config --local --unset-all 'core.sshCommand' || :"
swift build & test (macOS)	Run actions/checkout@v4	2026-09-29T14:01:03.0776710Z [command]/opt/homebrew/bin/git config --local --name-only --get-regexp http\.https\:\/\/github\.com\/\.extraheader
swift build & test (macOS)	Run actions/checkout@v4	2026-09-29T14:01:03.0962590Z [command]/opt/homebrew/bin/git submodule foreach --recursive sh -c "git config --local --name-only --get-regexp 'http\.https\:\/\/github\.com\/\.extraheader' && git config --local --unset-all 'http.https://github.com/.extraheader' || :"
swift build & test (macOS)	Run actions/checkout@v4	2026-09-29T14:01:03.3696180Z [command]/opt/homebrew/bin/git config --local --name-only --get-regexp ^includeIf\.gitdir:
swift build & test (macOS)	Run actions/checkout@v4	2026-09-29T14:01:03.4237290Z [command]/opt/homebrew/bin/git submodule foreach --recursive git config --local --show-origin --name-only --get-regexp remote.origin.url
swift build & test (macOS)	Run actions/checkout@v4	2026-09-29T14:01:03.6754780Z [command]/opt/homebrew/bin/git config --local http.https://github.com/.extraheader AUTHORIZATION: basic ***
swift build & test (macOS)	Run actions/checkout@v4	2026-09-29T14:01:03.7063760Z ##[endgroup]
swift build & test (macOS)	Run actions/checkout@v4	2026-09-29T14:01:03.7120490Z ##[group]Fetching the repository
swift build & test (macOS)	Run actions/checkout@v4	2026-09-29T14:01:03.7122130Z [command]/opt/homebrew/bin/git -c protocol.version=2 fetch --no-tags --prune --no-recurse-submodules --depth=1 origin +02c09f6eec722664a740f7c30b9f874779d8c35f:refs/remotes/origin/milestone/5b-session
swift build & test (macOS)	Run actions/checkout@v4	2026-09-29T14:01:04.9341910Z From https://github.com/NooronSpatial/multimodal-coordinator
swift build & test (macOS)	Run actions/checkout@v4	2026-09-29T14:01:04.9346690Z  * [new ref]         02c09f6eec722664a740f7c30b9f874779d8c35f -> origin/milestone/5b-session
swift build & test (macOS)	Run actions/checkout@v4	2026-09-29T14:01:04.9360610Z ##[endgroup]
swift build & test (macOS)	Run actions/checkout@v4	2026-09-29T14:01:04.9363520Z ##[group]Determining the checkout info
swift build & test (macOS)	Run actions/checkout@v4	2026-09-29T14:01:04.9368350Z ##[endgroup]
swift build & test (macOS)	Run actions/checkout@v4	2026-09-29T14:01:04.9382960Z [command]/opt/homebrew/bin/git sparse-checkout disable
swift build & test (macOS)	Run actions/checkout@v4	2026-09-29T14:01:04.9556690Z [command]/opt/homebrew/bin/git config --local --unset-all extensions.worktreeConfig
swift build & test (macOS)	Run actions/checkout@v4	2026-09-29T14:01:04.9658530Z ##[group]Checking out the ref
swift build & test (macOS)	Run actions/checkout@v4	2026-09-29T14:01:04.9665090Z [command]/opt/homebrew/bin/git checkout --progress --force -B milestone/5b-session refs/remotes/origin/milestone/5b-session
swift build & test (macOS)	Run actions/checkout@v4	2026-09-29T14:01:05.1296130Z Switched to a new branch 'milestone/5b-session'
swift build & test (macOS)	Run actions/checkout@v4	2026-09-29T14:01:05.1305780Z branch 'milestone/5b-session' set up to track 'origin/milestone/5b-session'.
swift build & test (macOS)	Run actions/checkout@v4	2026-09-29T14:01:05.1312620Z ##[endgroup]
swift build & test (macOS)	Run actions/checkout@v4	2026-09-29T14:01:05.1630610Z [command]/opt/homebrew/bin/git log -1 --format=%H
swift build & test (macOS)	Run actions/checkout@v4	2026-09-29T14:01:05.1691200Z 02c09f6eec722664a740f7c30b9f874779d8c35f
swift build & test (macOS)	Swift version	﻿2026-09-29T14:01:05.2403710Z ##[group]Run swift --version
swift build & test (macOS)	Swift version	2026-09-29T14:01:05.2404800Z ^[[36;1mswift --version^[[0m
swift build & test (macOS)	Swift version	2026-09-29T14:01:05.2474880Z shell: /bin/bash -e {0}
swift build & test (macOS)	Swift version	2026-09-29T14:01:05.2475860Z ##[endgroup]
swift build & test (macOS)	Swift version	2026-09-29T14:01:10.4570750Z Apple Swift version 6.3.3 (swiftlang-6.3.3.1.3 clang-2100.1.1.101)
swift build & test (macOS)	Swift version	2026-09-29T14:01:10.4572990Z Target: arm64-apple-macosx26.0
swift build & test (macOS)	Swift version	2026-09-29T14:01:10.4667160Z swift-driver version: 1.148.6 
swift build & test (macOS)	Core builds alone (zero-dependency proof, AC-37)	﻿2026-09-29T14:01:10.4908210Z ##[group]Run swift build --target MultiModalKit -Xswiftc -warnings-as-errors
swift build & test (macOS)	Core builds alone (zero-dependency proof, AC-37)	2026-09-29T14:01:10.4914420Z ^[[36;1mswift build --target MultiModalKit -Xswiftc -warnings-as-errors^[[0m
swift build & test (macOS)	Core builds alone (zero-dependency proof, AC-37)	2026-09-29T14:01:10.5021330Z shell: /bin/bash -e {0}
swift build & test (macOS)	Core builds alone (zero-dependency proof, AC-37)	2026-09-29T14:01:10.5022170Z ##[endgroup]
swift build & test (macOS)	Core builds alone (zero-dependency proof, AC-37)	2026-09-29T14:01:25.3873880Z Fetching https://github.com/argmaxinc/argmax-oss-swift
swift build & test (macOS)	Core builds alone (zero-dependency proof, AC-37)	2026-09-29T14:01:25.3892240Z Fetching https://github.com/NooronSpatial/kokoro-ios
swift build & test (macOS)	Core builds alone (zero-dependency proof, AC-37)	2026-09-29T14:01:26.1979430Z [1/1394] Fetching kokoro-ios
swift build & test (macOS)	Core builds alone (zero-dependency proof, AC-37)	2026-09-29T14:01:26.2300610Z [155/10595] Fetching kokoro-ios, argmax-oss-swift
swift build & test (macOS)	Core builds alone (zero-dependency proof, AC-37)	2026-09-29T14:01:28.2613240Z Fetched https://github.com/argmaxinc/argmax-oss-swift from cache (2.88s)
swift build & test (macOS)	Core builds alone (zero-dependency proof, AC-37)	2026-09-29T14:01:28.2615950Z Fetched https://github.com/NooronSpatial/kokoro-ios from cache (2.88s)
swift build & test (macOS)	Core builds alone (zero-dependency proof, AC-37)	2026-09-29T14:01:28.2763710Z Fetching https://github.com/apple/swift-argument-parser.git
swift build & test (macOS)	Core builds alone (zero-dependency proof, AC-37)	2026-09-29T14:01:28.2765990Z Fetching https://github.com/apple/swift-asn1.git
swift build & test (macOS)	Core builds alone (zero-dependency proof, AC-37)	2026-09-29T14:01:28.9974070Z [1/18948] Fetching swift-argument-parser
swift build & test (macOS)	Core builds alone (zero-dependency proof, AC-37)	2026-09-29T14:01:29.2982980Z [18949/20934] Fetching swift-argument-parser, swift-asn1
swift build & test (macOS)	Core builds alone (zero-dependency proof, AC-37)	2026-09-29T14:01:29.4814480Z Fetched https://github.com/apple/swift-argument-parser.git from cache (1.20s)
swift build & test (macOS)	Core builds alone (zero-dependency proof, AC-37)	2026-09-29T14:01:29.4943810Z Fetched https://github.com/apple/swift-asn1.git from cache (1.22s)
swift build & test (macOS)	Core builds alone (zero-dependency proof, AC-37)	2026-09-29T14:01:29.4952080Z Fetching https://github.com/apple/swift-crypto.git
swift build & test (macOS)	Core builds alone (zero-dependency proof, AC-37)	2026-09-29T14:01:29.5073310Z Fetching https://github.com/swiftlang/swift-syntax.git
swift build & test (macOS)	Core builds alone (zero-dependency proof, AC-37)	2026-09-29T14:01:30.1386180Z [1/18573] Fetching swift-crypto
swift build & test (macOS)	Core builds alone (zero-dependency proof, AC-37)	2026-09-29T14:01:30.9781250Z [18574/98655] Fetching swift-crypto, swift-syntax
swift build & test (macOS)	Core builds alone (zero-dependency proof, AC-37)	2026-09-29T14:01:31.4147750Z Fetched https://github.com/apple/swift-crypto.git from cache (1.92s)
swift build & test (macOS)	Core builds alone (zero-dependency proof, AC-37)	2026-09-29T14:01:31.4367520Z Fetching https://github.com/mattt/EventSource.git
swift build & test (macOS)	Core builds alone (zero-dependency proof, AC-37)	2026-09-29T14:01:31.4568650Z [12814/80082] Fetching swift-syntax
swift build & test (macOS)	Core builds alone (zero-dependency proof, AC-37)	2026-09-29T14:01:32.1416580Z [73677/80385] Fetching swift-syntax, eventsource
swift build & test (macOS)	Core builds alone (zero-dependency proof, AC-37)	2026-09-29T14:01:32.2427430Z Fetched https://github.com/mattt/EventSource.git from cache (0.81s)
swift build & test (macOS)	Core builds alone (zero-dependency proof, AC-37)	2026-09-29T14:01:32.2713840Z [80082/80082] Fetching swift-syntax
swift build & test (macOS)	Core builds alone (zero-dependency proof, AC-37)	2026-09-29T14:01:32.2736190Z Fetching https://github.com/ibireme/yyjson.git
swift build & test (macOS)	Core builds alone (zero-dependency proof, AC-37)	2026-09-29T14:01:33.2469570Z [80083/85068] Fetching swift-syntax, yyjson
swift build & test (macOS)	Core builds alone (zero-dependency proof, AC-37)	2026-09-29T14:01:34.2553070Z Fetched https://github.com/ibireme/yyjson.git from cache (1.98s)
swift build & test (macOS)	Core builds alone (zero-dependency proof, AC-37)	2026-09-29T14:01:34.2863220Z Fetching https://github.com/NooronSpatial/MisakiSwift
swift build & test (macOS)	Core builds alone (zero-dependency proof, AC-37)	2026-09-29T14:01:35.2396520Z [1/387] Fetching misakiswift
swift build & test (macOS)	Core builds alone (zero-dependency proof, AC-37)	2026-09-29T14:01:35.6782260Z Fetched https://github.com/NooronSpatial/MisakiSwift from cache (1.40s)
swift build & test (macOS)	Core builds alone (zero-dependency proof, AC-37)	2026-09-29T14:01:35.6986180Z Fetching https://github.com/mlalma/MLXUtilsLibrary.git
swift build & test (macOS)	Core builds alone (zero-dependency proof, AC-37)	2026-09-29T14:01:36.3449170Z [1/129] Fetching mlxutilslibrary
swift build & test (macOS)	Core builds alone (zero-dependency proof, AC-37)	2026-09-29T14:01:36.4346660Z Fetched https://github.com/swiftlang/swift-syntax.git from cache (6.92s)
swift build & test (macOS)	Core builds alone (zero-dependency proof, AC-37)	2026-09-29T14:01:36.4552590Z Fetching https://github.com/huggingface/swift-huggingface.git
swift build & test (macOS)	Core builds alone (zero-dependency proof, AC-37)	2026-09-29T14:01:36.7220590Z Fetched https://github.com/mlalma/MLXUtilsLibrary.git from cache (1.03s)
swift build & test (macOS)	Core builds alone (zero-dependency proof, AC-37)	2026-09-29T14:01:36.7304530Z Fetching https://github.com/apple/swift-collections.git
swift build & test (macOS)	Core builds alone (zero-dependency proof, AC-37)	2026-09-29T14:01:37.1250220Z [1/2773] Fetching swift-huggingface
swift build & test (macOS)	Core builds alone (zero-dependency proof, AC-37)	2026-09-29T14:01:37.3191260Z Fetched https://github.com/huggingface/swift-huggingface.git from cache (0.87s)
swift build & test (macOS)	Core builds alone (zero-dependency proof, AC-37)	2026-09-29T14:01:37.3333900Z Fetching https://github.com/apple/swift-numerics
swift build & test (macOS)	Core builds alone (zero-dependency proof, AC-37)	2026-09-29T14:01:37.6999050Z [1/27802] Fetching swift-collections
swift build & test (macOS)	Core builds alone (zero-dependency proof, AC-37)	2026-09-29T14:01:38.0092530Z [14459/34453] Fetching swift-collections, swift-numerics
swift build & test (macOS)	Core builds alone (zero-dependency proof, AC-37)	2026-09-29T14:01:38.2401880Z Fetched https://github.com/apple/swift-numerics from cache (0.91s)
swift build & test (macOS)	Core builds alone (zero-dependency proof, AC-37)	2026-09-29T14:01:38.2570320Z Fetching https://github.com/huggingface/swift-transformers
swift build & test (macOS)	Core builds alone (zero-dependency proof, AC-37)	2026-09-29T14:01:38.6502170Z Fetched https://github.com/apple/swift-collections.git from cache (1.92s)
swift build & test (macOS)	Core builds alone (zero-dependency proof, AC-37)	2026-09-29T14:01:38.6661190Z Fetching https://github.com/huggingface/swift-jinja.git
swift build & test (macOS)	Core builds alone (zero-dependency proof, AC-37)	2026-09-29T14:01:38.9393860Z [1/7056] Fetching swift-transformers
swift build & test (macOS)	Core builds alone (zero-dependency proof, AC-37)	2026-09-29T14:01:39.3199770Z Fetched https://github.com/huggingface/swift-transformers from cache (1.06s)
swift build & test (macOS)	Core builds alone (zero-dependency proof, AC-37)	2026-09-29T14:01:39.3317540Z Fetching https://github.com/weichsel/ZIPFoundation.git
swift build & test (macOS)	Core builds alone (zero-dependency proof, AC-37)	2026-09-29T14:01:39.4477490Z [1/1376] Fetching swift-jinja
swift build & test (macOS)	Core builds alone (zero-dependency proof, AC-37)	2026-09-29T14:01:39.6014500Z Fetched https://github.com/huggingface/swift-jinja.git from cache (0.94s)
swift build & test (macOS)	Core builds alone (zero-dependency proof, AC-37)	2026-09-29T14:01:39.6226620Z Fetching https://github.com/ml-explore/mlx-swift-lm
swift build & test (macOS)	Core builds alone (zero-dependency proof, AC-37)	2026-09-29T14:01:39.9522120Z [1/6435] Fetching zipfoundation
swift build & test (macOS)	Core builds alone (zero-dependency proof, AC-37)	2026-09-29T14:01:40.2918060Z Fetched https://github.com/weichsel/ZIPFoundation.git from cache (0.96s)
swift build & test (macOS)	Core builds alone (zero-dependency proof, AC-37)	2026-09-29T14:01:40.3046430Z Fetching https://github.com/ml-explore/mlx-swift
swift build & test (macOS)	Core builds alone (zero-dependency proof, AC-37)	2026-09-29T14:01:41.2035650Z [1/16986] Fetching mlx-swift
swift build & test (macOS)	Core builds alone (zero-dependency proof, AC-37)	2026-09-29T14:01:41.5136450Z [14949/38449] Fetching mlx-swift, mlx-swift-lm
swift build & test (macOS)	Core builds alone (zero-dependency proof, AC-37)	2026-09-29T14:01:42.1209690Z Fetched https://github.com/ml-explore/mlx-swift from cache (1.81s)
swift build & test (macOS)	Core builds alone (zero-dependency proof, AC-37)	2026-09-29T14:01:42.1822990Z [7298/21463] Fetching mlx-swift-lm
swift build & test (macOS)	Core builds alone (zero-dependency proof, AC-37)	2026-09-29T14:01:43.0416930Z Fetched https://github.com/ml-explore/mlx-swift-lm from cache (3.42s)
swift build & test (macOS)	Core builds alone (zero-dependency proof, AC-37)	2026-09-29T14:01:43.0420150Z Computing version for https://github.com/NooronSpatial/kokoro-ios
swift build & test (macOS)	Core builds alone (zero-dependency proof, AC-37)	2026-09-29T14:01:43.8338780Z Computed https://github.com/NooronSpatial/kokoro-ios at 1.1.2 (18.47s)
swift build & test (macOS)	Core builds alone (zero-dependency proof, AC-37)	2026-09-29T14:01:43.8340150Z Computing version for https://github.com/ml-explore/mlx-swift
swift build & test (macOS)	Core builds alone (zero-dependency proof, AC-37)	2026-09-29T14:01:44.6000100Z Computed https://github.com/ml-explore/mlx-swift at 0.31.6 (0.77s)
swift build & test (macOS)	Core builds alone (zero-dependency proof, AC-37)	2026-09-29T14:01:44.6002210Z Computing version for https://github.com/huggingface/swift-transformers
swift build & test (macOS)	Core builds alone (zero-dependency proof, AC-37)	2026-09-29T14:01:45.1573640Z Computed https://github.com/huggingface/swift-transformers at 1.3.3 (0.56s)
swift build & test (macOS)	Core builds alone (zero-dependency proof, AC-37)	2026-09-29T14:01:45.1581060Z Computing version for https://github.com/ml-explore/mlx-swift-lm
swift build & test (macOS)	Core builds alone (zero-dependency proof, AC-37)	2026-09-29T14:01:45.9111300Z Computed https://github.com/ml-explore/mlx-swift-lm at 3.31.4 (0.75s)
swift build & test (macOS)	Core builds alone (zero-dependency proof, AC-37)	2026-09-29T14:01:45.9133840Z Computing version for https://github.com/argmaxinc/argmax-oss-swift
swift build & test (macOS)	Core builds alone (zero-dependency proof, AC-37)	2026-09-29T14:01:53.0635800Z Computed https://github.com/argmaxinc/argmax-oss-swift at 1.1.0 (7.15s)
swift build & test (macOS)	Core builds alone (zero-dependency proof, AC-37)	2026-09-29T14:01:53.0644100Z Computing version for https://github.com/mlalma/MLXUtilsLibrary.git
swift build & test (macOS)	Core builds alone (zero-dependency proof, AC-37)	2026-09-29T14:01:53.8143670Z Computed https://github.com/mlalma/MLXUtilsLibrary.git at 0.0.6 (0.75s)
swift build & test (macOS)	Core builds alone (zero-dependency proof, AC-37)	2026-09-29T14:01:53.8164630Z Computing version for https://github.com/NooronSpatial/MisakiSwift
swift build & test (macOS)	Core builds alone (zero-dependency proof, AC-37)	2026-09-29T14:01:54.3053360Z Computed https://github.com/NooronSpatial/MisakiSwift at 1.1.1 (0.49s)
swift build & test (macOS)	Core builds alone (zero-dependency proof, AC-37)	2026-09-29T14:01:54.3055140Z Computing version for https://github.com/apple/swift-argument-parser
swift build & test (macOS)	Core builds alone (zero-dependency proof, AC-37)	2026-09-29T14:01:54.8608700Z Computed https://github.com/apple/swift-argument-parser at 1.8.2 (0.56s)
swift build & test (macOS)	Core builds alone (zero-dependency proof, AC-37)	2026-09-29T14:01:54.8611180Z Computing version for https://github.com/apple/swift-numerics
swift build & test (macOS)	Core builds alone (zero-dependency proof, AC-37)	2026-09-29T14:01:55.4120370Z Computed https://github.com/apple/swift-numerics at 1.1.1 (0.55s)
swift build & test (macOS)	Core builds alone (zero-dependency proof, AC-37)	2026-09-29T14:01:55.4173150Z Computing version for https://github.com/ibireme/yyjson.git
swift build & test (macOS)	Core builds alone (zero-dependency proof, AC-37)	2026-09-29T14:01:59.5601210Z Computed https://github.com/ibireme/yyjson.git at 0.12.0 (4.14s)
swift build & test (macOS)	Core builds alone (zero-dependency proof, AC-37)	2026-09-29T14:01:59.5714610Z Computing version for https://github.com/apple/swift-crypto.git
swift build & test (macOS)	Core builds alone (zero-dependency proof, AC-37)	2026-09-29T14:02:02.1935010Z Computed https://github.com/apple/swift-crypto.git at 4.5.1 (2.63s)
swift build & test (macOS)	Core builds alone (zero-dependency proof, AC-37)	2026-09-29T14:02:02.2039540Z Computing version for https://github.com/apple/swift-collections.git
swift build & test (macOS)	Core builds alone (zero-dependency proof, AC-37)	2026-09-29T14:02:02.9860230Z Computed https://github.com/apple/swift-collections.git at 1.6.0 (0.79s)
swift build & test (macOS)	Core builds alone (zero-dependency proof, AC-37)	2026-09-29T14:02:02.9963230Z Computing version for https://github.com/huggingface/swift-huggingface.git
swift build & test (macOS)	Core builds alone (zero-dependency proof, AC-37)	2026-09-29T14:02:03.6313520Z Computed https://github.com/huggingface/swift-huggingface.git at 0.9.0 (0.65s)
swift build & test (macOS)	Core builds alone (zero-dependency proof, AC-37)	2026-09-29T14:02:03.6396890Z Computing version for https://github.com/huggingface/swift-jinja.git
swift build & test (macOS)	Core builds alone (zero-dependency proof, AC-37)	2026-09-29T14:02:04.2144900Z Computed https://github.com/huggingface/swift-jinja.git at 2.4.2 (0.58s)
swift build & test (macOS)	Core builds alone (zero-dependency proof, AC-37)	2026-09-29T14:02:04.2269510Z Computing version for https://github.com/swiftlang/swift-syntax.git
swift build & test (macOS)	Core builds alone (zero-dependency proof, AC-37)	2026-09-29T14:02:05.3945040Z Computed https://github.com/swiftlang/swift-syntax.git at 603.0.2 (1.19s)
swift build & test (macOS)	Core builds alone (zero-dependency proof, AC-37)	2026-09-29T14:02:05.3951250Z Computing version for https://github.com/weichsel/ZIPFoundation.git
swift build & test (macOS)	Core builds alone (zero-dependency proof, AC-37)	2026-09-29T14:02:06.0591410Z Computed https://github.com/weichsel/ZIPFoundation.git at 0.9.20 (0.67s)
swift build & test (macOS)	Core builds alone (zero-dependency proof, AC-37)	2026-09-29T14:02:06.0594200Z Computing version for https://github.com/apple/swift-asn1.git
swift build & test (macOS)	Core builds alone (zero-dependency proof, AC-37)	2026-09-29T14:02:06.8043760Z Computed https://github.com/apple/swift-asn1.git at 1.7.1 (0.74s)
swift build & test (macOS)	Core builds alone (zero-dependency proof, AC-37)	2026-09-29T14:02:06.8078320Z Computing version for https://github.com/mattt/EventSource.git
swift build & test (macOS)	Core builds alone (zero-dependency proof, AC-37)	2026-09-29T14:02:07.3331610Z Computed https://github.com/mattt/EventSource.git at 1.5.1 (0.53s)
swift build & test (macOS)	Core builds alone (zero-dependency proof, AC-37)	2026-09-29T14:02:08.1791660Z Creating working copy for https://github.com/huggingface/swift-jinja.git
swift build & test (macOS)	Core builds alone (zero-dependency proof, AC-37)	2026-09-29T14:02:08.3042380Z Working copy of https://github.com/huggingface/swift-jinja.git resolved at 2.4.2
swift build & test (macOS)	Core builds alone (zero-dependency proof, AC-37)	2026-09-29T14:02:08.3486960Z Creating working copy for https://github.com/apple/swift-asn1.git
swift build & test (macOS)	Core builds alone (zero-dependency proof, AC-37)	2026-09-29T14:02:08.5778850Z Working copy of https://github.com/apple/swift-asn1.git resolved at 1.7.1
swift build & test (macOS)	Core builds alone (zero-dependency proof, AC-37)	2026-09-29T14:02:08.6154770Z Creating working copy for https://github.com/apple/swift-argument-parser.git
swift build & test (macOS)	Core builds alone (zero-dependency proof, AC-37)	2026-09-29T14:02:08.8648400Z Working copy of https://github.com/apple/swift-argument-parser.git resolved at 1.8.2
swift build & test (macOS)	Core builds alone (zero-dependency proof, AC-37)	2026-09-29T14:02:08.9201440Z Creating working copy for https://github.com/apple/swift-collections.git
swift build & test (macOS)	Core builds alone (zero-dependency proof, AC-37)	2026-09-29T14:02:09.4029190Z Working copy of https://github.com/apple/swift-collections.git resolved at 1.6.0
swift build & test (macOS)	Core builds alone (zero-dependency proof, AC-37)	2026-09-29T14:02:09.4464930Z Creating working copy for https://github.com/mlalma/MLXUtilsLibrary.git
swift build & test (macOS)	Core builds alone (zero-dependency proof, AC-37)	2026-09-29T14:02:09.6535080Z Working copy of https://github.com/mlalma/MLXUtilsLibrary.git resolved at 0.0.6
swift build & test (macOS)	Core builds alone (zero-dependency proof, AC-37)	2026-09-29T14:02:09.6950840Z Creating working copy for https://github.com/NooronSpatial/kokoro-ios
swift build & test (macOS)	Core builds alone (zero-dependency proof, AC-37)	2026-09-29T14:02:09.7665740Z Working copy of https://github.com/NooronSpatial/kokoro-ios resolved at 1.1.2
swift build & test (macOS)	Core builds alone (zero-dependency proof, AC-37)	2026-09-29T14:02:09.8100630Z Creating working copy for https://github.com/argmaxinc/argmax-oss-swift
swift build & test (macOS)	Core builds alone (zero-dependency proof, AC-37)	2026-09-29T14:02:10.0499110Z Working copy of https://github.com/argmaxinc/argmax-oss-swift resolved at 1.1.0
swift build & test (macOS)	Core builds alone (zero-dependency proof, AC-37)	2026-09-29T14:02:10.0808560Z Creating working copy for https://github.com/huggingface/swift-huggingface.git
swift build & test (macOS)	Core builds alone (zero-dependency proof, AC-37)	2026-09-29T14:02:10.2030010Z Working copy of https://github.com/huggingface/swift-huggingface.git resolved at 0.9.0
swift build & test (macOS)	Core builds alone (zero-dependency proof, AC-37)	2026-09-29T14:02:10.2665650Z Creating working copy for https://github.com/weichsel/ZIPFoundation.git
swift build & test (macOS)	Core builds alone (zero-dependency proof, AC-37)	2026-09-29T14:02:10.6385750Z Working copy of https://github.com/weichsel/ZIPFoundation.git resolved at 0.9.20
swift build & test (macOS)	Core builds alone (zero-dependency proof, AC-37)	2026-09-29T14:02:10.7219530Z Creating working copy for https://github.com/apple/swift-numerics
swift build & test (macOS)	Core builds alone (zero-dependency proof, AC-37)	2026-09-29T14:02:10.8945410Z Working copy of https://github.com/apple/swift-numerics resolved at 1.1.1
swift build & test (macOS)	Core builds alone (zero-dependency proof, AC-37)	2026-09-29T14:02:10.9497290Z Creating working copy for https://github.com/NooronSpatial/MisakiSwift
swift build & test (macOS)	Core builds alone (zero-dependency proof, AC-37)	2026-09-29T14:02:11.1912740Z Working copy of https://github.com/NooronSpatial/MisakiSwift resolved at 1.1.1
swift build & test (macOS)	Core builds alone (zero-dependency proof, AC-37)	2026-09-29T14:02:11.2725900Z Creating working copy for https://github.com/huggingface/swift-transformers
swift build & test (macOS)	Core builds alone (zero-dependency proof, AC-37)	2026-09-29T14:02:11.5237600Z Working copy of https://github.com/huggingface/swift-transformers resolved at 1.3.3
swift build & test (macOS)	Core builds alone (zero-dependency proof, AC-37)	2026-09-29T14:02:11.5880100Z Creating working copy for https://github.com/swiftlang/swift-syntax.git
swift build & test (macOS)	Core builds alone (zero-dependency proof, AC-37)	2026-09-29T14:02:12.4142440Z Working copy of https://github.com/swiftlang/swift-syntax.git resolved at 603.0.2
swift build & test (macOS)	Core builds alone (zero-dependency proof, AC-37)	2026-09-29T14:02:12.4755820Z Creating working copy for https://github.com/apple/swift-crypto.git
swift build & test (macOS)	Core builds alone (zero-dependency proof, AC-37)	2026-09-29T14:02:13.4322490Z Working copy of https://github.com/apple/swift-crypto.git resolved at 4.5.1
swift build & test (macOS)	Core builds alone (zero-dependency proof, AC-37)	2026-09-29T14:02:13.5035030Z Creating working copy for https://github.com/mattt/EventSource.git
swift build & test (macOS)	Core builds alone (zero-dependency proof, AC-37)	2026-09-29T14:02:13.6550580Z Working copy of https://github.com/mattt/EventSource.git resolved at 1.5.1
swift build & test (macOS)	Core builds alone (zero-dependency proof, AC-37)	2026-09-29T14:02:13.7377350Z Creating working copy for https://github.com/ml-explore/mlx-swift-lm
swift build & test (macOS)	Core builds alone (zero-dependency proof, AC-37)	2026-09-29T14:02:14.1268260Z Working copy of https://github.com/ml-explore/mlx-swift-lm resolved at 3.31.4
swift build & test (macOS)	Core builds alone (zero-dependency proof, AC-37)	2026-09-29T14:02:14.1637970Z Creating working copy for https://github.com/ibireme/yyjson.git
swift build & test (macOS)	Core builds alone (zero-dependency proof, AC-37)	2026-09-29T14:02:14.7136550Z Working copy of https://github.com/ibireme/yyjson.git resolved at 0.12.0
swift build & test (macOS)	Core builds alone (zero-dependency proof, AC-37)	2026-09-29T14:02:14.7799960Z Creating working copy for https://github.com/ml-explore/mlx-swift
swift build & test (macOS)	Core builds alone (zero-dependency proof, AC-37)	2026-09-29T14:02:23.5113080Z Working copy of https://github.com/ml-explore/mlx-swift resolved at 0.31.6
swift build & test (macOS)	Core builds alone (zero-dependency proof, AC-37)	2026-09-29T14:02:34.9905810Z Downloading package prebuilt https://download.swift.org/prebuilts/swift-syntax/603.0.2/swiftlang-6.3.3.1.3-macosx26.5-MacroSupport.zip
swift build & test (macOS)	Core builds alone (zero-dependency proof, AC-37)	2026-09-29T14:02:35.3948680Z Downloaded https://download.swift.org/prebuilts/swift-syntax/603.0.2/swiftlang-6.3.3.1.3-macosx26.5-MacroSupport.zip (0.40s)
swift build & test (macOS)	Core builds alone (zero-dependency proof, AC-37)	2026-09-29T14:02:45.1480250Z [0/8] Write sources
swift build & test (macOS)	Core builds alone (zero-dependency proof, AC-37)	2026-09-29T14:02:45.1481780Z [1/8] Write encuda-tool-entitlement.plist
swift build & test (macOS)	Core builds alone (zero-dependency proof, AC-37)	2026-09-29T14:02:45.1482250Z [1/8] Write sources
swift build & test (macOS)	Core builds alone (zero-dependency proof, AC-37)	2026-09-29T14:02:45.4959260Z [4/8] Write swift-version-7974D3F7F03D5E95.txt
swift build & test (macOS)	Core builds alone (zero-dependency proof, AC-37)	2026-09-29T14:02:47.1670320Z [6/10] Compiling ArgumentParserToolInfo ToolInfo.swift
swift build & test (macOS)	Core builds alone (zero-dependency proof, AC-37)	2026-09-29T14:02:47.1671940Z [7/10] Emitting module ArgumentParserToolInfo
swift build & test (macOS)	Core builds alone (zero-dependency proof, AC-37)	2026-09-29T14:02:54.7164450Z [8/46] Emitting module ArgumentParser
swift build & test (macOS)	Core builds alone (zero-dependency proof, AC-37)	2026-09-29T14:02:54.7192240Z [9/46] Compiling ArgumentParser EnumerableFlag.swift
swift build & test (macOS)	Core builds alone (zero-dependency proof, AC-37)	2026-09-29T14:02:54.7302960Z [10/46] Compiling ArgumentParser ExpressibleByArgument.swift
swift build & test (macOS)	Core builds alone (zero-dependency proof, AC-37)	2026-09-29T14:02:54.7434360Z [11/46] Compiling ArgumentParser ParsableArguments.swift
swift build & test (macOS)	Core builds alone (zero-dependency proof, AC-37)	2026-09-29T14:02:54.7549140Z [12/46] Compiling ArgumentParser ParsableCommand.swift
swift build & test (macOS)	Core builds alone (zero-dependency proof, AC-37)	2026-09-29T14:02:54.7681520Z [13/46] Compiling ArgumentParser ArgumentDecoder.swift
swift build & test (macOS)	Core builds alone (zero-dependency proof, AC-37)	2026-09-29T14:02:54.7776280Z [14/46] Compiling ArgumentParser ArgumentDefinition.swift
swift build & test (macOS)	Core builds alone (zero-dependency proof, AC-37)	2026-09-29T14:02:54.7782660Z [15/46] Compiling ArgumentParser ArgumentSet.swift
swift build & test (macOS)	Core builds alone (zero-dependency proof, AC-37)	2026-09-29T14:02:54.7783990Z [16/46] Compiling ArgumentParser CommandParser.swift
swift build & test (macOS)	Core builds alone (zero-dependency proof, AC-37)	2026-09-29T14:02:54.7785170Z [17/46] Compiling ArgumentParser InputKey.swift
swift build & test (macOS)	Core builds alone (zero-dependency proof, AC-37)	2026-09-29T14:02:54.7786810Z [18/46] Compiling ArgumentParser InputOrigin.swift
swift build & test (macOS)	Core builds alone (zero-dependency proof, AC-37)	2026-09-29T14:02:54.7787890Z [19/46] Compiling ArgumentParser Name.swift
swift build & test (macOS)	Core builds alone (zero-dependency proof, AC-37)	2026-09-29T14:02:54.7788840Z [20/46] Compiling ArgumentParser Parsed.swift
swift build & test (macOS)	Core builds alone (zero-dependency proof, AC-37)	2026-09-29T14:02:54.7789970Z [21/46] Compiling ArgumentParser ParsedValues.swift
swift build & test (macOS)	Core builds alone (zero-dependency proof, AC-37)	2026-09-29T14:02:54.7791050Z [22/46] Compiling ArgumentParser ParserError.swift
swift build & test (macOS)	Core builds alone (zero-dependency proof, AC-37)	2026-09-29T14:02:54.7792280Z [23/46] Compiling ArgumentParser SplitArguments.swift
swift build & test (macOS)	Core builds alone (zero-dependency proof, AC-37)	2026-09-29T14:02:54.7800300Z [24/46] Compiling ArgumentParser DumpHelpGenerator.swift
swift build & test (macOS)	Core builds alone (zero-dependency proof, AC-37)	2026-09-29T14:02:54.7801480Z [25/46] Compiling ArgumentParser HelpCommand.swift
swift build & test (macOS)	Core builds alone (zero-dependency proof, AC-37)	2026-09-29T14:02:54.7803310Z [26/46] Compiling ArgumentParser BashCompletionsGenerator.swift
swift build & test (macOS)	Core builds alone (zero-dependency proof, AC-37)	2026-09-29T14:02:54.7804490Z [27/46] Compiling ArgumentParser CompletionsGenerator.swift
swift build & test (macOS)	Core builds alone (zero-dependency proof, AC-37)	2026-09-29T14:02:54.7805720Z [28/46] Compiling ArgumentParser FishCompletionsGenerator.swift
swift build & test (macOS)	Core builds alone (zero-dependency proof, AC-37)	2026-09-29T14:02:54.7807070Z [29/46] Compiling ArgumentParser ZshCompletionsGenerator.swift
swift build & test (macOS)	Core builds alone (zero-dependency proof, AC-37)	2026-09-29T14:02:54.7808190Z [30/46] Compiling ArgumentParser Argument.swift
swift build & test (macOS)	Core builds alone (zero-dependency proof, AC-37)	2026-09-29T14:02:54.7809350Z [31/46] Compiling ArgumentParser ArgumentDiscussion.swift
swift build & test (macOS)	Core builds alone (zero-dependency proof, AC-37)	2026-09-29T14:02:54.7810420Z [32/46] Compiling ArgumentParser ArgumentHelp.swift
swift build & test (macOS)	Core builds alone (zero-dependency proof, AC-37)	2026-09-29T14:02:54.7811700Z [33/46] Compiling ArgumentParser ArgumentVisibility.swift
swift build & test (macOS)	Core builds alone (zero-dependency proof, AC-37)	2026-09-29T14:02:54.7812770Z [34/46] Compiling ArgumentParser CompletionKind.swift
swift build & test (macOS)	Core builds alone (zero-dependency proof, AC-37)	2026-09-29T14:02:54.7813840Z [35/46] Compiling ArgumentParser Errors.swift
swift build & test (macOS)	Core builds alone (zero-dependency proof, AC-37)	2026-09-29T14:02:54.7814860Z [36/46] Compiling ArgumentParser Flag.swift
swift build & test (macOS)	Core builds alone (zero-dependency proof, AC-37)	2026-09-29T14:02:54.7815870Z [37/46] Compiling ArgumentParser NameSpecification.swift
swift build & test (macOS)	Core builds alone (zero-dependency proof, AC-37)	2026-09-29T14:02:54.7816980Z [38/46] Compiling ArgumentParser Option.swift
swift build & test (macOS)	Core builds alone (zero-dependency proof, AC-37)	2026-09-29T14:02:54.7817970Z [39/46] Compiling ArgumentParser OptionGroup.swift
swift build & test (macOS)	Core builds alone (zero-dependency proof, AC-37)	2026-09-29T14:02:54.7819100Z [40/46] Compiling ArgumentParser ParentCommand.swift
swift build & test (macOS)	Core builds alone (zero-dependency proof, AC-37)	2026-09-29T14:02:54.7820370Z [41/46] Compiling ArgumentParser AsyncParsableCommand.swift
swift build & test (macOS)	Core builds alone (zero-dependency proof, AC-37)	2026-09-29T14:02:54.7824160Z [42/46] Compiling ArgumentParser CommandConfiguration.swift
swift build & test (macOS)	Core builds alone (zero-dependency proof, AC-37)	2026-09-29T14:02:54.7830750Z [43/46] Compiling ArgumentParser CommandGroup.swift
swift build & test (macOS)	Core builds alone (zero-dependency proof, AC-37)	2026-09-29T14:02:58.5773780Z [44/63] Compiling ArgumentParser HelpGenerator.swift
swift build & test (macOS)	Core builds alone (zero-dependency proof, AC-37)	2026-09-29T14:02:58.5775760Z [45/63] Compiling ArgumentParser MessageInfo.swift
swift build & test (macOS)	Core builds alone (zero-dependency proof, AC-37)	2026-09-29T14:02:58.5777220Z [46/63] Compiling ArgumentParser UsageGenerator.swift
swift build & test (macOS)	Core builds alone (zero-dependency proof, AC-37)	2026-09-29T14:02:58.5778150Z [47/63] Compiling ArgumentParser CollectionExtensions.swift
swift build & test (macOS)	Core builds alone (zero-dependency proof, AC-37)	2026-09-29T14:02:58.5780330Z [48/63] Compiling ArgumentParser Foundation.swift
swift build & test (macOS)	Core builds alone (zero-dependency proof, AC-37)	2026-09-29T14:02:58.5812030Z [49/63] Compiling ArgumentParser Mutex.swift
swift build & test (macOS)	Core builds alone (zero-dependency proof, AC-37)	2026-09-29T14:02:58.5813680Z [50/63] Compiling ArgumentParser Platform.swift
swift build & test (macOS)	Core builds alone (zero-dependency proof, AC-37)	2026-09-29T14:02:58.5814720Z [51/63] Compiling ArgumentParser SequenceExtensions.swift
swift build & test (macOS)	Core builds alone (zero-dependency proof, AC-37)	2026-09-29T14:02:58.5817420Z [52/63] Compiling ArgumentParser StringExtensions.swift
swift build & test (macOS)	Core builds alone (zero-dependency proof, AC-37)	2026-09-29T14:02:58.5819300Z [53/63] Compiling ArgumentParser SwiftExtensions.swift
swift build & test (macOS)	Core builds alone (zero-dependency proof, AC-37)	2026-09-29T14:02:58.5820630Z [54/63] Compiling ArgumentParser Tree.swift
swift build & test (macOS)	Core builds alone (zero-dependency proof, AC-37)	2026-09-29T14:02:58.5821740Z [55/63] Compiling ArgumentParser AsyncCompletionsValidator.swift
swift build & test (macOS)	Core builds alone (zero-dependency proof, AC-37)	2026-09-29T14:02:58.5823910Z [56/63] Compiling ArgumentParser CodingKeyValidator.swift
swift build & test (macOS)	Core builds alone (zero-dependency proof, AC-37)	2026-09-29T14:02:58.5825740Z [57/63] Compiling ArgumentParser NonsenseFlagsValidator.swift
swift build & test (macOS)	Core builds alone (zero-dependency proof, AC-37)	2026-09-29T14:02:58.5826900Z [58/63] Compiling ArgumentParser ParsableArgumentsValidation.swift
swift build & test (macOS)	Core builds alone (zero-dependency proof, AC-37)	2026-09-29T14:02:58.5828650Z [59/63] Compiling ArgumentParser PositionalArgumentsValidator.swift
swift build & test (macOS)	Core builds alone (zero-dependency proof, AC-37)	2026-09-29T14:02:58.5832220Z [60/63] Compiling ArgumentParser UniqueNamesValidator.swift
swift build & test (macOS)	Core builds alone (zero-dependency proof, AC-37)	2026-09-29T14:03:03.6015870Z [61/68] Emitting module encuda
swift build & test (macOS)	Core builds alone (zero-dependency proof, AC-37)	2026-09-29T14:03:03.6048980Z [62/68] Compiling encuda encuda-compile.swift
swift build & test (macOS)	Core builds alone (zero-dependency proof, AC-37)	2026-09-29T14:03:03.6052260Z [63/68] Compiling encuda encuda-error.swift
swift build & test (macOS)	Core builds alone (zero-dependency proof, AC-37)	2026-09-29T14:03:03.6099810Z [64/68] Compiling encuda encuda-link.swift
swift build & test (macOS)	Core builds alone (zero-dependency proof, AC-37)	2026-09-29T14:03:03.6843460Z [65/68] Compiling encuda encuda-utils.swift
swift build & test (macOS)	Core builds alone (zero-dependency proof, AC-37)	2026-09-29T14:03:03.9744810Z [66/69] Compiling encuda encuda.swift
swift build & test (macOS)	Core builds alone (zero-dependency proof, AC-37)	2026-09-29T14:03:04.0091710Z [66/69] Write Objects.LinkFileList
swift build & test (macOS)	Core builds alone (zero-dependency proof, AC-37)	2026-09-29T14:03:05.1697120Z [67/69] Linking encuda-tool
swift build & test (macOS)	Core builds alone (zero-dependency proof, AC-37)	2026-09-29T14:03:05.2471660Z [68/69] Applying encuda-tool
swift build & test (macOS)	Core builds alone (zero-dependency proof, AC-37)	2026-09-29T14:03:13.6486090Z Building for debugging...
swift build & test (macOS)	Core builds alone (zero-dependency proof, AC-37)	2026-09-29T14:03:13.7053040Z [0/3] Write sources
swift build & test (macOS)	Core builds alone (zero-dependency proof, AC-37)	2026-09-29T14:03:13.7054140Z [1/3] Copying PrivacyInfo.xcprivacy
swift build & test (macOS)	Core builds alone (zero-dependency proof, AC-37)	2026-09-29T14:03:14.0192820Z [2/3] Write swift-version-7974D3F7F03D5E95.txt
swift build & test (macOS)	Core builds alone (zero-dependency proof, AC-37)	2026-09-29T14:03:27.5513390Z [4/40] Compiling MultiModalKit AppleSpeechSynthesizer.swift
swift build & test (macOS)	Core builds alone (zero-dependency proof, AC-37)	2026-09-29T14:03:27.5628470Z [5/40] Compiling MultiModalKit AppleWrittenSynthesisRun.swift
swift build & test (macOS)	Core builds alone (zero-dependency proof, AC-37)	2026-09-29T14:03:27.5750390Z [6/40] Compiling MultiModalKit ConversationMemory.swift
swift build & test (macOS)	Core builds alone (zero-dependency proof, AC-37)	2026-09-29T14:03:27.5853530Z [7/40] Compiling MultiModalKit LatencyReporter.swift
swift build & test (macOS)	Core builds alone (zero-dependency proof, AC-37)	2026-09-29T14:03:27.5938920Z [8/40] Compiling MultiModalKit MindReadiness.swift
swift build & test (macOS)	Core builds alone (zero-dependency proof, AC-37)	2026-09-29T14:03:27.5939500Z [9/40] Compiling MultiModalKit MindSession.swift
swift build & test (macOS)	Core builds alone (zero-dependency proof, AC-37)	2026-09-29T14:03:27.5940090Z [10/40] Compiling MultiModalKit PlaybackLead.swift
swift build & test (macOS)	Core builds alone (zero-dependency proof, AC-37)	2026-09-29T14:03:27.5940520Z [11/40] Compiling MultiModalKit ReplyContract.swift
swift build & test (macOS)	Core builds alone (zero-dependency proof, AC-37)	2026-09-29T14:03:27.5941020Z [12/40] Compiling MultiModalKit ReplyTool.swift
swift build & test (macOS)	Core builds alone (zero-dependency proof, AC-37)	2026-09-29T14:03:27.5941800Z [13/40] Compiling MultiModalKit SessionKeeper.swift
swift build & test (macOS)	Core builds alone (zero-dependency proof, AC-37)	2026-09-29T14:03:27.5946250Z [14/40] Compiling MultiModalKit SnapshotDiffer.swift
swift build & test (macOS)	Core builds alone (zero-dependency proof, AC-37)	2026-09-29T14:03:27.5946990Z [15/40] Compiling MultiModalKit SpeechPhraser.swift
swift build & test (macOS)	Core builds alone (zero-dependency proof, AC-37)	2026-09-29T14:03:27.5947410Z [16/40] Compiling MultiModalKit ToolUse.swift
swift build & test (macOS)	Core builds alone (zero-dependency proof, AC-37)	2026-09-29T14:03:27.5947900Z [17/40] Compiling MultiModalKit TranscriptLedger.swift
swift build & test (macOS)	Core builds alone (zero-dependency proof, AC-37)	2026-09-29T14:03:27.5948410Z [18/40] Compiling MultiModalKit TurnCoordination.swift
swift build & test (macOS)	Core builds alone (zero-dependency proof, AC-37)	2026-09-29T14:03:27.5948900Z [19/40] Compiling MultiModalKit TurnCoordinator+Audio.swift
swift build & test (macOS)	Core builds alone (zero-dependency proof, AC-37)	2026-09-29T14:03:27.5949540Z [20/40] Compiling MultiModalKit TurnCoordinator+Config.swift
swift build & test (macOS)	Core builds alone (zero-dependency proof, AC-37)	2026-09-29T14:03:27.5950000Z [21/40] Compiling MultiModalKit TurnCoordinator+Stages.swift
swift build & test (macOS)	Core builds alone (zero-dependency proof, AC-37)	2026-09-29T14:03:28.5258580Z [22/58] Emitting module MultiModalKit
swift build & test (macOS)	Core builds alone (zero-dependency proof, AC-37)	2026-09-29T14:03:28.5272360Z [23/58] Compiling MultiModalKit AudioEvent.swift
swift build & test (macOS)	Core builds alone (zero-dependency proof, AC-37)	2026-09-29T14:03:28.5299910Z [24/58] Compiling MultiModalKit AudioPump.swift
swift build & test (macOS)	Core builds alone (zero-dependency proof, AC-37)	2026-09-29T14:03:28.5345480Z [25/58] Compiling MultiModalKit AudioRingBuffer.swift
swift build & test (macOS)	Core builds alone (zero-dependency proof, AC-37)	2026-09-29T14:03:28.5345930Z [26/58] Compiling MultiModalKit AudioSessionConfiguring.swift
swift build & test (macOS)	Core builds alone (zero-dependency proof, AC-37)	2026-09-29T14:03:28.5347120Z [27/58] Compiling MultiModalKit AudioSource.swift
swift build & test (macOS)	Core builds alone (zero-dependency proof, AC-37)	2026-09-29T14:03:28.5347990Z [28/58] Compiling MultiModalKit EnergyVAD.swift
swift build & test (macOS)	Core builds alone (zero-dependency proof, AC-37)	2026-09-29T14:03:28.5348410Z [29/58] Compiling MultiModalKit GateCalibration.swift
swift build & test (macOS)	Core builds alone (zero-dependency proof, AC-37)	2026-09-29T14:03:28.5348800Z [30/58] Compiling MultiModalKit MicrophoneSource.swift
swift build & test (macOS)	Core builds alone (zero-dependency proof, AC-37)	2026-09-29T14:03:28.5362220Z [31/58] Compiling MultiModalKit PlaybackHost.swift
swift build & test (macOS)	Core builds alone (zero-dependency proof, AC-37)	2026-09-29T14:03:28.5364130Z [32/58] Compiling MultiModalKit VoiceActivityDetecting.swift
swift build & test (macOS)	Core builds alone (zero-dependency proof, AC-37)	2026-09-29T14:03:28.5365160Z [33/58] Compiling MultiModalKit Broadcast.swift
swift build & test (macOS)	Core builds alone (zero-dependency proof, AC-37)	2026-09-29T14:03:28.5365480Z [34/58] Compiling MultiModalKit LaunchOnce.swift
swift build & test (macOS)	Core builds alone (zero-dependency proof, AC-37)	2026-09-29T14:03:28.5373850Z [35/58] Compiling MultiModalKit Retirable.swift
swift build & test (macOS)	Core builds alone (zero-dependency proof, AC-37)	2026-09-29T14:03:28.5375170Z [36/58] Compiling MultiModalKit StopSignal.swift
swift build & test (macOS)	Core builds alone (zero-dependency proof, AC-37)	2026-09-29T14:03:28.5377460Z [37/58] Compiling MultiModalKit AppleReplyGenerator+Failures.swift
swift build & test (macOS)	Core builds alone (zero-dependency proof, AC-37)	2026-09-29T14:03:28.5378320Z [38/58] Compiling MultiModalKit AppleReplyGenerator+Session.swift
swift build & test (macOS)	Core builds alone (zero-dependency proof, AC-37)	2026-09-29T14:03:28.5380390Z [39/58] Compiling MultiModalKit AppleReplyGenerator+Tools.swift
swift build & test (macOS)	Core builds alone (zero-dependency proof, AC-37)	2026-09-29T14:03:28.5384910Z [40/58] Compiling MultiModalKit AppleReplyGenerator.swift
swift build & test (macOS)	Core builds alone (zero-dependency proof, AC-37)	2026-09-29T14:03:31.4246710Z [41/58] Compiling MultiModalKit TurnCoordinator+Transcripts.swift
swift build & test (macOS)	Core builds alone (zero-dependency proof, AC-37)	2026-09-29T14:03:31.4252950Z [42/58] Compiling MultiModalKit TurnCoordinator.swift
swift build & test (macOS)	Core builds alone (zero-dependency proof, AC-37)	2026-09-29T14:03:31.4258730Z [43/58] Compiling MultiModalKit MemoryHeadroom.swift
swift build & test (macOS)	Core builds alone (zero-dependency proof, AC-37)	2026-09-29T14:03:31.4259270Z [44/58] Compiling MultiModalKit PipelineDiagnostics.swift
swift build & test (macOS)	Core builds alone (zero-dependency proof, AC-37)	2026-09-29T14:03:31.4260030Z [45/58] Compiling MultiModalKit PipelineSignposter.swift
swift build & test (macOS)	Core builds alone (zero-dependency proof, AC-37)	2026-09-29T14:03:31.4262440Z [46/58] Compiling MultiModalKit Thermal.swift
swift build & test (macOS)	Core builds alone (zero-dependency proof, AC-37)	2026-09-29T14:03:31.4263890Z [47/58] Compiling MultiModalKit ThermalPolicy.swift
swift build & test (macOS)	Core builds alone (zero-dependency proof, AC-37)	2026-09-29T14:03:31.4266080Z [48/58] Compiling MultiModalKit DownloadPlan.swift
swift build & test (macOS)	Core builds alone (zero-dependency proof, AC-37)	2026-09-29T14:03:31.4267250Z [49/58] Compiling MultiModalKit HubTree.swift
swift build & test (macOS)	Core builds alone (zero-dependency proof, AC-37)	2026-09-29T14:03:31.4269370Z [50/58] Compiling MultiModalKit ModelBacked.swift
swift build & test (macOS)	Core builds alone (zero-dependency proof, AC-37)	2026-09-29T14:03:31.4270400Z [51/58] Compiling MultiModalKit ModelDownloader.swift
swift build & test (macOS)	Core builds alone (zero-dependency proof, AC-37)	2026-09-29T14:03:31.4271650Z [52/58] Compiling MultiModalKit ModelDownloads.swift
swift build & test (macOS)	Core builds alone (zero-dependency proof, AC-37)	2026-09-29T14:03:31.4272520Z [53/58] Compiling MultiModalKit AIRuntime.swift
swift build & test (macOS)	Core builds alone (zero-dependency proof, AC-37)	2026-09-29T14:03:31.4274250Z [54/58] Compiling MultiModalKit AppleSpeechEngine.swift
swift build & test (macOS)	Core builds alone (zero-dependency proof, AC-37)	2026-09-29T14:03:31.4275500Z [55/58] Compiling MultiModalKit TranscriptionEngine.swift
swift build & test (macOS)	Core builds alone (zero-dependency proof, AC-37)	2026-09-29T14:03:31.4276770Z [56/58] Compiling MultiModalKit TranscriptionSession+Config.swift
swift build & test (macOS)	Core builds alone (zero-dependency proof, AC-37)	2026-09-29T14:03:31.4278240Z [57/58] Compiling MultiModalKit TranscriptionSession.swift
swift build & test (macOS)	Core builds alone (zero-dependency proof, AC-37)	2026-09-29T14:03:31.4278960Z [58/58] Compiling MultiModalKit resource_bundle_accessor.swift
swift build & test (macOS)	Core builds alone (zero-dependency proof, AC-37)	2026-09-29T14:03:31.5127050Z Build of target: 'MultiModalKit' complete! (126.17s)
swift build & test (macOS)	Build (warnings as errors)	﻿2026-09-29T14:03:31.5826280Z ##[group]Run swift build -Xswiftc -warnings-as-errors
swift build & test (macOS)	Build (warnings as errors)	2026-09-29T14:03:31.5826750Z ^[[36;1mswift build -Xswiftc -warnings-as-errors^[[0m
swift build & test (macOS)	Build (warnings as errors)	2026-09-29T14:03:31.6271550Z shell: /bin/bash -e {0}
swift build & test (macOS)	Build (warnings as errors)	2026-09-29T14:03:31.6271900Z ##[endgroup]
swift build & test (macOS)	Build (warnings as errors)	2026-09-29T14:03:48.1905390Z [0/3] Write swift-version-7974D3F7F03D5E95.txt
swift build & test (macOS)	Build (warnings as errors)	2026-09-29T14:03:50.9653860Z [0/1] Planning build
swift build & test (macOS)	Build (warnings as errors)	2026-09-29T14:03:51.0510440Z [1/1] Compiling plugin CudaBuild
swift build & test (macOS)	Build (warnings as errors)	2026-09-29T14:03:52.4029440Z [2/2] Compiling plugin GenerateManual
swift build & test (macOS)	Build (warnings as errors)	2026-09-29T14:03:53.4802840Z [3/3] Compiling plugin GenerateDoccReference
swift build & test (macOS)	Build (warnings as errors)	2026-09-29T14:03:53.4860260Z Building for debugging...
swift build & test (macOS)	Build (warnings as errors)	2026-09-29T14:03:53.5976690Z [3/246] Copying PrivacyInfo.xcprivacy
swift build & test (macOS)	Build (warnings as errors)	2026-09-29T14:03:53.5992990Z [8/246] Write sources
swift build & test (macOS)	Build (warnings as errors)	2026-09-29T14:03:53.6091490Z [11/247] Write bakeoff-entitlement.plist
swift build & test (macOS)	Build (warnings as errors)	2026-09-29T14:03:53.6099910Z [12/247] Copying t5_tokenizer_config.json
swift build & test (macOS)	Build (warnings as errors)	2026-09-29T14:03:53.6220120Z [13/247] Copying gpt2_tokenizer_config.json
swift build & test (macOS)	Build (warnings as errors)	2026-09-29T14:03:53.6239990Z [14/247] Copying PrivacyInfo.xcprivacy
swift build & test (macOS)	Build (warnings as errors)	2026-09-29T14:03:53.6246730Z [14/247] Write audio-demo-entitlement.plist
swift build & test (macOS)	Build (warnings as errors)	2026-09-29T14:03:53.9178840Z [16/247] Write swift-version-7974D3F7F03D5E95.txt
swift build & test (macOS)	Build (warnings as errors)	2026-09-29T14:03:53.9182430Z [17/247] Copying PrivacyInfo.xcprivacy
swift build & test (macOS)	Build (warnings as errors)	2026-09-29T14:03:53.9185130Z [18/247] Compiling _NumericsShims _NumericsShims.c
swift build & test (macOS)	Build (warnings as errors)	2026-09-29T14:03:53.9186330Z [19/247] Write sources
swift build & test (macOS)	Build (warnings as errors)	2026-09-29T14:03:55.3714350Z [23/265] Emitting module DownloadHelper
swift build & test (macOS)	Build (warnings as errors)	2026-09-29T14:03:55.3774990Z [24/265] Compiling DownloadHelper main.swift
swift build & test (macOS)	Build (warnings as errors)	2026-09-29T14:03:55.3817690Z [24/265] Write sources
swift build & test (macOS)	Build (warnings as errors)	2026-09-29T14:03:56.3186270Z [28/274] Emitting module RealModule
swift build & test (macOS)	Build (warnings as errors)	2026-09-29T14:03:56.5988970Z [29/277] Compiling RealModule AlgebraicField.swift
swift build & test (macOS)	Build (warnings as errors)	2026-09-29T14:03:56.6092220Z [30/277] Compiling RealModule ApproximateEquality.swift
swift build & test (macOS)	Build (warnings as errors)	2026-09-29T14:03:56.6192630Z [31/277] Compiling RealModule AugmentedArithmetic.swift
swift build & test (macOS)	Build (warnings as errors)	2026-09-29T14:03:56.6295080Z [32/277] Compiling RealModule Double+Real.swift
swift build & test (macOS)	Build (warnings as errors)	2026-09-29T14:03:56.6394820Z [33/277] Compiling RealModule ElementaryFunctions.swift
swift build & test (macOS)	Build (warnings as errors)	2026-09-29T14:03:56.6496940Z [34/277] Compiling RealModule Float+Real.swift
swift build & test (macOS)	Build (warnings as errors)	2026-09-29T14:03:56.6599070Z [35/277] Compiling RealModule Float16+Real.swift
swift build & test (macOS)	Build (warnings as errors)	2026-09-29T14:03:56.6675710Z [36/277] Compiling RealModule Float80+Real.swift
swift build & test (macOS)	Build (warnings as errors)	2026-09-29T14:03:56.6852790Z [37/277] Compiling RealModule Real.swift
swift build & test (macOS)	Build (warnings as errors)	2026-09-29T14:03:56.6956810Z [38/277] Compiling RealModule RealFunctions.swift
swift build & test (macOS)	Build (warnings as errors)	2026-09-29T14:03:56.7060280Z [39/277] Compiling RealModule RelaxedArithmetic.swift
swift build & test (macOS)	Build (warnings as errors)	2026-09-29T14:03:56.7162550Z [39/277] Write sources
swift build & test (macOS)	Build (warnings as errors)	2026-09-29T14:03:57.6794780Z [43/285] Compiling yyjson.c
swift build & test (macOS)	Build (warnings as errors)	2026-09-29T14:03:57.6887590Z [44/285] Write sources
swift build & test (macOS)	Build (warnings as errors)	2026-09-29T14:03:57.6990780Z [47/285] Copying Resources
swift build & test (macOS)	Build (warnings as errors)	2026-09-29T14:03:59.2598440Z [49/292] Compiling MultiModalKitBench ColdCompile.swift
swift build & test (macOS)	Build (warnings as errors)	2026-09-29T14:03:59.2693030Z [50/292] Compiling MultiModalKitBench DigitalSilence.swift
swift build & test (macOS)	Build (warnings as errors)	2026-09-29T14:03:59.2797000Z [51/292] Compiling MultiModalKitTesting ScriptedTool.swift
swift build & test (macOS)	Build (warnings as errors)	2026-09-29T14:03:59.9978150Z [52/295] Compiling MultiModalKitBench BenchConfiguration.swift
swift build & test (macOS)	Build (warnings as errors)	2026-09-29T14:04:00.0077290Z [53/295] Compiling MultiModalKitBench BenchRow.swift
swift build & test (macOS)	Build (warnings as errors)	2026-09-29T14:04:00.0182140Z [54/295] Compiling MultiModalKitBench BenchStage.swift
swift build & test (macOS)	Build (warnings as errors)	2026-09-29T14:04:00.0286220Z [55/295] Compiling MultiModalKitBench BenchSweep.swift
swift build & test (macOS)	Build (warnings as errors)	2026-09-29T14:04:00.0388360Z [58/295] Emitting module MultiModalKitBench
swift build & test (macOS)	Build (warnings as errors)	2026-09-29T14:04:00.2907620Z [59/297] Emitting module MultiModalKitTesting
swift build & test (macOS)	Build (warnings as errors)	2026-09-29T14:04:00.5438780Z [64/297] Compiling MultiModalKitBench UtteranceStopwatch.swift
swift build & test (macOS)	Build (warnings as errors)	2026-09-29T14:04:00.5606240Z [65/297] Compiling MultiModalKitBench resource_bundle_accessor.swift
swift build & test (macOS)	Build (warnings as errors)	2026-09-29T14:04:00.5714470Z [65/297] Write sources
swift build & test (macOS)	Build (warnings as errors)	2026-09-29T14:04:00.6666710Z [78/297] Compiling MultiModalKitTesting WordErrorRate.swift
swift build & test (macOS)	Build (warnings as errors)	2026-09-29T14:04:00.6779800Z [79/297] Compiling MultiModalKitTesting resource_bundle_accessor.swift
swift build & test (macOS)	Build (warnings as errors)	2026-09-29T14:04:00.7022380Z [79/297] Copying Resources
swift build & test (macOS)	Build (warnings as errors)	2026-09-29T14:04:00.7146510Z [80/297] Write sources
swift build & test (macOS)	Build (warnings as errors)	2026-09-29T14:04:01.3880190Z [85/313] Emitting module ZIPFoundation
swift build & test (macOS)	Build (warnings as errors)	2026-09-29T14:04:01.9201220Z [86/320] Emitting module MLXHuggingFaceMacros
swift build & test (macOS)	Build (warnings as errors)	2026-09-29T14:04:01.9300600Z [87/320] Compiling MLXHuggingFaceMacros HuggingFaceIntegrationMacros.swift
swift build & test (macOS)	Build (warnings as errors)	2026-09-29T14:04:01.9401000Z [87/320] Write sources
swift build & test (macOS)	Build (warnings as errors)	2026-09-29T14:04:01.9503450Z [88/320] Write Objects.LinkFileList
swift build & test (macOS)	Build (warnings as errors)	2026-09-29T14:04:01.9604860Z [89/320] Write sources
swift build & test (macOS)	Build (warnings as errors)	2026-09-29T14:04:02.9674970Z [91/320] Emitting module InternalCollectionsUtilities
swift build & test (macOS)	Build (warnings as errors)	2026-09-29T14:04:03.4042880Z [91/326] Linking MLXHuggingFaceMacros-tool
swift build & test (macOS)	Build (warnings as errors)	2026-09-29T14:04:03.4144130Z [92/326] Write sources
swift build & test (macOS)	Build (warnings as errors)	2026-09-29T14:04:03.4245450Z [93/326] Write Objects.LinkFileList
swift build & test (macOS)	Build (warnings as errors)	2026-09-29T14:04:04.0513230Z [95/330] Compiling EventSource AsyncEventsSequence.swift
swift build & test (macOS)	Build (warnings as errors)	2026-09-29T14:04:04.0615940Z [96/330] Compiling EventSource AsyncSequence+Events.swift
swift build & test (macOS)	Build (warnings as errors)	2026-09-29T14:04:04.0718140Z [97/330] Compiling InternalCollectionsUtilities FixedWidthInteger+roundUpToPowerOfTwo.swift
swift build & test (macOS)	Build (warnings as errors)	2026-09-29T14:04:04.0818880Z [98/330] Compiling InternalCollectionsUtilities Integer rank.swift
swift build & test (macOS)	Build (warnings as errors)	2026-09-29T14:04:04.0922330Z [99/330] Compiling InternalCollectionsUtilities UInt+first and last set bit.swift
swift build & test (macOS)	Build (warnings as errors)	2026-09-29T14:04:04.1022530Z [100/330] Compiling InternalCollectionsUtilities UInt+reversed.swift
swift build & test (macOS)	Build (warnings as errors)	2026-09-29T14:04:04.1130950Z [101/330] Compiling InternalCollectionsUtilities LifetimeOverride.swift
swift build & test (macOS)	Build (warnings as errors)	2026-09-29T14:04:04.1209730Z [102/330] Compiling InternalCollectionsUtilities RandomAccessCollection+Offsets.swift
swift build & test (macOS)	Build (warnings as errors)	2026-09-29T14:04:04.1212140Z [103/330] Compiling InternalCollectionsUtilities Span+Extras.swift
swift build & test (macOS)	Build (warnings as errors)	2026-09-29T14:04:04.1216810Z [104/330] Compiling InternalCollectionsUtilities String+Padding.swift
swift build & test (macOS)	Build (warnings as errors)	2026-09-29T14:04:04.1218730Z [105/330] Compiling InternalCollectionsUtilities _UnsafeBitSet+Index.swift
swift build & test (macOS)	Build (warnings as errors)	2026-09-29T14:04:04.1220410Z [106/330] Compiling InternalCollectionsUtilities _UnsafeBitSet+_Word.swift
swift build & test (macOS)	Build (warnings as errors)	2026-09-29T14:04:04.1222380Z [107/330] Compiling InternalCollectionsUtilities _UnsafeBitSet.swift
swift build & test (macOS)	Build (warnings as errors)	2026-09-29T14:04:04.4544130Z [108/330] Compiling InternalCollectionsUtilities UnsafeBufferPointer+Extras.swift
swift build & test (macOS)	Build (warnings as errors)	2026-09-29T14:04:04.4648400Z [109/330] Compiling InternalCollectionsUtilities UnsafeMutableBufferPointer+Extras.swift
swift build & test (macOS)	Build (warnings as errors)	2026-09-29T14:04:04.4752780Z [110/330] Compiling InternalCollectionsUtilities UnsafeMutableRawBufferPointer+Extras.swift
swift build & test (macOS)	Build (warnings as errors)	2026-09-29T14:04:04.4855480Z [111/330] Compiling InternalCollectionsUtilities UnsafeRawBufferPointer+Extras.swift
swift build & test (macOS)	Build (warnings as errors)	2026-09-29T14:04:04.4956020Z [112/330] Compiling InternalCollectionsUtilities _SortedCollection.swift
swift build & test (macOS)	Build (warnings as errors)	2026-09-29T14:04:04.5058040Z [113/330] Compiling InternalCollectionsUtilities _UniqueCollection.swift
swift build & test (macOS)	Build (warnings as errors)	2026-09-29T14:04:05.9425700Z [113/330] Linking DownloadHelper
swift build & test (macOS)	Build (warnings as errors)	2026-09-29T14:04:09.2325840Z [115/373] Compiling OrderedCollections OrderedDictionary+Partial RangeReplaceableCollection.swift
swift build & test (macOS)	Build (warnings as errors)	2026-09-29T14:04:09.2421900Z [116/373] Compiling OrderedCollections OrderedDictionary+Sendable.swift
swift build & test (macOS)	Build (warnings as errors)	2026-09-29T14:04:09.2531050Z [117/373] Compiling OrderedCollections OrderedDictionary+Sequence.swift
swift build & test (macOS)	Build (warnings as errors)	2026-09-29T14:04:09.2632010Z [118/373] Compiling OrderedCollections OrderedDictionary+Values.swift
swift build & test (macOS)	Build (warnings as errors)	2026-09-29T14:04:09.2734520Z [119/373] Compiling OrderedCollections OrderedDictionary.swift
swift build & test (macOS)	Build (warnings as errors)	2026-09-29T14:04:09.2835070Z [120/373] Compiling OrderedCollections OrderedSet+Codable.swift
swift build & test (macOS)	Build (warnings as errors)	2026-09-29T14:04:09.2844570Z [121/373] Compiling OrderedCollections OrderedSet+CustomReflectable.swift
swift build & test (macOS)	Build (warnings as errors)	2026-09-29T14:04:09.2845500Z [122/373] Compiling OrderedCollections OrderedSet+Descriptions.swift
swift build & test (macOS)	Build (warnings as errors)	2026-09-29T14:04:09.7149410Z [123/373] Compiling OrderedCollections OrderedSet+Move.swift
swift build & test (macOS)	Build (warnings as errors)	2026-09-29T14:04:09.7256130Z [124/373] Compiling OrderedCollections OrderedSet+Partial MutableCollection.swift
swift build & test (macOS)	Build (warnings as errors)	2026-09-29T14:04:09.7360030Z [125/373] Compiling OrderedCollections OrderedSet+Partial RangeReplaceableCollection.swift
swift build & test (macOS)	Build (warnings as errors)	2026-09-29T14:04:09.7468120Z [126/373] Compiling OrderedCollections OrderedSet+Partial SetAlgebra formIntersection.swift
swift build & test (macOS)	Build (warnings as errors)	2026-09-29T14:04:09.7584070Z [127/373] Compiling OrderedCollections OrderedSet+Partial SetAlgebra formSymmetricDifference.swift
swift build & test (macOS)	Build (warnings as errors)	2026-09-29T14:04:09.7688560Z [128/373] Compiling OrderedCollections OrderedSet+Partial SetAlgebra formUnion.swift
swift build & test (macOS)	Build (warnings as errors)	2026-09-29T14:04:09.7703270Z [129/373] Compiling OrderedCollections _HashTable+Bucket.swift
swift build & test (macOS)	Build (warnings as errors)	2026-09-29T14:04:10.0275840Z [130/373] Compiling OrderedCollections OrderedSet+Diffing.swift
swift build & test (macOS)	Build (warnings as errors)	2026-09-29T14:04:10.0379210Z [131/373] Compiling OrderedCollections OrderedSet+Equatable.swift
swift build & test (macOS)	Build (warnings as errors)	2026-09-29T14:04:10.0484350Z [132/373] Compiling OrderedCollections OrderedSet+ExpressibleByArrayLiteral.swift
swift build & test (macOS)	Build (warnings as errors)	2026-09-29T14:04:10.0586230Z [133/373] Compiling OrderedCollections OrderedSet+Hashable.swift
swift build & test (macOS)	Build (warnings as errors)	2026-09-29T14:04:10.0688950Z [134/373] Compiling OrderedCollections OrderedSet+Initializers.swift
swift build & test (macOS)	Build (warnings as errors)	2026-09-29T14:04:10.0797040Z [135/373] Compiling OrderedCollections OrderedSet+Insertions.swift
swift build & test (macOS)	Build (warnings as errors)	2026-09-29T14:04:10.0900440Z [136/373] Compiling OrderedCollections OrderedSet+Invariants.swift
swift build & test (macOS)	Build (warnings as errors)	2026-09-29T14:04:10.1005480Z [136/373] Write DownloadHelper-entitlement.plist
swift build & test (macOS)	Build (warnings as errors)	2026-09-29T14:04:10.1113350Z [137/373] Write sources
swift build & test (macOS)	Build (warnings as errors)	2026-09-29T14:04:10.1718360Z [138/373] Applying DownloadHelper
swift build & test (macOS)	Build (warnings as errors)	2026-09-29T14:04:11.8350790Z [140/422] Emitting module EventSource
swift build & test (macOS)	Build (warnings as errors)	2026-09-29T14:04:11.8353530Z [141/422] Compiling EventSource EventSource+AsyncHTTPClient.swift
swift build & test (macOS)	Build (warnings as errors)	2026-09-29T14:04:11.8528790Z [142/422] Compiling Crypto CryptoKitErrors.swift
swift build & test (macOS)	Build (warnings as errors)	2026-09-29T14:04:11.8529620Z [143/422] Compiling Crypto Digest_boring.swift
swift build & test (macOS)	Build (warnings as errors)	2026-09-29T14:04:11.9965030Z [146/423] Compiling Crypto Digest.swift
swift build & test (macOS)	Build (warnings as errors)	2026-09-29T14:04:12.0093040Z [147/423] Compiling Crypto Digests.swift
swift build & test (macOS)	Build (warnings as errors)	2026-09-29T14:04:12.0325100Z [148/423] Compiling Crypto HashFunctions.swift
swift build & test (macOS)	Build (warnings as errors)	2026-09-29T14:04:12.0453070Z [149/423] Compiling Crypto HashFunctions_SHA2.swift
swift build & test (macOS)	Build (warnings as errors)	2026-09-29T14:04:12.0500090Z [150/423] Compiling Crypto HashFunctions_SHA3.swift
swift build & test (macOS)	Build (warnings as errors)	2026-09-29T14:04:12.0622870Z [151/423] Compiling Crypto Digest_xkcp.swift
swift build & test (macOS)	Build (warnings as errors)	2026-09-29T14:04:12.0747600Z [152/423] Compiling Crypto HPKE-AEAD.swift
swift build & test (macOS)	Build (warnings as errors)	2026-09-29T14:04:12.0885630Z [153/423] Compiling Crypto HPKE-Ciphersuite.swift
swift build & test (macOS)	Build (warnings as errors)	2026-09-29T14:04:12.1040410Z [154/423] Compiling Crypto HPKE-KDF.swift
swift build & test (macOS)	Build (warnings as errors)	2026-09-29T14:04:12.1145000Z [155/423] Compiling Crypto HPKE-KexKeyDerivation.swift
swift build & test (macOS)	Build (warnings as errors)	2026-09-29T14:04:12.1274500Z [156/423] Compiling Crypto HPKE-LabeledExtract.swift
swift build & test (macOS)	Build (warnings as errors)	2026-09-29T14:04:12.1378860Z [157/423] Compiling Crypto HPKE-Utils.swift
swift build & test (macOS)	Build (warnings as errors)	2026-09-29T14:04:12.1479160Z [158/423] Compiling Crypto DHKEM.swift
swift build & test (macOS)	Build (warnings as errors)	2026-09-29T14:04:12.1493540Z [159/423] Compiling Crypto HPKE-KEM-Curve25519.swift
swift build & test (macOS)	Build (warnings as errors)	2026-09-29T14:04:12.1495890Z [160/423] Compiling Crypto HPKE-NIST-EC-KEMs.swift
swift build & test (macOS)	Build (warnings as errors)	2026-09-29T14:04:12.1497780Z [161/423] Compiling Crypto HPKE-KEM.swift
swift build & test (macOS)	Build (warnings as errors)	2026-09-29T14:04:12.1498840Z [162/423] Compiling Crypto HPKE-Errors.swift
swift build & test (macOS)	Build (warnings as errors)	2026-09-29T14:04:12.1500160Z [163/423] Compiling Crypto HPKE.swift
swift build & test (macOS)	Build (warnings as errors)	2026-09-29T14:04:12.1502830Z [164/423] Compiling Crypto HPKE-Context.swift
swift build & test (macOS)	Build (warnings as errors)	2026-09-29T14:04:12.1506110Z [165/423] Compiling Crypto HPKE-KeySchedule.swift
swift build & test (macOS)	Build (warnings as errors)	2026-09-29T14:04:12.1510800Z [166/423] Compiling Crypto HPKE-Modes.swift
swift build & test (macOS)	Build (warnings as errors)	2026-09-29T14:04:12.1512880Z [167/423] Compiling Crypto Insecure.swift
swift build & test (macOS)	Build (warnings as errors)	2026-09-29T14:04:12.1523820Z [168/447] Emitting module Crypto
swift build & test (macOS)	Build (warnings as errors)	2026-09-29T14:04:12.1525370Z [169/447] Compiling Crypto AES-GCM.swift
swift build & test (macOS)	Build (warnings as errors)	2026-09-29T14:04:12.1526480Z [170/447] Compiling Crypto AES-GCM_boring.swift
swift build & test (macOS)	Build (warnings as errors)	2026-09-29T14:04:12.1527800Z [171/447] Compiling Crypto ChaChaPoly_boring.swift
swift build & test (macOS)	Build (warnings as errors)	2026-09-29T14:04:12.1528280Z [172/447] Compiling Crypto ChaChaPoly.swift
swift build & test (macOS)	Build (warnings as errors)	2026-09-29T14:04:12.1528970Z [173/447] Compiling Crypto Cipher.swift
swift build & test (macOS)	Build (warnings as errors)	2026-09-29T14:04:12.1530020Z [174/447] Compiling Crypto Nonces.swift
swift build & test (macOS)	Build (warnings as errors)	2026-09-29T14:04:12.1530660Z [175/447] Compiling Crypto ASN1.swift
swift build & test (macOS)	Build (warnings as errors)	2026-09-29T14:04:12.1532510Z [176/447] Compiling Crypto ASN1Any.swift
swift build & test (macOS)	Build (warnings as errors)	2026-09-29T14:04:12.1532970Z [177/447] Compiling Crypto ASN1BitString.swift
swift build & test (macOS)	Build (warnings as errors)	2026-09-29T14:04:12.1533980Z [178/447] Compiling Crypto ASN1Boolean.swift
swift build & test (macOS)	Build (warnings as errors)	2026-09-29T14:04:12.1534880Z [179/447] Compiling Crypto ASN1Identifier.swift
swift build & test (macOS)	Build (warnings as errors)	2026-09-29T14:04:12.1536980Z [180/447] Compiling Crypto ASN1Integer.swift
swift build & test (macOS)	Build (warnings as errors)	2026-09-29T14:04:12.1538380Z [181/447] Compiling Crypto ASN1Null.swift
swift build & test (macOS)	Build (warnings as errors)	2026-09-29T14:04:12.1538890Z [182/447] Compiling Crypto ASN1OctetString.swift
swift build & test (macOS)	Build (warnings as errors)	2026-09-29T14:04:12.1546000Z [183/447] Compiling Crypto ASN1Strings.swift
swift build & test (macOS)	Build (warnings as errors)	2026-09-29T14:04:12.1547820Z [184/447] Compiling Crypto ArraySliceBigint.swift
swift build & test (macOS)	Build (warnings as errors)	2026-09-29T14:04:12.1549450Z [185/447] Compiling Crypto GeneralizedTime.swift
swift build & test (macOS)	Build (warnings as errors)	2026-09-29T14:04:12.1551720Z [186/447] Compiling Crypto ObjectIdentifier.swift
swift build & test (macOS)	Build (warnings as errors)	2026-09-29T14:04:12.1554900Z [187/447] Compiling Crypto ECDSASignature.swift
swift build & test (macOS)	Build (warnings as errors)	2026-09-29T14:04:12.1557480Z [188/447] Compiling Crypto PEMDocument.swift
swift build & test (macOS)	Build (warnings as errors)	2026-09-29T14:04:12.1558130Z [189/447] Compiling Crypto PKCS8PrivateKey.swift
swift build & test (macOS)	Build (warnings as errors)	2026-09-29T14:04:12.1558490Z [190/447] Compiling Crypto SEC1PrivateKey.swift
swift build & test (macOS)	Build (warnings as errors)	2026-09-29T14:04:12.1559390Z [191/447] Compiling Crypto SubjectPublicKeyInfo.swift
swift build & test (macOS)	Build (warnings as errors)	2026-09-29T14:04:12.1560240Z [192/447] Compiling Crypto CryptoError_boring.swift
swift build & test (macOS)	Build (warnings as errors)	2026-09-29T14:04:12.1560800Z [235/460] Emitting module OrderedCollections
swift build & test (macOS)	Build (warnings as errors)	2026-09-29T14:04:12.6778110Z [236/491] Compiling OrderedCollections OrderedSet+Partial SetAlgebra isSuperset.swift
swift build & test (macOS)	Build (warnings as errors)	2026-09-29T14:04:12.6882810Z [237/491] Compiling OrderedCollections OrderedSet+Partial SetAlgebra subtract.swift
swift build & test (macOS)	Build (warnings as errors)	2026-09-29T14:04:12.6985970Z [238/491] Compiling OrderedCollections OrderedSet+Partial SetAlgebra subtracting.swift
swift build & test (macOS)	Build (warnings as errors)	2026-09-29T14:04:12.7026190Z [239/491] Compiling OrderedCollections OrderedSet+Partial SetAlgebra symmetricDifference.swift
swift build & test (macOS)	Build (warnings as errors)	2026-09-29T14:04:12.7112490Z [240/491] Compiling OrderedCollections OrderedSet+Partial SetAlgebra union.swift
swift build & test (macOS)	Build (warnings as errors)	2026-09-29T14:04:12.7113650Z [241/491] Compiling OrderedCollections OrderedSet+Partial SetAlgebra+Basics.swift
swift build & test (macOS)	Build (warnings as errors)	2026-09-29T14:04:12.7114620Z [242/491] Compiling OrderedCollections OrderedSet+RandomAccessCollection.swift
swift build & test (macOS)	Build (warnings as errors)	2026-09-29T14:04:12.7115530Z [243/491] Compiling OrderedCollections OrderedSet+ReserveCapacity.swift
swift build & test (macOS)	Build (warnings as errors)	2026-09-29T14:04:12.7116700Z [244/491] Compiling OrderedCollections OrderedSet+Sendable.swift
swift build & test (macOS)	Build (warnings as errors)	2026-09-29T14:04:12.7117770Z [245/491] Compiling OrderedCollections OrderedSet+SubSequence.swift
swift build & test (macOS)	Build (warnings as errors)	2026-09-29T14:04:12.7118870Z [246/491] Compiling OrderedCollections OrderedSet+Testing.swift
swift build & test (macOS)	Build (warnings as errors)	2026-09-29T14:04:12.7176580Z [247/491] Compiling OrderedCollections OrderedSet+UnorderedView.swift
swift build & test (macOS)	Build (warnings as errors)	2026-09-29T14:04:12.7180240Z [248/491] Compiling OrderedCollections OrderedSet+UnstableInternals.swift
swift build & test (macOS)	Build (warnings as errors)	2026-09-29T14:04:12.7288250Z [249/491] Compiling OrderedCollections OrderedSet.swift
swift build & test (macOS)	Build (warnings as errors)	2026-09-29T14:04:12.7390510Z [250/491] Compiling OrderedCollections _UnsafeBitset.swift
swift build & test (macOS)	Build (warnings as errors)	2026-09-29T14:04:12.7494080Z [251/491] Compiling Crypto Ed25519_boring.swift
swift build & test (macOS)	Build (warnings as errors)	2026-09-29T14:04:12.7596470Z [252/491] Compiling Crypto NISTCurvesKeys_boring.swift
swift build & test (macOS)	Build (warnings as errors)	2026-09-29T14:04:12.7708870Z [253/491] Compiling Crypto X25519Keys_boring.swift
swift build & test (macOS)	Build (warnings as errors)	2026-09-29T14:04:12.7868570Z [254/491] Compiling Crypto Curve25519.swift
swift build & test (macOS)	Build (warnings as errors)	2026-09-29T14:04:12.7989130Z [255/491] Compiling Crypto Ed25519Keys.swift
swift build & test (macOS)	Build (warnings as errors)	2026-09-29T14:04:12.8100530Z [256/491] Compiling Crypto NISTCurvesKeys.swift
swift build & test (macOS)	Build (warnings as errors)	2026-09-29T14:04:12.8225510Z [257/491] Compiling Crypto X25519Keys.swift
swift build & test (macOS)	Build (warnings as errors)	2026-09-29T14:04:12.8329380Z [258/491] Compiling Crypto SymmetricKeys.swift
swift build & test (macOS)	Build (warnings as errors)	2026-09-29T14:04:12.8432810Z [259/491] Compiling Crypto HMAC.swift
swift build & test (macOS)	Build (warnings as errors)	2026-09-29T14:04:13.0188460Z [260/491] Compiling EventSource EventSource.swift
swift build & test (macOS)	Build (warnings as errors)	2026-09-29T14:04:13.0518250Z [260/491] Write sources
swift build & test (macOS)	Build (warnings as errors)	2026-09-29T14:04:13.1514030Z [261/491] Compiling version.cpp
swift build & test (macOS)	Build (warnings as errors)	2026-09-29T14:04:13.2827670Z [263/491] Compiling Crypto MACFunctions.swift
swift build & test (macOS)	Build (warnings as errors)	2026-09-29T14:04:13.2937910Z [264/491] Compiling Crypto MessageAuthenticationCode.swift
swift build & test (macOS)	Build (warnings as errors)	2026-09-29T14:04:13.2967710Z [265/491] Compiling Crypto AES.swift
swift build & test (macOS)	Build (warnings as errors)	2026-09-29T14:04:13.3043010Z [266/491] Compiling Crypto ECDSASignature_boring.swift
swift build & test (macOS)	Build (warnings as errors)	2026-09-29T14:04:13.3153070Z [267/491] Compiling Crypto ECDSA_boring.swift
swift build & test (macOS)	Build (warnings as errors)	2026-09-29T14:04:13.3255330Z [268/491] Compiling Crypto EdDSA_boring.swift
swift build & test (macOS)	Build (warnings as errors)	2026-09-29T14:04:13.3346450Z [269/491] Compiling Crypto MLDSA_boring.swift
swift build & test (macOS)	Build (warnings as errors)	2026-09-29T14:04:13.3347870Z [270/491] Compiling Crypto MLDSA_wrapper.swift
swift build & test (macOS)	Build (warnings as errors)	2026-09-29T14:04:13.3366910Z [271/491] Compiling Crypto ECDSA.swift
swift build & test (macOS)	Build (warnings as errors)	2026-09-29T14:04:13.3368300Z [272/491] Compiling Crypto Ed25519.swift
swift build & test (macOS)	Build (warnings as errors)	2026-09-29T14:04:13.3369400Z [273/491] Compiling Crypto MLDSA.swift
swift build & test (macOS)	Build (warnings as errors)	2026-09-29T14:04:13.3371020Z [274/491] Compiling Crypto Signature.swift
swift build & test (macOS)	Build (warnings as errors)	2026-09-29T14:04:13.3398800Z [275/491] Compiling Crypto CryptoKitErrors_boring.swift
swift build & test (macOS)	Build (warnings as errors)	2026-09-29T14:04:13.3399790Z [276/491] Compiling Crypto Optional+withUnsafeBytes_boring.swift
swift build & test (macOS)	Build (warnings as errors)	2026-09-29T14:04:13.3400660Z [277/491] Compiling Crypto RNG_boring.swift
swift build & test (macOS)	Build (warnings as errors)	2026-09-29T14:04:13.3401540Z [278/491] Compiling Crypto SafeCompare_boring.swift
swift build & test (macOS)	Build (warnings as errors)	2026-09-29T14:04:13.3409440Z [279/491] Compiling Crypto Zeroization_boring.swift
swift build & test (macOS)	Build (warnings as errors)	2026-09-29T14:04:13.3411940Z [280/491] Compiling Crypto _CryptoModuleAnchor.swift
swift build & test (macOS)	Build (warnings as errors)	2026-09-29T14:04:13.3415500Z [281/491] Compiling Crypto PrettyBytes.swift
swift build & test (macOS)	Build (warnings as errors)	2026-09-29T14:04:13.3416400Z [282/491] Compiling Crypto SafeCompare.swift
swift build & test (macOS)	Build (warnings as errors)	2026-09-29T14:04:13.3421530Z [283/491] Compiling Crypto SecureBytes.swift
swift build & test (macOS)	Build (warnings as errors)	2026-09-29T14:04:13.3439910Z [284/491] Compiling Crypto Zeroization.swift
swift build & test (macOS)	Build (warnings as errors)	2026-09-29T14:04:13.3440400Z [285/491] Compiling Crypto resource_bundle_accessor.swift
swift build & test (macOS)	Build (warnings as errors)	2026-09-29T14:04:14.0667470Z [286/500] Emitting module ComplexModule
swift build & test (macOS)	Build (warnings as errors)	2026-09-29T14:04:14.2684140Z [287/503] Compiling ComplexModule Complex+AdditiveArithmetic.swift
swift build & test (macOS)	Build (warnings as errors)	2026-09-29T14:04:14.2823650Z [288/503] Compiling ComplexModule Complex+AlgebraicField.swift
swift build & test (macOS)	Build (warnings as errors)	2026-09-29T14:04:14.2927850Z [289/503] Compiling ComplexModule Complex+Codable.swift
swift build & test (macOS)	Build (warnings as errors)	2026-09-29T14:04:14.3035500Z [290/503] Compiling ComplexModule Complex+ElementaryFunctions.swift
swift build & test (macOS)	Build (warnings as errors)	2026-09-29T14:04:14.3135830Z [291/503] Compiling ComplexModule Complex+Hashable.swift
swift build & test (macOS)	Build (warnings as errors)	2026-09-29T14:04:14.3241710Z [292/503] Compiling ComplexModule Complex+IntegerLiteral.swift
swift build & test (macOS)	Build (warnings as errors)	2026-09-29T14:04:14.3343480Z [293/503] Compiling ComplexModule Complex+Numeric.swift
swift build & test (macOS)	Build (warnings as errors)	2026-09-29T14:04:14.3447170Z [294/503] Compiling ComplexModule Complex+StringConvertible.swift
swift build & test (macOS)	Build (warnings as errors)	2026-09-29T14:04:14.4172650Z [295/503] Compiling OrderedCollections OrderedSet+Partial SetAlgebra intersection.swift
swift build & test (macOS)	Build (warnings as errors)	2026-09-29T14:04:14.4180280Z [296/503] Compiling OrderedCollections OrderedSet+Partial SetAlgebra isDisjoint.swift
swift build & test (macOS)	Build (warnings as errors)	2026-09-29T14:04:14.4182860Z [297/503] Compiling OrderedCollections OrderedSet+Partial SetAlgebra isEqualSet.swift
swift build & test (macOS)	Build (warnings as errors)	2026-09-29T14:04:14.4183950Z [298/503] Compiling OrderedCollections OrderedSet+Partial SetAlgebra isStrictSubset.swift
swift build & test (macOS)	Build (warnings as errors)	2026-09-29T14:04:14.4185120Z [299/503] Compiling OrderedCollections OrderedSet+Partial SetAlgebra isStrictSuperset.swift
swift build & test (macOS)	Build (warnings as errors)	2026-09-29T14:04:14.4188040Z [300/503] Compiling OrderedCollections OrderedSet+Partial SetAlgebra isSubset.swift
swift build & test (macOS)	Build (warnings as errors)	2026-09-29T14:04:14.4876160Z [316/503] Compiling ComplexModule Complex.swift
swift build & test (macOS)	Build (warnings as errors)	2026-09-29T14:04:14.4878330Z [317/503] Compiling ComplexModule Polar.swift
swift build & test (macOS)	Build (warnings as errors)	2026-09-29T14:04:14.4883050Z [318/503] Compiling ComplexModule Scale.swift
swift build & test (macOS)	Build (warnings as errors)	2026-09-29T14:04:17.9309500Z [318/551] Compiling utils.cpp
swift build & test (macOS)	Build (warnings as errors)	2026-09-29T14:04:18.4217840Z [320/553] Compiling Numerics Numerics.swift
swift build & test (macOS)	Build (warnings as errors)	2026-09-29T14:04:18.4417350Z [321/553] Emitting module Numerics
swift build & test (macOS)	Build (warnings as errors)	2026-09-29T14:04:25.0230310Z [322/553] Compiling HuggingFace Discussion.swift
swift build & test (macOS)	Build (warnings as errors)	2026-09-29T14:04:25.0516090Z [323/553] Compiling HuggingFace File.swift
swift build & test (macOS)	Build (warnings as errors)	2026-09-29T14:04:25.0623290Z [324/553] Compiling HuggingFace Git.swift
swift build & test (macOS)	Build (warnings as errors)	2026-09-29T14:04:25.0746920Z [325/553] Compiling HuggingFace HubCache.swift
swift build & test (macOS)	Build (warnings as errors)	2026-09-29T14:04:25.0853580Z [326/553] Compiling HuggingFace HubClient+Collections.swift
swift build & test (macOS)	Build (warnings as errors)	2026-09-29T14:04:32.0390540Z [327/557] Compiling Jinja Tests.swift
swift build & test (macOS)	Build (warnings as errors)	2026-09-29T14:04:32.0488750Z [328/557] Compiling Jinja Token.swift
swift build & test (macOS)	Build (warnings as errors)	2026-09-29T14:04:32.0590940Z [329/557] Compiling Jinja Utilities.swift
swift build & test (macOS)	Build (warnings as errors)	2026-09-29T14:04:32.0801920Z [330/557] Compiling Jinja Value.swift
swift build & test (macOS)	Build (warnings as errors)	2026-09-29T14:04:32.2983620Z [331/557] Emitting module Jinja
swift build & test (macOS)	Build (warnings as errors)	2026-09-29T14:04:32.3083520Z [332/557] Compiling HuggingFace AccessRequest.swift
swift build & test (macOS)	Build (warnings as errors)	2026-09-29T14:04:32.3184910Z [333/557] Compiling HuggingFace Billing.swift
swift build & test (macOS)	Build (warnings as errors)	2026-09-29T14:04:32.3286470Z [334/557] Compiling HuggingFace Collection.swift
swift build & test (macOS)	Build (warnings as errors)	2026-09-29T14:04:32.3388280Z [335/557] Compiling HuggingFace CommaSeparatedList.swift
swift build & test (macOS)	Build (warnings as errors)	2026-09-29T14:04:32.3490170Z [336/557] Compiling HuggingFace Dataset.swift
swift build & test (macOS)	Build (warnings as errors)	2026-09-29T14:04:33.2915220Z [336/557] Compiling transforms.cpp
swift build & test (macOS)	Build (warnings as errors)	2026-09-29T14:04:37.3405440Z [337/557] Compiling scheduler.cpp
swift build & test (macOS)	Build (warnings as errors)	2026-09-29T14:04:39.9286660Z [338/557] Compiling random.cpp
swift build & test (macOS)	Build (warnings as errors)	2026-09-29T14:04:40.9593050Z [340/557] Compiling HuggingFace HubClient+Papers.swift
swift build & test (macOS)	Build (warnings as errors)	2026-09-29T14:04:40.9702640Z [341/557] Compiling HuggingFace HubClient+Repos.swift
swift build & test (macOS)	Build (warnings as errors)	2026-09-29T14:04:40.9843400Z [342/557] Compiling HuggingFace HubClient+Spaces.swift
swift build & test (macOS)	Build (warnings as errors)	2026-09-29T14:04:40.9914000Z [343/557] Compiling HuggingFace HubClient+User.swift
swift build & test (macOS)	Build (warnings as errors)	2026-09-29T14:04:41.0019830Z [344/557] Compiling HuggingFace HubClient.swift
swift build & test (macOS)	Build (warnings as errors)	2026-09-29T14:04:41.0120840Z [345/557] Compiling HuggingFace Model.swift
swift build & test (macOS)	Build (warnings as errors)	2026-09-29T14:04:41.0223640Z [346/557] Compiling HuggingFace OAuth.swift
swift build & test (macOS)	Build (warnings as errors)	2026-09-29T14:04:41.0326310Z [347/557] Compiling HuggingFace Organization.swift
swift build & test (macOS)	Build (warnings as errors)	2026-09-29T14:04:41.0430170Z [348/557] Compiling HuggingFace Pagination.swift
swift build & test (macOS)	Build (warnings as errors)	2026-09-29T14:04:41.0533400Z [349/557] Compiling HuggingFace Paper.swift
swift build & test (macOS)	Build (warnings as errors)	2026-09-29T14:04:41.0610520Z [350/557] Compiling HuggingFace Repo.swift
swift build & test (macOS)	Build (warnings as errors)	2026-09-29T14:04:41.0611250Z [351/557] Compiling HuggingFace ResourceGroup.swift
swift build & test (macOS)	Build (warnings as errors)	2026-09-29T14:04:41.0611890Z [352/557] Compiling HuggingFace Space.swift
swift build & test (macOS)	Build (warnings as errors)	2026-09-29T14:04:41.0612460Z [353/557] Compiling HuggingFace Tags.swift
swift build & test (macOS)	Build (warnings as errors)	2026-09-29T14:04:41.0850590Z [354/557] Compiling HuggingFace User.swift
swift build & test (macOS)	Build (warnings as errors)	2026-09-29T14:04:41.0852550Z [355/557] Compiling HuggingFace ChatCompletion.swift
swift build & test (macOS)	Build (warnings as errors)	2026-09-29T14:04:41.0855580Z [356/557] Compiling HuggingFace FeatureExtraction.swift
swift build & test (macOS)	Build (warnings as errors)	2026-09-29T14:04:41.0856500Z [357/557] Compiling HuggingFace InferenceClient.swift
swift build & test (macOS)	Build (warnings as errors)	2026-09-29T14:04:49.7736020Z [357/575] Compiling primitives.cpp
swift build & test (macOS)	Build (warnings as errors)	2026-09-29T14:04:50.7546890Z [359/575] Emitting module HuggingFace
swift build & test (macOS)	Build (warnings as errors)	2026-09-29T14:04:50.7649980Z [374/575] Compiling HuggingFace HubClient+Models.swift
swift build & test (macOS)	Build (warnings as errors)	2026-09-29T14:04:50.7652590Z [375/575] Compiling HuggingFace HubClient+OAuth.swift
swift build & test (macOS)	Build (warnings as errors)	2026-09-29T14:04:50.7755190Z [376/575] Compiling HuggingFace HubClient+Organizations.swift
swift build & test (macOS)	Build (warnings as errors)	2026-09-29T14:04:50.7964870Z [377/575] Compiling HuggingFace HubClient+Pagination.swift
swift build & test (macOS)	Build (warnings as errors)	2026-09-29T14:04:55.3204600Z [377/575] Compiling linalg.cpp
swift build & test (macOS)	Build (warnings as errors)	2026-09-29T14:04:57.2306480Z [378/575] Compiling ops.cpp
swift build & test (macOS)	Build (warnings as errors)	2026-09-29T14:04:59.2815240Z [380/575] Compiling HuggingFace Message.swift
swift build & test (macOS)	Build (warnings as errors)	2026-09-29T14:04:59.2947240Z [381/575] Compiling HuggingFace Provider.swift
swift build & test (macOS)	Build (warnings as errors)	2026-09-29T14:04:59.3092960Z [382/575] Compiling HuggingFace SpeechToText.swift
swift build & test (macOS)	Build (warnings as errors)	2026-09-29T14:04:59.3217870Z [383/575] Compiling HuggingFace TextToImage.swift
swift build & test (macOS)	Build (warnings as errors)	2026-09-29T14:04:59.3357000Z [384/575] Compiling HuggingFace TextToVideo.swift
swift build & test (macOS)	Build (warnings as errors)	2026-09-29T14:04:59.3512660Z [385/575] Compiling HuggingFace HuggingFaceAuthenticationManager.swift
swift build & test (macOS)	Build (warnings as errors)	2026-09-29T14:04:59.3637300Z [386/575] Compiling HuggingFace OAuthClient.swift
swift build & test (macOS)	Build (warnings as errors)	2026-09-29T14:04:59.3763500Z [387/575] Compiling HuggingFace TokenStorage.swift
swift build & test (macOS)	Build (warnings as errors)	2026-09-29T14:04:59.3875000Z [388/575] Compiling HuggingFace CacheLocationProvider.swift
swift build & test (macOS)	Build (warnings as errors)	2026-09-29T14:04:59.3977120Z [389/575] Compiling HuggingFace Data+Extensions.swift
swift build & test (macOS)	Build (warnings as errors)	2026-09-29T14:04:59.4079340Z [390/575] Compiling HuggingFace JSONDecoder+Extensions.swift
swift build & test (macOS)	Build (warnings as errors)	2026-09-29T14:04:59.4182240Z [391/575] Compiling HuggingFace URL+Extensions.swift
swift build & test (macOS)	Build (warnings as errors)	2026-09-29T14:04:59.4286460Z [392/575] Compiling HuggingFace URLSession+Linux.swift
swift build & test (macOS)	Build (warnings as errors)	2026-09-29T14:04:59.4389980Z [393/575] Compiling HuggingFace FileLock.swift
swift build & test (macOS)	Build (warnings as errors)	2026-09-29T14:04:59.4492580Z [394/575] Compiling HuggingFace HTTPClient.swift
swift build & test (macOS)	Build (warnings as errors)	2026-09-29T14:04:59.4565760Z [395/575] Compiling HuggingFace MultipartBuilder.swift
swift build & test (macOS)	Build (warnings as errors)	2026-09-29T14:04:59.4571840Z [396/575] Compiling HuggingFace TokenProvider.swift
swift build & test (macOS)	Build (warnings as errors)	2026-09-29T14:04:59.4673080Z [397/575] Compiling HuggingFace Value.swift
swift build & test (macOS)	Build (warnings as errors)	2026-09-29T14:05:00.4813330Z [397/575] Compiling no_gguf.cpp
swift build & test (macOS)	Build (warnings as errors)	2026-09-29T14:05:03.7065750Z [398/580] Compiling safetensors.cpp
swift build & test (macOS)	Build (warnings as errors)	2026-09-29T14:05:04.0918170Z [399/580] Compiling load.cpp
swift build & test (macOS)	Build (warnings as errors)	2026-09-29T14:05:07.1956840Z [400/580] Compiling fft.cpp
swift build & test (macOS)	Build (warnings as errors)	2026-09-29T14:05:07.2669930Z [401/580] Compiling graph_utils.cpp
swift build & test (macOS)	Build (warnings as errors)	2026-09-29T14:05:11.6306450Z [402/580] Compiling fast.cpp
swift build & test (macOS)	Build (warnings as errors)	2026-09-29T14:05:16.9553310Z [403/580] Compiling einsum.cpp
swift build & test (macOS)	Build (warnings as errors)	2026-09-29T14:05:19.0170140Z [404/580] Compiling dtype_utils.cpp
swift build & test (macOS)	Build (warnings as errors)	2026-09-29T14:05:19.1139780Z [406/580] Emitting module Hub
swift build & test (macOS)	Build (warnings as errors)	2026-09-29T14:05:19.1265000Z [407/580] Compiling Hub BinaryDistinct.swift
swift build & test (macOS)	Build (warnings as errors)	2026-09-29T14:05:19.1367880Z [408/580] Compiling Hub Config.swift
swift build & test (macOS)	Build (warnings as errors)	2026-09-29T14:05:19.1470760Z [409/580] Compiling Hub Hub.swift
swift build & test (macOS)	Build (warnings as errors)	2026-09-29T14:05:19.1572990Z [410/580] Compiling Hub HubApi.swift
swift build & test (macOS)	Build (warnings as errors)	2026-09-29T14:05:21.0574020Z [410/582] Compiling dtype.cpp
swift build & test (macOS)	Build (warnings as errors)	2026-09-29T14:05:21.3023980Z [412/582] Compiling Hub YYJSONParser.swift
swift build & test (macOS)	Build (warnings as errors)	2026-09-29T14:05:21.3024960Z [413/582] Compiling Hub resource_bundle_accessor.swift
swift build & test (macOS)	Build (warnings as errors)	2026-09-29T14:05:22.6069060Z [413/582] Compiling export.cpp
swift build & test (macOS)	Build (warnings as errors)	2026-09-29T14:05:23.6080950Z [414/591] Compiling no_ring.cpp
swift build & test (macOS)	Build (warnings as errors)	2026-09-29T14:05:23.7207820Z [415/591] Compiling utils.cpp
swift build & test (macOS)	Build (warnings as errors)	2026-09-29T14:05:26.6840810Z [417/591] Compiling Tokenizers BPETokenizer.swift
swift build & test (macOS)	Build (warnings as errors)	2026-09-29T14:05:26.7015120Z [418/591] Compiling Tokenizers BertTokenizer.swift
swift build & test (macOS)	Build (warnings as errors)	2026-09-29T14:05:26.7212650Z [419/591] Compiling Tokenizers ByteEncoder.swift
swift build & test (macOS)	Build (warnings as errors)	2026-09-29T14:05:26.7287590Z [420/591] Compiling Tokenizers Decoder.swift
swift build & test (macOS)	Build (warnings as errors)	2026-09-29T14:05:26.7495800Z [421/591] Emitting module Tokenizers
swift build & test (macOS)	Build (warnings as errors)	2026-09-29T14:05:26.7638740Z [422/591] Compiling Tokenizers Normalizer.swift
swift build & test (macOS)	Build (warnings as errors)	2026-09-29T14:05:26.7785170Z [423/591] Compiling Tokenizers PostProcessor.swift
swift build & test (macOS)	Build (warnings as errors)	2026-09-29T14:05:26.7904200Z [424/591] Compiling Tokenizers PreTokenizer.swift
swift build & test (macOS)	Build (warnings as errors)	2026-09-29T14:05:26.8006530Z [425/591] Compiling Tokenizers String+PreTokenization.swift
swift build & test (macOS)	Build (warnings as errors)	2026-09-29T14:05:28.0551200Z [425/595] Compiling primitives.cpp
swift build & test (macOS)	Build (warnings as errors)	2026-09-29T14:05:28.1687960Z [426/595] Compiling ops.cpp
swift build & test (macOS)	Build (warnings as errors)	2026-09-29T14:05:29.0751130Z [428/595] Compiling Tokenizers TokenLattice.swift
swift build & test (macOS)	Build (warnings as errors)	2026-09-29T14:05:29.0763430Z [429/595] Compiling Tokenizers Tokenizer.swift
swift build & test (macOS)	Build (warnings as errors)	2026-09-29T14:05:29.0764510Z [430/595] Compiling Tokenizers Trie.swift
swift build & test (macOS)	Build (warnings as errors)	2026-09-29T14:05:29.0773250Z [431/595] Compiling Tokenizers UnigramTokenizer.swift
swift build & test (macOS)	Build (warnings as errors)	2026-09-29T14:05:30.1159100Z [431/595] Compiling no_nccl.cpp
swift build & test (macOS)	Build (warnings as errors)	2026-09-29T14:05:30.1298020Z [431/595] Compiling no_mpi.cpp
swift build & test (macOS)	Build (warnings as errors)	2026-09-29T14:05:32.0274270Z [433/602] Compiling no_jaccl.cpp
swift build & test (macOS)	Build (warnings as errors)	2026-09-29T14:05:35.3607260Z [434/602] Compiling device.cpp
swift build & test (macOS)	Build (warnings as errors)	2026-09-29T14:05:35.8573150Z [435/602] Compiling distributed.cpp
swift build & test (macOS)	Build (warnings as errors)	2026-09-29T14:05:36.2056400Z [437/602] Compiling Generation LogitsProcessor.swift
swift build & test (macOS)	Build (warnings as errors)	2026-09-29T14:05:36.2184200Z [438/602] Compiling Generation MinPLogitsWarper.swift
swift build & test (macOS)	Build (warnings as errors)	2026-09-29T14:05:36.2185440Z [439/602] Compiling Generation RepetitionPenaltyLogitsProcessor.swift
swift build & test (macOS)	Build (warnings as errors)	2026-09-29T14:05:36.2683770Z [440/605] Emitting module Generation
swift build & test (macOS)	Build (warnings as errors)	2026-09-29T14:05:36.2799980Z [441/605] Compiling Generation Decoders.swift
swift build & test (macOS)	Build (warnings as errors)	2026-09-29T14:05:36.2902940Z [442/605] Compiling Generation Generation.swift
swift build & test (macOS)	Build (warnings as errors)	2026-09-29T14:05:36.3008880Z [443/605] Compiling Generation GenerationConfig.swift
swift build & test (macOS)	Build (warnings as errors)	2026-09-29T14:05:38.8208550Z [444/605] Compiling Generation TemperatureLogitsWarper.swift
swift build & test (macOS)	Build (warnings as errors)	2026-09-29T14:05:38.8326360Z [445/605] Compiling Generation TopKLogitsWarper.swift
swift build & test (macOS)	Build (warnings as errors)	2026-09-29T14:05:38.8428280Z [446/605] Compiling Generation TopPLogitsWarper.swift
swift build & test (macOS)	Build (warnings as errors)	2026-09-29T14:05:42.6713450Z [446/605] Compiling utils.cpp
swift build & test (macOS)	Build (warnings as errors)	2026-09-29T14:05:43.5340660Z [447/608] Compiling compile.cpp
swift build & test (macOS)	Build (warnings as errors)	2026-09-29T14:05:44.2984190Z [449/608] Compiling Models LanguageModelTypes.swift
swift build & test (macOS)	Build (warnings as errors)	2026-09-29T14:05:46.1431210Z [450/609] Compiling Models LanguageModel.swift
swift build & test (macOS)	Build (warnings as errors)	2026-09-29T14:05:46.1540480Z [451/609] Emitting module Models
swift build & test (macOS)	Build (warnings as errors)	2026-09-29T14:05:46.1808370Z [451/609] Compiling unary.cpp
swift build & test (macOS)	Build (warnings as errors)	2026-09-29T14:05:46.3955840Z [453/609] Compiling Models Weights.swift
swift build & test (macOS)	Build (warnings as errors)	2026-09-29T14:05:49.3485030Z [453/609] Compiling ternary.cpp
swift build & test (macOS)	Build (warnings as errors)	2026-09-29T14:05:50.2293820Z [454/609] Compiling softmax.cpp
swift build & test (macOS)	Build (warnings as errors)	2026-09-29T14:05:50.4483850Z [455/609] Compiling sort.cpp
swift build & test (macOS)	Build (warnings as errors)	2026-09-29T14:05:53.9875150Z [456/609] Compiling slicing.cpp
swift build & test (macOS)	Build (warnings as errors)	2026-09-29T14:05:54.6206850Z [457/609] Compiling scan.cpp
swift build & test (macOS)	Build (warnings as errors)	2026-09-29T14:05:55.1408530Z [458/609] Compiling scaled_dot_product_attention.cpp
swift build & test (macOS)	Build (warnings as errors)	2026-09-29T14:05:56.8633190Z [459/609] Compiling resident.cpp
swift build & test (macOS)	Build (warnings as errors)	2026-09-29T14:05:57.1762200Z [460/609] Compiling rope.cpp
swift build & test (macOS)	Build (warnings as errors)	2026-09-29T14:05:58.2937540Z [461/609] Compiling reduce.cpp
swift build & test (macOS)	Build (warnings as errors)	2026-09-29T14:06:01.1105700Z [462/609] Compiling quantized.cpp
swift build & test (macOS)	Build (warnings as errors)	2026-09-29T14:06:01.1131960Z [462/609] Compiling primitives.cpp
swift build & test (macOS)	Build (warnings as errors)	2026-09-29T14:06:02.2920970Z [464/609] Compiling normalization.cpp
swift build & test (macOS)	Build (warnings as errors)	2026-09-29T14:06:05.7615410Z [465/609] Compiling metal.cpp
swift build & test (macOS)	Build (warnings as errors)	2026-09-29T14:06:07.0669500Z [466/609] Compiling logsumexp.cpp
swift build & test (macOS)	Build (warnings as errors)	2026-09-29T14:06:07.3211780Z [467/609] Compiling matmul.cpp
swift build & test (macOS)	Build (warnings as errors)	2026-09-29T14:06:09.7239460Z [468/609] Compiling jit_kernels.cpp
swift build & test (macOS)	Build (warnings as errors)	2026-09-29T14:06:11.0466750Z [469/609] Compiling hadamard.cpp
swift build & test (macOS)	Build (warnings as errors)	2026-09-29T14:06:11.3359000Z [470/609] Compiling indexing.cpp
swift build & test (macOS)	Build (warnings as errors)	2026-09-29T14:06:14.4667480Z [471/609] Compiling fence.cpp
swift build & test (macOS)	Build (warnings as errors)	2026-09-29T14:06:14.5798880Z [472/609] Compiling event.cpp
swift build & test (macOS)	Build (warnings as errors)	2026-09-29T14:06:15.7068510Z [473/609] Compiling fft.cpp
swift build & test (macOS)	Build (warnings as errors)	2026-09-29T14:06:19.5149670Z [474/609] Compiling distributed.cpp
swift build & test (macOS)	Build (warnings as errors)	2026-09-29T14:06:19.5742410Z [475/609] Compiling eval.cpp
swift build & test (macOS)	Build (warnings as errors)	2026-09-29T14:06:20.0036700Z [476/609] Compiling device_info.cpp
swift build & test (macOS)	Build (warnings as errors)	2026-09-29T14:06:24.0714940Z [477/609] Compiling copy.cpp
swift build & test (macOS)	Build (warnings as errors)	2026-09-29T14:06:25.0221790Z [478/609] Compiling device.cpp
swift build & test (macOS)	Build (warnings as errors)	2026-09-29T14:06:25.4826980Z [479/609] Compiling custom_kernel.cpp
swift build & test (macOS)	Build (warnings as errors)	2026-09-29T14:06:28.4032270Z [480/609] Compiling conv.cpp
swift build & test (macOS)	Build (warnings as errors)	2026-09-29T14:06:29.0318830Z [481/609] Compiling compiled.cpp
swift build & test (macOS)	Build (warnings as errors)	2026-09-29T14:06:29.4670650Z [482/609] Compiling binary.cpp
swift build & test (macOS)	Build (warnings as errors)	2026-09-29T14:06:31.7628400Z [483/609] Compiling slicing.cpp
swift build & test (macOS)	Build (warnings as errors)	2026-09-29T14:06:32.5180490Z [484/609] Compiling allocator.cpp
swift build & test (macOS)	Build (warnings as errors)	2026-09-29T14:06:32.5484990Z [485/609] Compiling primitives.cpp
swift build & test (macOS)	Build (warnings as errors)	2026-09-29T14:06:34.1440810Z [486/609] Compiling no_cuda.cpp
swift build & test (macOS)	Build (warnings as errors)	2026-09-29T14:06:34.2433620Z [487/609] Compiling copy.cpp
swift build & test (macOS)	Build (warnings as errors)	2026-09-29T14:06:34.3528300Z [488/609] Compiling threefry.cpp
swift build & test (macOS)	Build (warnings as errors)	2026-09-29T14:06:39.3531860Z [489/609] Compiling unary.cpp
swift build & test (macOS)	Build (warnings as errors)	2026-09-29T14:06:39.8972170Z [490/609] Compiling svd.cpp
swift build & test (macOS)	Build (warnings as errors)	2026-09-29T14:06:40.2758290Z [491/609] Compiling sort.cpp
swift build & test (macOS)	Build (warnings as errors)	2026-09-29T14:06:46.7506020Z [492/609] Compiling softmax.cpp
swift build & test (macOS)	Build (warnings as errors)	2026-09-29T14:06:46.9193630Z [493/609] Compiling select.cpp
swift build & test (macOS)	Build (warnings as errors)	2026-09-29T14:06:49.2417290Z [494/609] Compiling scan.cpp
swift build & test (macOS)	Build (warnings as errors)	2026-09-29T14:06:55.1687530Z [495/609] Compiling quantized.cpp
swift build & test (macOS)	Build (warnings as errors)	2026-09-29T14:06:57.5820070Z [496/609] Compiling qrf.cpp
swift build & test (macOS)	Build (warnings as errors)	2026-09-29T14:06:57.7030690Z [497/609] Compiling reduce.cpp
swift build & test (macOS)	Build (warnings as errors)	2026-09-29T14:06:59.8384330Z [498/609] Compiling primitives.cpp
swift build & test (macOS)	Build (warnings as errors)	2026-09-29T14:07:01.9517830Z [499/609] Compiling matmul.cpp
swift build & test (macOS)	Build (warnings as errors)	2026-09-29T14:07:03.2665750Z [500/609] Compiling masked_mm.cpp
swift build & test (macOS)	Build (warnings as errors)	2026-09-29T14:07:04.9552210Z [501/609] Compiling luf.cpp
swift build & test (macOS)	Build (warnings as errors)	2026-09-29T14:07:05.0363070Z [502/609] Compiling jit_compiler.cpp
swift build & test (macOS)	Build (warnings as errors)	2026-09-29T14:07:06.0143440Z [503/609] Compiling logsumexp.cpp
swift build & test (macOS)	Build (warnings as errors)	2026-09-29T14:07:09.6112450Z [504/609] Compiling hadamard.cpp
swift build & test (macOS)	Build (warnings as errors)	2026-09-29T14:07:10.4021770Z [505/609] Compiling inverse.cpp
swift build & test (macOS)	Build (warnings as errors)	2026-09-29T14:07:12.9013500Z [506/609] Compiling indexing.cpp
swift build & test (macOS)	Build (warnings as errors)	2026-09-29T14:07:13.3006920Z [507/609] Compiling cblas.cpp
swift build & test (macOS)	Build (warnings as errors)	2026-09-29T14:07:13.7933910Z [508/609] Compiling bnns.cpp
swift build & test (macOS)	Build (warnings as errors)	2026-09-29T14:07:15.5362880Z [509/609] Compiling encoder.cpp
swift build & test (macOS)	Build (warnings as errors)	2026-09-29T14:07:15.5473840Z [510/609] Compiling eval.cpp
swift build & test (macOS)	Build (warnings as errors)	2026-09-29T14:07:16.2824740Z [511/609] Compiling fft.cpp
swift build & test (macOS)	Build (warnings as errors)	2026-09-29T14:07:18.4863030Z [512/609] Compiling distributed.cpp
swift build & test (macOS)	Build (warnings as errors)	2026-09-29T14:07:19.3976850Z [513/609] Compiling device_info.cpp
swift build & test (macOS)	Build (warnings as errors)	2026-09-29T14:07:19.5394780Z [514/609] Compiling eigh.cpp
swift build & test (macOS)	Build (warnings as errors)	2026-09-29T14:07:19.5511250Z [515/609] Compiling eig.cpp
swift build & test (macOS)	Build (warnings as errors)	2026-09-29T14:07:24.4771370Z [516/609] Compiling cholesky.cpp
swift build & test (macOS)	Build (warnings as errors)	2026-09-29T14:07:25.3387370Z [517/609] Compiling conv.cpp
swift build & test (macOS)	Build (warnings as errors)	2026-09-29T14:07:27.0307650Z [518/609] Compiling copy.cpp
swift build & test (macOS)	Build (warnings as errors)	2026-09-29T14:07:28.0477540Z [519/609] Compiling arg_reduce.cpp
swift build & test (macOS)	Build (warnings as errors)	2026-09-29T14:07:29.0141300Z [520/609] Compiling utils.cpp
swift build & test (macOS)	Build (warnings as errors)	2026-09-29T14:07:29.6842210Z [521/609] Compiling slicing.cpp
swift build & test (macOS)	Build (warnings as errors)	2026-09-29T14:07:31.0569260Z [522/609] Compiling reduce.cpp
swift build & test (macOS)	Build (warnings as errors)	2026-09-29T14:07:32.3536250Z [523/609] Compiling load.cpp
swift build & test (macOS)	Build (warnings as errors)	2026-09-29T14:07:34.2183430Z [524/609] Compiling compiled.cpp
swift build & test (macOS)	Build (warnings as errors)	2026-09-29T14:07:35.7398890Z [525/609] Compiling common.cpp
swift build & test (macOS)	Build (warnings as errors)	2026-09-29T14:07:36.1669180Z [526/609] Compiling broadcasting.cpp
swift build & test (macOS)	Build (warnings as errors)	2026-09-29T14:07:36.2086590Z [527/609] Compiling utils.cpp
swift build & test (macOS)	Build (warnings as errors)	2026-09-29T14:07:36.2465540Z [528/609] Compiling unary_ops.cpp
swift build & test (macOS)	Build (warnings as errors)	2026-09-29T14:07:36.2793100Z [529/609] Compiling unary.cpp
swift build & test (macOS)	Build (warnings as errors)	2026-09-29T14:07:36.3074110Z [530/609] Compiling ternary_ops.cpp
swift build & test (macOS)	Build (warnings as errors)	2026-09-29T14:07:36.3329140Z [531/609] Compiling ternary.cpp
swift build & test (macOS)	Build (warnings as errors)	2026-09-29T14:07:36.3796680Z [532/609] Compiling steel_gemm_splitk_nax.cpp
swift build & test (macOS)	Build (warnings as errors)	2026-09-29T14:07:36.4121720Z [533/609] Compiling steel_gemm_splitk.cpp
swift build & test (macOS)	Build (warnings as errors)	2026-09-29T14:07:36.4451070Z [534/609] Compiling steel_gemm_segmented.cpp
swift build & test (macOS)	Build (warnings as errors)	2026-09-29T14:07:36.4837010Z [535/609] Compiling steel_gemm_masked.cpp
swift build & test (macOS)	Build (warnings as errors)	2026-09-29T14:07:36.5102770Z [536/609] Compiling steel_gemm_gather_nax.cpp
swift build & test (macOS)	Build (warnings as errors)	2026-09-29T14:07:36.5338340Z [537/609] Compiling steel_gemm_gather.cpp
swift build & test (macOS)	Build (warnings as errors)	2026-09-29T14:07:36.5591940Z [538/609] Compiling steel_gemm_fused_nax.cpp
swift build & test (macOS)	Build (warnings as errors)	2026-09-29T14:07:36.5997400Z [539/609] Compiling steel_gemm_fused.cpp
swift build & test (macOS)	Build (warnings as errors)	2026-09-29T14:07:36.6328920Z [540/609] Compiling steel_conv_general.cpp
swift build & test (macOS)	Build (warnings as errors)	2026-09-29T14:07:36.6641360Z [541/609] Compiling steel_conv_3d.cpp
swift build & test (macOS)	Build (warnings as errors)	2026-09-29T14:07:36.7167430Z [542/609] Compiling steel_conv.cpp
swift build & test (macOS)	Build (warnings as errors)	2026-09-29T14:07:36.7581310Z [543/609] Compiling steel_attention_nax.cpp
swift build & test (macOS)	Build (warnings as errors)	2026-09-29T14:07:36.7907840Z [544/609] Compiling steel_attention.cpp
swift build & test (macOS)	Build (warnings as errors)	2026-09-29T14:07:36.8244360Z [545/609] Compiling sort.cpp
swift build & test (macOS)	Build (warnings as errors)	2026-09-29T14:07:36.8589850Z [546/609] Compiling softmax.cpp
swift build & test (macOS)	Build (warnings as errors)	2026-09-29T14:07:36.8843490Z [547/609] Compiling scatter_axis.cpp
swift build & test (macOS)	Build (warnings as errors)	2026-09-29T14:07:36.9209340Z [548/609] Compiling scatter.cpp
swift build & test (macOS)	Build (warnings as errors)	2026-09-29T14:07:36.9486050Z [549/609] Compiling scan.cpp
swift build & test (macOS)	Build (warnings as errors)	2026-09-29T14:07:36.9919110Z [550/609] Compiling reduce_utils.cpp
swift build & test (macOS)	Build (warnings as errors)	2026-09-29T14:07:37.0181440Z [551/609] Compiling reduce.cpp
swift build & test (macOS)	Build (warnings as errors)	2026-09-29T14:07:37.0570440Z [552/609] Compiling quantized_utils.cpp
swift build & test (macOS)	Build (warnings as errors)	2026-09-29T14:07:37.0919150Z [553/609] Compiling quantized_nax.cpp
swift build & test (macOS)	Build (warnings as errors)	2026-09-29T14:07:37.1329450Z [554/609] Compiling quantized.cpp
swift build & test (macOS)	Build (warnings as errors)	2026-09-29T14:07:37.1751810Z [555/609] Compiling masked_scatter.cpp
swift build & test (macOS)	Build (warnings as errors)	2026-09-29T14:07:37.2070410Z [556/609] Compiling logsumexp.cpp
swift build & test (macOS)	Build (warnings as errors)	2026-09-29T14:07:37.2306390Z [557/609] Compiling hadamard.cpp
swift build & test (macOS)	Build (warnings as errors)	2026-09-29T14:07:37.2532640Z [558/609] Compiling gemv_masked.cpp
swift build & test (macOS)	Build (warnings as errors)	2026-09-29T14:07:37.2821190Z [559/609] Compiling gemm_nax.cpp
swift build & test (macOS)	Build (warnings as errors)	2026-09-29T14:07:37.3172780Z [560/609] Compiling gemm.cpp
swift build & test (macOS)	Build (warnings as errors)	2026-09-29T14:07:37.3598950Z [561/609] Compiling gather_front.cpp
swift build & test (macOS)	Build (warnings as errors)	2026-09-29T14:07:37.3963060Z [562/609] Compiling gather_axis.cpp
swift build & test (macOS)	Build (warnings as errors)	2026-09-29T14:07:37.4248080Z [563/609] Compiling gather.cpp
swift build & test (macOS)	Build (warnings as errors)	2026-09-29T14:07:37.4565110Z [564/609] Compiling fp_quantized_nax.cpp
swift build & test (macOS)	Build (warnings as errors)	2026-09-29T14:07:37.4820640Z [565/609] Compiling fp_quantized.cpp
swift build & test (macOS)	Build (warnings as errors)	2026-09-29T14:07:37.5128060Z [566/609] Compiling fft.cpp
swift build & test (macOS)	Build (warnings as errors)	2026-09-29T14:07:37.5398470Z [567/609] Compiling copy.cpp
swift build & test (macOS)	Build (warnings as errors)	2026-09-29T14:07:37.5803490Z [568/609] Compiling conv.cpp
swift build & test (macOS)	Build (warnings as errors)	2026-09-29T14:07:37.6291750Z [569/609] Compiling compiled_preamble.cpp
swift build & test (macOS)	Build (warnings as errors)	2026-09-29T14:07:37.6514660Z [570/609] Compiling binary_two.cpp
swift build & test (macOS)	Build (warnings as errors)	2026-09-29T14:07:37.6778920Z [571/609] Compiling binary_ops.cpp
swift build & test (macOS)	Build (warnings as errors)	2026-09-29T14:07:37.7085070Z [572/609] Compiling binary.cpp
swift build & test (macOS)	Build (warnings as errors)	2026-09-29T14:07:37.7455310Z [573/609] Compiling arange.cpp
swift build & test (macOS)	Build (warnings as errors)	2026-09-29T14:07:38.6005850Z [574/609] Compiling array.cpp
swift build & test (macOS)	Build (warnings as errors)	2026-09-29T14:07:39.4547650Z [575/609] Compiling binary.cpp
swift build & test (macOS)	Build (warnings as errors)	2026-09-29T14:07:41.1069360Z [576/609] Compiling version.cpp
swift build & test (macOS)	Build (warnings as errors)	2026-09-29T14:07:41.5155950Z [577/609] Compiling compiled_conditional.cpp
swift build & test (macOS)	Build (warnings as errors)	2026-09-29T14:07:42.0765160Z [578/609] Compiling vector.cpp
swift build & test (macOS)	Build (warnings as errors)	2026-09-29T14:07:43.6097930Z [579/609] Compiling transforms_impl.cpp
swift build & test (macOS)	Build (warnings as errors)	2026-09-29T14:07:43.9904860Z [580/609] Compiling transforms.cpp
swift build & test (macOS)	Build (warnings as errors)	2026-09-29T14:07:44.3332520Z [581/609] Compiling string.cpp
swift build & test (macOS)	Build (warnings as errors)	2026-09-29T14:07:46.6117220Z [582/609] Compiling stream.cpp
swift build & test (macOS)	Build (warnings as errors)	2026-09-29T14:07:47.2838380Z [583/609] Compiling random.cpp
swift build & test (macOS)	Build (warnings as errors)	2026-09-29T14:07:48.4235510Z [584/609] Compiling ops.cpp
swift build & test (macOS)	Build (warnings as errors)	2026-09-29T14:07:49.8789890Z [585/609] Compiling metal.cpp
swift build & test (macOS)	Build (warnings as errors)	2026-09-29T14:07:50.2820930Z [586/609] Compiling memory.cpp
swift build & test (macOS)	Build (warnings as errors)	2026-09-29T14:07:51.1293410Z [587/609] Compiling map.cpp
swift build & test (macOS)	Build (warnings as errors)	2026-09-29T14:07:52.3945350Z [588/609] Compiling linalg.cpp
swift build & test (macOS)	Build (warnings as errors)	2026-09-29T14:07:52.6103530Z [589/609] Compiling io_types.cpp
swift build & test (macOS)	Build (warnings as errors)	2026-09-29T14:07:53.7560590Z [590/609] Compiling io.cpp
swift build & test (macOS)	Build (warnings as errors)	2026-09-29T14:07:55.0808780Z [591/609] Compiling fft.cpp
swift build & test (macOS)	Build (warnings as errors)	2026-09-29T14:07:56.3550250Z [592/609] Compiling fast.cpp
swift build & test (macOS)	Build (warnings as errors)	2026-09-29T14:07:57.1895390Z [593/609] Compiling error.cpp
swift build & test (macOS)	Build (warnings as errors)	2026-09-29T14:07:58.1552860Z [594/609] Compiling export.cpp
swift build & test (macOS)	Build (warnings as errors)	2026-09-29T14:08:03.6173970Z [595/609] Compiling device.cpp
swift build & test (macOS)	Build (warnings as errors)	2026-09-29T14:08:03.9663650Z [596/609] Compiling cuda.cpp
swift build & test (macOS)	Build (warnings as errors)	2026-09-29T14:08:05.1034340Z [597/609] Compiling compile.cpp
swift build & test (macOS)	Build (warnings as errors)	2026-09-29T14:08:08.3988860Z [598/609] Compiling closure.cpp
swift build & test (macOS)	Build (warnings as errors)	2026-09-29T14:08:09.3283410Z [599/609] Compiling Cmlx.m
swift build & test (macOS)	Build (warnings as errors)	2026-09-29T14:08:09.3344270Z [600/609] Write sources
swift build & test (macOS)	Build (warnings as errors)	2026-09-29T14:08:09.4154760Z [601/609] Compiling array.cpp
swift build & test (macOS)	Build (warnings as errors)	2026-09-29T14:08:10.7868500Z [602/634] Compiling format.cc
swift build & test (macOS)	Build (warnings as errors)	2026-09-29T14:08:15.7692050Z [604/662] Emitting module MLX
swift build & test (macOS)	Build (warnings as errors)	2026-09-29T14:08:19.9984170Z [605/675] Compiling MLX ArrayAt.swift
swift build & test (macOS)	Build (warnings as errors)	2026-09-29T14:08:19.9985870Z [606/675] Compiling MLX Cmlx+Util.swift
swift build & test (macOS)	Build (warnings as errors)	2026-09-29T14:08:20.0087040Z [607/675] Compiling MLX DType.swift
swift build & test (macOS)	Build (warnings as errors)	2026-09-29T14:08:20.0188160Z [608/675] Compiling MLX Device.swift
swift build & test (macOS)	Build (warnings as errors)	2026-09-29T14:08:20.0289930Z [609/675] Compiling MLX ErrorHandler.swift
swift build & test (macOS)	Build (warnings as errors)	2026-09-29T14:08:20.0392040Z [610/675] Compiling MLX Export.swift
swift build & test (macOS)	Build (warnings as errors)	2026-09-29T14:08:20.0493480Z [611/675] Compiling MLX FFT.swift
swift build & test (macOS)	Build (warnings as errors)	2026-09-29T14:08:20.0595220Z [612/675] Compiling MLX Factory.swift
swift build & test (macOS)	Build (warnings as errors)	2026-09-29T14:08:20.0697120Z [613/675] Compiling MLX Foundation+Util.swift
swift build & test (macOS)	Build (warnings as errors)	2026-09-29T14:08:20.0798160Z [614/675] Compiling MLX GPU+Metal.swift
swift build & test (macOS)	Build (warnings as errors)	2026-09-29T14:08:20.0896740Z [615/675] Compiling MLX IO.swift
swift build & test (macOS)	Build (warnings as errors)	2026-09-29T14:08:20.0907560Z [616/675] Compiling MLX Linalg.swift
swift build & test (macOS)	Build (warnings as errors)	2026-09-29T14:08:21.1572420Z [617/686] Emitting module ArgmaxCore
swift build & test (macOS)	Build (warnings as errors)	2026-09-29T14:08:21.1679880Z [618/686] Compiling MLX MLXArray+Bytes.swift
swift build & test (macOS)	Build (warnings as errors)	2026-09-29T14:08:21.1786700Z [619/686] Compiling MLX MLXArray+Indexing.swift
swift build & test (macOS)	Build (warnings as errors)	2026-09-29T14:08:21.1890140Z [620/686] Compiling MLX MLXArray+Init.swift
swift build & test (macOS)	Build (warnings as errors)	2026-09-29T14:08:21.1992380Z [621/686] Compiling MLX MLXArray+Metal.swift
swift build & test (macOS)	Build (warnings as errors)	2026-09-29T14:08:21.2093810Z [622/686] Compiling MLX MLXArray+Normalizer.swift
swift build & test (macOS)	Build (warnings as errors)	2026-09-29T14:08:21.2195660Z [623/686] Compiling MLX MLXArray+Ops.swift
swift build & test (macOS)	Build (warnings as errors)	2026-09-29T14:08:21.2298350Z [624/686] Compiling MLX MLXArray+maskFill.swift
swift build & test (macOS)	Build (warnings as errors)	2026-09-29T14:08:21.2400480Z [625/686] Compiling MLX MLXArray.swift
swift build & test (macOS)	Build (warnings as errors)	2026-09-29T14:08:21.2501060Z [626/686] Compiling MLX MLXCustomFunction.swift
swift build & test (macOS)	Build (warnings as errors)	2026-09-29T14:08:21.2501940Z [627/686] Compiling MLX MLXFast.swift
swift build & test (macOS)	Build (warnings as errors)	2026-09-29T14:08:21.2502390Z [628/686] Compiling MLX MLXFastKernel.swift
swift build & test (macOS)	Build (warnings as errors)	2026-09-29T14:08:21.2502800Z [629/686] Compiling MLX Memory.swift
swift build & test (macOS)	Build (warnings as errors)	2026-09-29T14:08:21.3805550Z [630/686] Compiling ArgmaxCore MLModelLoading.swift
swift build & test (macOS)	Build (warnings as errors)	2026-09-29T14:08:21.3933450Z [631/686] Compiling ArgmaxCore MLMultiArrayExtensions.swift
swift build & test (macOS)	Build (warnings as errors)	2026-09-29T14:08:21.4036230Z [632/686] Compiling ArgmaxCore MLTensorExtensions.swift
swift build & test (macOS)	Build (warnings as errors)	2026-09-29T14:08:21.4139500Z [633/686] Compiling ArgmaxCore ModelDownloader.swift
swift build & test (macOS)	Build (warnings as errors)	2026-09-29T14:08:21.4242660Z [634/686] Compiling ArgmaxCore ModelManager.swift
swift build & test (macOS)	Build (warnings as errors)	2026-09-29T14:08:21.4345810Z [635/686] Compiling ArgmaxCore ModelState.swift
swift build & test (macOS)	Build (warnings as errors)	2026-09-29T14:08:21.4454050Z [636/686] Compiling ArgmaxCore ModelUtilities.swift
swift build & test (macOS)	Build (warnings as errors)	2026-09-29T14:08:21.4557030Z [637/686] Compiling ArgmaxCore TokenizerWrapper.swift
swift build & test (macOS)	Build (warnings as errors)	2026-09-29T14:08:21.4603560Z [638/686] Compiling MLX Transforms+Grad.swift
swift build & test (macOS)	Build (warnings as errors)	2026-09-29T14:08:21.4604840Z [639/686] Compiling MLX Transforms+Internal.swift
swift build & test (macOS)	Build (warnings as errors)	2026-09-29T14:08:21.4605770Z [640/686] Compiling MLX Transforms+Vmap.swift
swift build & test (macOS)	Build (warnings as errors)	2026-09-29T14:08:21.4606930Z [641/686] Compiling MLX Transforms.swift
swift build & test (macOS)	Build (warnings as errors)	2026-09-29T14:08:21.4607850Z [642/686] Compiling MLX WiredMemory.swift
swift build & test (macOS)	Build (warnings as errors)	2026-09-29T14:08:23.1007420Z [643/686] Compiling ArgmaxCore HubWrapper.swift
swift build & test (macOS)	Build (warnings as errors)	2026-09-29T14:08:23.1014480Z [644/686] Compiling ArgmaxCore Logging.swift
swift build & test (macOS)	Build (warnings as errors)	2026-09-29T14:08:23.1017180Z [645/686] Compiling ArgmaxCore MLModelExtensions.swift
swift build & test (macOS)	Build (warnings as errors)	2026-09-29T14:08:24.7097900Z [681/697] Emitting module MLXRandom
swift build & test (macOS)	Build (warnings as errors)	2026-09-29T14:08:24.7222850Z [682/697] Compiling MLXRandom Random.swift
swift build & test (macOS)	Build (warnings as errors)	2026-09-29T14:08:27.5010060Z [683/710] Compiling MLXNN ConvolutionTransposed.swift
swift build & test (macOS)	Build (warnings as errors)	2026-09-29T14:08:27.5113650Z [684/710] Compiling MLXNN Dropout.swift
swift build & test (macOS)	Build (warnings as errors)	2026-09-29T14:08:27.5241750Z [685/710] Compiling MLXNN Embedding.swift
swift build & test (macOS)	Build (warnings as errors)	2026-09-29T14:08:27.5544340Z [686/713] Emitting module MLXUtilsLibrary
swift build & test (macOS)	Build (warnings as errors)	2026-09-29T14:08:27.5644000Z [687/713] Compiling MLXNN Activations.swift
swift build & test (macOS)	Build (warnings as errors)	2026-09-29T14:08:27.5746150Z [688/713] Compiling MLXNN Cache.swift
swift build & test (macOS)	Build (warnings as errors)	2026-09-29T14:08:27.5847470Z [689/713] Compiling MLXNN Containers.swift
swift build & test (macOS)	Build (warnings as errors)	2026-09-29T14:08:27.5957220Z [690/713] Compiling MLXNN Convolution.swift
swift build & test (macOS)	Build (warnings as errors)	2026-09-29T14:08:28.6437140Z [691/713] Compiling MLXUtilsLibrary NpyzReader.swift
swift build & test (macOS)	Build (warnings as errors)	2026-09-29T14:08:28.6538730Z [692/713] Compiling MLXUtilsLibrary BenchmarkTimer.swift
swift build & test (macOS)	Build (warnings as errors)	2026-09-29T14:08:28.6656000Z [693/713] Compiling MLXUtilsLibrary Log.swift
swift build & test (macOS)	Build (warnings as errors)	2026-09-29T14:08:29.2356680Z [694/715] Emitting module MLXFFT
swift build & test (macOS)	Build (warnings as errors)	2026-09-29T14:08:29.2458570Z [695/715] Compiling MLXFFT FFT.swift
swift build & test (macOS)	Build (warnings as errors)	2026-09-29T14:08:30.2927160Z [706/715] Compiling MLXNN Normalization.swift
swift build & test (macOS)	Build (warnings as errors)	2026-09-29T14:08:30.3080630Z [707/715] Compiling MLXNN Pooling.swift
swift build & test (macOS)	Build (warnings as errors)	2026-09-29T14:08:31.3621820Z [708/721] Emitting module MLXNN
swift build & test (macOS)	Build (warnings as errors)	2026-09-29T14:08:34.3924240Z [710/721] Compiling MLXNN PositionalEncoding.swift
swift build & test (macOS)	Build (warnings as errors)	2026-09-29T14:08:34.4031060Z [711/721] Compiling MLXNN Quantized.swift
swift build & test (macOS)	Build (warnings as errors)	2026-09-29T14:08:34.4046260Z [712/721] Compiling MLXNN Recurrent.swift
swift build & test (macOS)	Build (warnings as errors)	2026-09-29T14:08:34.4055700Z [713/721] Compiling MLXNN Transformer.swift
swift build & test (macOS)	Build (warnings as errors)	2026-09-29T14:08:34.4175950Z [714/721] Compiling MLXNN Upsample.swift
swift build & test (macOS)	Build (warnings as errors)	2026-09-29T14:08:34.4245130Z [715/721] Compiling MLXNN ValueAndGrad.swift
swift build & test (macOS)	Build (warnings as errors)	2026-09-29T14:08:37.9373910Z [716/769] Compiling WhisperKit AudioChunker.swift
swift build & test (macOS)	Build (warnings as errors)	2026-09-29T14:08:37.9513930Z [717/769] Compiling WhisperKit AudioProcessor+IncrementalLoading.swift
swift build & test (macOS)	Build (warnings as errors)	2026-09-29T14:08:37.9650730Z [718/769] Compiling WhisperKit AudioProcessor.swift
swift build & test (macOS)	Build (warnings as errors)	2026-09-29T14:08:37.9779290Z [719/769] Compiling WhisperKit AudioStreamTranscriber.swift
swift build & test (macOS)	Build (warnings as errors)	2026-09-29T14:08:37.9983840Z [720/769] Compiling WhisperKit EnergyVAD.swift
swift build & test (macOS)	Build (warnings as errors)	2026-09-29T14:08:38.0104670Z [721/769] Compiling WhisperKit VoiceActivityDetector.swift
swift build & test (macOS)	Build (warnings as errors)	2026-09-29T14:08:38.0125390Z [722/769] Compiling WhisperKit AudioEncoder.swift
swift build & test (macOS)	Build (warnings as errors)	2026-09-29T14:08:38.0231630Z [723/769] Emitting module MisakiSwift
swift build & test (macOS)	Build (warnings as errors)	2026-09-29T14:08:38.0353660Z [724/769] Compiling WhisperKit Configurations.swift
swift build & test (macOS)	Build (warnings as errors)	2026-09-29T14:08:38.0465640Z [725/769] Compiling TTSKit Qwen3Models.swift
swift build & test (macOS)	Build (warnings as errors)	2026-09-29T14:08:38.0570320Z [726/769] Compiling WhisperKit Models.swift
swift build & test (macOS)	Build (warnings as errors)	2026-09-29T14:08:38.0705480Z [727/769] Compiling WhisperKit LogitsFilter.swift
swift build & test (macOS)	Build (warnings as errors)	2026-09-29T14:08:38.0808420Z [728/769] Compiling WhisperKit SegmentSeeker.swift
swift build & test (macOS)	Build (warnings as errors)	2026-09-29T14:08:38.0912140Z [729/769] Compiling WhisperKit TokenSampler.swift
swift build & test (macOS)	Build (warnings as errors)	2026-09-29T14:08:40.1286090Z [730/775] Emitting module TTSKit
swift build & test (macOS)	Build (warnings as errors)	2026-09-29T14:08:40.9077430Z [731/782] Compiling MisakiSwift EnglishNum2Word.swift
swift build & test (macOS)	Build (warnings as errors)	2026-09-29T14:08:40.9177450Z [732/782] Compiling MisakiSwift MLXArray+DebugPrint.swift
swift build & test (macOS)	Build (warnings as errors)	2026-09-29T14:08:40.9279820Z [733/782] Compiling TTSKit AudioOutput.swift
swift build & test (macOS)	Build (warnings as errors)	2026-09-29T14:08:40.9411620Z [734/782] Compiling TTSKit EmbedTypes.swift
swift build & test (macOS)	Build (warnings as errors)	2026-09-29T14:08:40.9516310Z [735/782] Compiling TTSKit KVCache.swift
swift build & test (macOS)	Build (warnings as errors)	2026-09-29T14:08:40.9617130Z [736/782] Compiling TTSKit PromptCache.swift
swift build & test (macOS)	Build (warnings as errors)	2026-09-29T14:08:43.5822540Z [737/785] Compiling MLXOptimizers Optimizers.swift
swift build & test (macOS)	Build (warnings as errors)	2026-09-29T14:08:43.5924660Z [738/785] Compiling MLXOptimizers Schedulers.swift
swift build & test (macOS)	Build (warnings as errors)	2026-09-29T14:08:43.5985370Z [739/785] Emitting module MLXOptimizers
swift build & test (macOS)	Build (warnings as errors)	2026-09-29T14:08:45.4708930Z [740/814] Emitting module KokoroSwift
swift build & test (macOS)	Build (warnings as errors)	2026-09-29T14:08:48.7127620Z [741/828] Emitting module WhisperKit
swift build & test (macOS)	Build (warnings as errors)	2026-09-29T14:08:50.1295140Z [742/836] Compiling KokoroSwift KokoroConfig.swift
swift build & test (macOS)	Build (warnings as errors)	2026-09-29T14:08:50.1397650Z [743/836] Compiling KokoroSwift KokoroTTS.swift
swift build & test (macOS)	Build (warnings as errors)	2026-09-29T14:08:50.1498380Z [744/836] Compiling KokoroSwift ProsodyPredictor.swift
swift build & test (macOS)	Build (warnings as errors)	2026-09-29T14:08:50.1600050Z [745/836] Compiling KokoroSwift TextEncoder.swift
swift build & test (macOS)	Build (warnings as errors)	2026-09-29T14:08:50.1715570Z [746/836] Compiling KokoroSwift TimestampPredictor.swift
swift build & test (macOS)	Build (warnings as errors)	2026-09-29T14:08:50.1818500Z [747/836] Compiling KokoroSwift WeightLoader.swift
swift build & test (macOS)	Build (warnings as errors)	2026-09-29T14:08:50.1918530Z [748/836] Compiling KokoroSwift G2PFactory.swift
swift build & test (macOS)	Build (warnings as errors)	2026-09-29T14:08:50.2019610Z [749/836] Compiling KokoroSwift G2PProcessor.swift
swift build & test (macOS)	Build (warnings as errors)	2026-09-29T14:08:50.2121220Z [750/836] Compiling KokoroSwift Language.swift
swift build & test (macOS)	Build (warnings as errors)	2026-09-29T14:08:50.2209760Z [751/836] Compiling KokoroSwift MisakiG2PProcessor.swift
swift build & test (macOS)	Build (warnings as errors)	2026-09-29T14:08:50.2210570Z [752/836] Compiling KokoroSwift Tokenizer.swift
swift build & test (macOS)	Build (warnings as errors)	2026-09-29T14:08:50.2213730Z [753/836] Compiling KokoroSwift eSpeakNGG2PProcessor.swift
swift build & test (macOS)	Build (warnings as errors)	2026-09-29T14:08:50.2361190Z [754/836] Compiling KokoroSwift AudioUtils.swift
swift build & test (macOS)	Build (warnings as errors)	2026-09-29T14:08:50.2361800Z [755/836] Compiling KokoroSwift resource_bundle_accessor.swift
swift build & test (macOS)	Build (warnings as errors)	2026-09-29T14:08:50.3028320Z [756/836] Compiling KokoroSwift AlbertEmbeddings.swift
swift build & test (macOS)	Build (warnings as errors)	2026-09-29T14:08:50.3129480Z [757/836] Compiling KokoroSwift AlbertEncoder.swift
swift build & test (macOS)	Build (warnings as errors)	2026-09-29T14:08:50.3238320Z [758/836] Compiling KokoroSwift AlbertIntermediate.swift
swift build & test (macOS)	Build (warnings as errors)	2026-09-29T14:08:50.3263230Z [759/836] Compiling KokoroSwift AlbertLayer.swift
swift build & test (macOS)	Build (warnings as errors)	2026-09-29T14:08:50.3264120Z [760/836] Compiling KokoroSwift AlbertLayerGroup.swift
swift build & test (macOS)	Build (warnings as errors)	2026-09-29T14:08:50.3264740Z [761/836] Compiling KokoroSwift AlbertModelArgs.swift
swift build & test (macOS)	Build (warnings as errors)	2026-09-29T14:08:50.3265220Z [762/836] Compiling KokoroSwift AlbertOutput.swift
swift build & test (macOS)	Build (warnings as errors)	2026-09-29T14:08:50.3266120Z [763/836] Compiling KokoroSwift AlbertSelfAttention.swift
swift build & test (macOS)	Build (warnings as errors)	2026-09-29T14:08:50.3266650Z [764/836] Compiling KokoroSwift AlbertSelfOutput.swift
swift build & test (macOS)	Build (warnings as errors)	2026-09-29T14:08:50.3267160Z [765/836] Compiling KokoroSwift CustomAlbert.swift
swift build & test (macOS)	Build (warnings as errors)	2026-09-29T14:08:50.3267710Z [766/836] Compiling KokoroSwift AdaIN1d.swift
swift build & test (macOS)	Build (warnings as errors)	2026-09-29T14:08:50.3268540Z [767/836] Compiling KokoroSwift AdaINResBlock1.swift
swift build & test (macOS)	Build (warnings as errors)	2026-09-29T14:08:50.3281230Z [768/836] Compiling KokoroSwift AdaLayerNorm.swift
swift build & test (macOS)	Build (warnings as errors)	2026-09-29T14:08:50.3282100Z [769/836] Compiling KokoroSwift AdainResBlk1d.swift
swift build & test (macOS)	Build (warnings as errors)	2026-09-29T14:08:50.3283020Z [770/836] Compiling KokoroSwift Conv1dInference.swift
swift build & test (macOS)	Build (warnings as errors)	2026-09-29T14:08:50.3284270Z [771/836] Compiling KokoroSwift ConvWeighted.swift
swift build & test (macOS)	Build (warnings as errors)	2026-09-29T14:08:50.3285240Z [772/836] Compiling KokoroSwift InstanceNorm1d.swift
swift build & test (macOS)	Build (warnings as errors)	2026-09-29T14:08:50.3286130Z [773/836] Compiling WhisperKit Extensions+Internal.swift
swift build & test (macOS)	Build (warnings as errors)	2026-09-29T14:08:50.3287180Z [774/836] Compiling WhisperKit Extensions+Public.swift
swift build & test (macOS)	Build (warnings as errors)	2026-09-29T14:08:50.3288070Z [775/836] Compiling WhisperKit Logging.swift
swift build & test (macOS)	Build (warnings as errors)	2026-09-29T14:08:50.3288950Z [776/836] Compiling WhisperKit ModelUtilities.swift
swift build & test (macOS)	Build (warnings as errors)	2026-09-29T14:08:50.3289870Z [777/836] Compiling WhisperKit ResultWriter.swift
swift build & test (macOS)	Build (warnings as errors)	2026-09-29T14:08:50.3290670Z [778/836] Compiling WhisperKit TextUtilities.swift
swift build & test (macOS)	Build (warnings as errors)	2026-09-29T14:08:50.3291680Z [779/836] Compiling WhisperKit TranscriptionUtilities.swift
swift build & test (macOS)	Build (warnings as errors)	2026-09-29T14:08:50.3292580Z [780/836] Compiling WhisperKit WhisperError.swift
swift build & test (macOS)	Build (warnings as errors)	2026-09-29T14:08:50.3293520Z [781/836] Compiling KokoroSwift SineGen.swift
swift build & test (macOS)	Build (warnings as errors)	2026-09-29T14:08:50.3294410Z [782/836] Compiling KokoroSwift SourceModuleHnNSF.swift
swift build & test (macOS)	Build (warnings as errors)	2026-09-29T14:08:50.3295370Z [783/836] Compiling KokoroSwift DurationEncoder.swift
swift build & test (macOS)	Build (warnings as errors)	2026-09-29T14:08:54.4263640Z [806/883] Compiling MLXLMCommon GatedDelta.swift
swift build & test (macOS)	Build (warnings as errors)	2026-09-29T14:08:54.4366950Z [807/883] Compiling MLXLMCommon GenerationConfigFile.swift
swift build & test (macOS)	Build (warnings as errors)	2026-09-29T14:08:54.4468990Z [808/883] Compiling MLXLMCommon InterpolationUtils.swift
swift build & test (macOS)	Build (warnings as errors)	2026-09-29T14:08:54.4548350Z [809/883] Compiling MLXLMCommon JSONDecodingTypes.swift
swift build & test (macOS)	Build (warnings as errors)	2026-09-29T14:08:54.4549070Z [810/883] Compiling MLXLMCommon KVCache.swift
swift build & test (macOS)	Build (warnings as errors)	2026-09-29T14:08:54.4549510Z [811/883] Compiling MLXLMCommon LanguageModel.swift
swift build & test (macOS)	Build (warnings as errors)	2026-09-29T14:08:54.4549930Z [812/883] Compiling MLXLMCommon Load.swift
swift build & test (macOS)	Build (warnings as errors)	2026-09-29T14:08:54.4550380Z [813/883] Compiling MLXLMCommon MTPDrafterModel.swift
swift build & test (macOS)	Build (warnings as errors)	2026-09-29T14:08:55.8498680Z [815/883] Compiling MLXLMCommon BaseConfiguration.swift
swift build & test (macOS)	Build (warnings as errors)	2026-09-29T14:08:55.8602920Z [816/883] Compiling MLXLMCommon BidirectionalMasks.swift
swift build & test (macOS)	Build (warnings as errors)	2026-09-29T14:08:55.8653120Z [817/883] Compiling MLXLMCommon Chat.swift
swift build & test (macOS)	Build (warnings as errors)	2026-09-29T14:08:55.8747290Z [818/883] Compiling MLXLMCommon ChatSession.swift
swift build & test (macOS)	Build (warnings as errors)	2026-09-29T14:08:55.8749380Z [819/883] Compiling MLXLMCommon Downloader.swift
swift build & test (macOS)	Build (warnings as errors)	2026-09-29T14:08:55.8749960Z [820/883] Compiling MLXLMCommon Evaluate.swift
swift build & test (macOS)	Build (warnings as errors)	2026-09-29T14:08:55.8750490Z [821/883] Compiling MLXLMCommon Encodable+toolResult.swift
swift build & test (macOS)	Build (warnings as errors)	2026-09-29T14:08:55.8750970Z [822/883] Compiling MLXLMCommon JSONDecoder+JSON5.swift
swift build & test (macOS)	Build (warnings as errors)	2026-09-29T14:08:55.8751580Z [823/883] Compiling MLXLMCommon DoRA+Layers.swift
swift build & test (macOS)	Build (warnings as errors)	2026-09-29T14:08:55.8753710Z [824/883] Compiling MLXLMCommon LoRA+Layers.swift
swift build & test (macOS)	Build (warnings as errors)	2026-09-29T14:08:55.8754440Z [825/883] Compiling MLXLMCommon LoRAContainer.swift
swift build & test (macOS)	Build (warnings as errors)	2026-09-29T14:08:55.8754960Z [826/883] Compiling MLXLMCommon LoRAModel.swift
swift build & test (macOS)	Build (warnings as errors)	2026-09-29T14:08:55.8755410Z [827/883] Compiling MLXLMCommon PEFTAdapter.swift
swift build & test (macOS)	Build (warnings as errors)	2026-09-29T14:08:55.8774240Z [828/883] Compiling MLXLMCommon ModelAdapter.swift
swift build & test (macOS)	Build (warnings as errors)	2026-09-29T14:08:55.8775890Z [829/883] Compiling MLXLMCommon ModelAdapterFactory.swift
swift build & test (macOS)	Build (warnings as errors)	2026-09-29T14:08:55.8783930Z [830/883] Compiling MLXLMCommon ModelAdapterTypeRegistry.swift
swift build & test (macOS)	Build (warnings as errors)	2026-09-29T14:08:55.8890660Z [831/883] Compiling MLXLMCommon AttentionUtils.swift
swift build & test (macOS)	Build (warnings as errors)	2026-09-29T14:09:01.9787350Z [833/901] Compiling MultiModalKitWhisper WhisperInstall.swift
swift build & test (macOS)	Build (warnings as errors)	2026-09-29T14:09:01.9884000Z [834/901] Compiling MultiModalKitWhisper WhisperEngine.swift
swift build & test (macOS)	Build (warnings as errors)	2026-09-29T14:09:01.9916400Z [835/901] Emitting module MultiModalKitWhisper
swift build & test (macOS)	Build (warnings as errors)	2026-09-29T14:09:02.2829310Z [836/902] Compiling MultiModalKitTTS NeuralVoiceRun.swift
swift build & test (macOS)	Build (warnings as errors)	2026-09-29T14:09:02.2937150Z [837/902] Compiling MultiModalKitTTS TTSDecoding.swift
swift build & test (macOS)	Build (warnings as errors)	2026-09-29T14:09:02.3024520Z [838/902] Compiling MultiModalKitTTS TTSKitDecoder.swift
swift build & test (macOS)	Build (warnings as errors)	2026-09-29T14:09:02.3027330Z [839/902] Compiling MultiModalKitTTS KokoroVoice.swift
swift build & test (macOS)	Build (warnings as errors)	2026-09-29T14:09:02.3028090Z [840/902] Compiling MultiModalKitTTS NeuralVoice+Lead.swift
swift build & test (macOS)	Build (warnings as errors)	2026-09-29T14:09:02.3029130Z [841/902] Compiling MultiModalKitTTS NeuralVoice+ModelAssets.swift
swift build & test (macOS)	Build (warnings as errors)	2026-09-29T14:09:03.1341580Z [842/908] Emitting module MultiModalKitTTS
swift build & test (macOS)	Build (warnings as errors)	2026-09-29T14:09:03.1359350Z [843/908] Compiling MultiModalKitTTS AdaptiveLead.swift
swift build & test (macOS)	Build (warnings as errors)	2026-09-29T14:09:03.1360450Z [844/908] Compiling MultiModalKitTTS DecodeMargin.swift
swift build & test (macOS)	Build (warnings as errors)	2026-09-29T14:09:03.1361240Z [845/908] Compiling MultiModalKitTTS DecodeSteps.swift
swift build & test (macOS)	Build (warnings as errors)	2026-09-29T14:09:03.1361940Z [846/908] Compiling MultiModalKitTTS KokoroDecoder.swift
swift build & test (macOS)	Build (warnings as errors)	2026-09-29T14:09:03.1366710Z [847/908] Compiling MultiModalKitTTS KokoroWeights.swift
swift build & test (macOS)	Build (warnings as errors)	2026-09-29T14:09:03.1367570Z [848/908] Compiling MultiModalKitTTS NeuralVoiceRun+Render.swift
swift build & test (macOS)	Build (warnings as errors)	2026-09-29T14:09:03.1368320Z [849/908] Compiling MultiModalKitTTS NeuralVoiceRun+Terminal.swift
swift build & test (macOS)	Build (warnings as errors)	2026-09-29T14:09:03.1575940Z [850/908] Compiling MultiModalKitWhisper resource_bundle_accessor.swift
swift build & test (macOS)	Build (warnings as errors)	2026-09-29T14:09:04.8590210Z [851/908] Compiling MultiModalKitTTS NeuralVoice.swift
swift build & test (macOS)	Build (warnings as errors)	2026-09-29T14:09:04.8694490Z [852/908] Compiling MultiModalKitTTS NeuralVoiceErrors.swift
swift build & test (macOS)	Build (warnings as errors)	2026-09-29T14:09:04.8793580Z [853/908] Compiling MultiModalKitTTS NeuralVoiceInstall.swift
swift build & test (macOS)	Build (warnings as errors)	2026-09-29T14:09:04.8901770Z [854/908] Compiling MultiModalKitTTS SpokenVoice.swift
swift build & test (macOS)	Build (warnings as errors)	2026-09-29T14:09:04.8997740Z [855/908] Compiling MultiModalKitTTS VoiceLevers.swift
swift build & test (macOS)	Build (warnings as errors)	2026-09-29T14:09:04.9046100Z [856/908] Compiling MultiModalKitTTS resource_bundle_accessor.swift
swift build & test (macOS)	Build (warnings as errors)	2026-09-29T14:09:06.0069220Z [859/908] Compiling MLXLMCommon MTPDrafterModelFactory.swift
swift build & test (macOS)	Build (warnings as errors)	2026-09-29T14:09:06.0085040Z [860/908] Compiling MLXLMCommon MTPSpeculativeTokenIterator.swift
swift build & test (macOS)	Build (warnings as errors)	2026-09-29T14:09:06.0100040Z [861/908] Compiling MLXLMCommon ModelConfiguration.swift
swift build & test (macOS)	Build (warnings as errors)	2026-09-29T14:09:06.0212430Z [862/908] Compiling MLXLMCommon ModelContainer.swift
swift build & test (macOS)	Build (warnings as errors)	2026-09-29T14:09:06.0314820Z [863/908] Compiling MLXLMCommon ModelConversion.swift
swift build & test (macOS)	Build (warnings as errors)	2026-09-29T14:09:06.0415730Z [864/908] Compiling MLXLMCommon ModelFactory.swift
swift build & test (macOS)	Build (warnings as errors)	2026-09-29T14:09:06.0516770Z [865/908] Compiling MLXLMCommon Gemma.swift
swift build & test (macOS)	Build (warnings as errors)	2026-09-29T14:09:06.0601000Z [866/908] Compiling MLXLMCommon Gemma4.swift
swift build & test (macOS)	Build (warnings as errors)	2026-09-29T14:09:06.0601560Z [867/908] Compiling MLXLMCommon Module+Extensions.swift
swift build & test (macOS)	Build (warnings as errors)	2026-09-29T14:09:06.0602210Z [868/908] Compiling MLXLMCommon ParoQuantLoader.swift
swift build & test (macOS)	Build (warnings as errors)	2026-09-29T14:09:06.0602680Z [869/908] Compiling MLXLMCommon RotateQuantizedLinear.swift
swift build & test (macOS)	Build (warnings as errors)	2026-09-29T14:09:06.0603210Z [870/908] Compiling MLXLMCommon AbstractModelRegistry.swift
swift build & test (macOS)	Build (warnings as errors)	2026-09-29T14:09:06.0603690Z [871/908] Compiling MLXLMCommon ModelTypeRegistry.swift
swift build & test (macOS)	Build (warnings as errors)	2026-09-29T14:09:06.0604190Z [872/908] Compiling MLXLMCommon ProcessorTypeRegistry.swift
swift build & test (macOS)	Build (warnings as errors)	2026-09-29T14:09:06.0604730Z [873/908] Compiling MLXLMCommon RoPEApplication.swift
swift build & test (macOS)	Build (warnings as errors)	2026-09-29T14:09:06.0605150Z [874/908] Compiling MLXLMCommon RoPEUtils.swift
swift build & test (macOS)	Build (warnings as errors)	2026-09-29T14:09:06.0605650Z [875/908] Compiling MLXLMCommon SpeculativeDecoding.swift
swift build & test (macOS)	Build (warnings as errors)	2026-09-29T14:09:06.0606080Z [876/908] Compiling MLXLMCommon SuScaledRoPE.swift
swift build & test (macOS)	Build (warnings as errors)	2026-09-29T14:09:06.0606570Z [877/908] Compiling MLXLMCommon SwitchLayers.swift
swift build & test (macOS)	Build (warnings as errors)	2026-09-29T14:09:06.0612140Z [878/908] Compiling MLXLMCommon Tokenizer.swift
swift build & test (macOS)	Build (warnings as errors)	2026-09-29T14:09:07.3019830Z [879/930] Emitting module MLXLMCommon
swift build & test (macOS)	Build (warnings as errors)	2026-09-29T14:09:09.3289500Z [903/930] Compiling MLXLMCommon TokenizerLoader.swift
swift build & test (macOS)	Build (warnings as errors)	2026-09-29T14:09:09.3294540Z [904/930] Compiling MLXLMCommon GLM4ToolCallParser.swift
swift build & test (macOS)	Build (warnings as errors)	2026-09-29T14:09:09.3298160Z [905/930] Compiling MLXLMCommon GemmaFunctionParser.swift
swift build & test (macOS)	Build (warnings as errors)	2026-09-29T14:09:09.3299850Z [906/930] Compiling MLXLMCommon JSONToolCallParser.swift
swift build & test (macOS)	Build (warnings as errors)	2026-09-29T14:09:09.3301420Z [907/930] Compiling MLXLMCommon KimiK2ToolCallParser.swift
swift build & test (macOS)	Build (warnings as errors)	2026-09-29T14:09:09.3302600Z [908/930] Compiling MLXLMCommon Llama3ToolCallParser.swift
swift build & test (macOS)	Build (warnings as errors)	2026-09-29T14:09:09.3304110Z [909/930] Compiling MLXLMCommon MiniMaxM2ToolCallParser.swift
swift build & test (macOS)	Build (warnings as errors)	2026-09-29T14:09:09.3305420Z [910/930] Compiling MLXLMCommon MistralToolCallParser.swift
swift build & test (macOS)	Build (warnings as errors)	2026-09-29T14:09:09.3306570Z [911/930] Compiling MLXLMCommon ParserUtilities.swift
swift build & test (macOS)	Build (warnings as errors)	2026-09-29T14:09:09.3313440Z [912/930] Compiling MLXLMCommon PythonicToolCallParser.swift
swift build & test (macOS)	Build (warnings as errors)	2026-09-29T14:09:09.3317430Z [913/930] Compiling MLXLMCommon XMLFunctionParser.swift
swift build & test (macOS)	Build (warnings as errors)	2026-09-29T14:09:09.3344220Z [914/930] Compiling MLXLMCommon Tool.swift
swift build & test (macOS)	Build (warnings as errors)	2026-09-29T14:09:09.3348560Z [915/930] Compiling MLXLMCommon ToolCall.swift
swift build & test (macOS)	Build (warnings as errors)	2026-09-29T14:09:09.3349160Z [916/930] Compiling MLXLMCommon ToolCallFormat.swift
swift build & test (macOS)	Build (warnings as errors)	2026-09-29T14:09:09.3349790Z [917/930] Compiling MLXLMCommon ToolCallProcessor.swift
swift build & test (macOS)	Build (warnings as errors)	2026-09-29T14:09:09.3353130Z [918/930] Compiling MLXLMCommon ToolParameter.swift
swift build & test (macOS)	Build (warnings as errors)	2026-09-29T14:09:09.3355210Z [919/930] Compiling MLXLMCommon Value.swift
swift build & test (macOS)	Build (warnings as errors)	2026-09-29T14:09:09.3356600Z [920/930] Compiling MLXLMCommon UserInput+Audio.swift
swift build & test (macOS)	Build (warnings as errors)	2026-09-29T14:09:09.3357740Z [921/930] Compiling MLXLMCommon UserInput.swift
swift build & test (macOS)	Build (warnings as errors)	2026-09-29T14:09:09.3359090Z [922/930] Compiling MLXLMCommon SerialAccessContainer.swift
swift build & test (macOS)	Build (warnings as errors)	2026-09-29T14:09:09.3360350Z [923/930] Compiling MLXLMCommon WiredMemoryPolicies.swift
swift build & test (macOS)	Build (warnings as errors)	2026-09-29T14:09:09.3361030Z [924/930] Compiling MLXLMCommon WiredMemoryUtils.swift
swift build & test (macOS)	Build (warnings as errors)	2026-09-29T14:09:11.2572390Z [925/973] Compiling MLXHuggingFace Macros.swift
swift build & test (macOS)	Build (warnings as errors)	2026-09-29T14:09:11.2677440Z [926/973] Emitting module MLXHuggingFace
swift build & test (macOS)	Build (warnings as errors)	2026-09-29T14:09:15.6366590Z [927/973] Emitting module MLXLLM
swift build & test (macOS)	Build (warnings as errors)	2026-09-29T14:09:25.1026370Z [928/992] Compiling MLXLLM LLMModel.swift
swift build & test (macOS)	Build (warnings as errors)	2026-09-29T14:09:25.1030780Z [929/992] Compiling MLXLLM LLMModelFactory.swift
swift build & test (macOS)	Build (warnings as errors)	2026-09-29T14:09:25.1032370Z [930/992] Compiling MLXLLM Lora+Data.swift
swift build & test (macOS)	Build (warnings as errors)	2026-09-29T14:09:25.1033530Z [931/992] Compiling MLXLLM LoraTrain.swift
swift build & test (macOS)	Build (warnings as errors)	2026-09-29T14:09:25.1034440Z [932/992] Compiling MLXLLM ModelConversion.swift
swift build & test (macOS)	Build (warnings as errors)	2026-09-29T14:09:25.1035470Z [933/992] Compiling MLXLLM AfMoE.swift
swift build & test (macOS)	Build (warnings as errors)	2026-09-29T14:09:25.1036310Z [934/992] Compiling MLXLLM Apertus.swift
swift build & test (macOS)	Build (warnings as errors)	2026-09-29T14:09:25.1037270Z [935/992] Compiling MLXLLM BaichuanM1.swift
swift build & test (macOS)	Build (warnings as errors)	2026-09-29T14:09:25.1038180Z [936/992] Compiling MLXLLM BailingMoe.swift
swift build & test (macOS)	Build (warnings as errors)	2026-09-29T14:09:25.1039410Z [937/992] Compiling MLXLLM Bitnet.swift
swift build & test (macOS)	Build (warnings as errors)	2026-09-29T14:09:25.1040380Z [938/992] Compiling MLXLLM Cohere.swift
swift build & test (macOS)	Build (warnings as errors)	2026-09-29T14:09:25.1041320Z [939/992] Compiling MLXLLM DeepseekV3.swift
swift build & test (macOS)	Build (warnings as errors)	2026-09-29T14:09:25.1042730Z [940/992] Compiling MLXLLM Ernie4_5.swift
swift build & test (macOS)	Build (warnings as errors)	2026-09-29T14:09:25.1043650Z [941/992] Compiling MLXLLM Exaone4.swift
swift build & test (macOS)	Build (warnings as errors)	2026-09-29T14:09:25.1045020Z [942/992] Compiling MLXLLM FalconH1.swift
swift build & test (macOS)	Build (warnings as errors)	2026-09-29T14:09:25.1046080Z [943/992] Compiling MLXLLM GLM4.swift
swift build & test (macOS)	Build (warnings as errors)	2026-09-29T14:09:25.1047250Z [944/992] Compiling MLXLLM GLM4MOE.swift
swift build & test (macOS)	Build (warnings as errors)	2026-09-29T14:09:25.1048290Z [945/992] Compiling MLXLLM GLM4MOELite.swift
swift build & test (macOS)	Build (warnings as errors)	2026-09-29T14:09:25.1049600Z [946/992] Compiling MLXLLM GPTOSS.swift
swift build & test (macOS)	Build (warnings as errors)	2026-09-29T14:09:25.1050510Z [947/992] Compiling MLXLLM Gemma.swift
swift build & test (macOS)	Build (warnings as errors)	2026-09-29T14:09:25.1051510Z [948/992] Compiling MLXLLM Gemma2.swift
swift build & test (macOS)	Build (warnings as errors)	2026-09-29T14:09:25.1052430Z [949/992] Compiling MLXLLM Gemma3Text.swift
swift build & test (macOS)	Build (warnings as errors)	2026-09-29T14:09:25.1053460Z [950/992] Compiling MLXLLM Gemma3nText.swift
swift build & test (macOS)	Build (warnings as errors)	2026-09-29T14:09:25.1054340Z [951/992] Compiling MLXLLM Gemma4.swift
swift build & test (macOS)	Build (warnings as errors)	2026-09-29T14:09:25.1055480Z [952/992] Compiling MLXLLM Gemma4Text.swift
swift build & test (macOS)	Build (warnings as errors)	2026-09-29T14:09:25.1056490Z [953/992] Compiling MLXLLM Granite.swift
swift build & test (macOS)	Build (warnings as errors)	2026-09-29T14:09:25.1057540Z [954/992] Compiling MLXLLM GraniteMoeHybrid.swift
swift build & test (macOS)	Build (warnings as errors)	2026-09-29T14:09:25.1062260Z [955/992] Compiling MLXLLM Internlm2.swift
swift build & test (macOS)	Build (warnings as errors)	2026-09-29T14:09:25.1063260Z [956/992] Compiling MLXLLM Jamba.swift
swift build & test (macOS)	Build (warnings as errors)	2026-09-29T14:09:25.1064110Z [957/992] Compiling MLXLLM LFM2.swift
swift build & test (macOS)	Build (warnings as errors)	2026-09-29T14:09:25.1065050Z [958/992] Compiling MLXLLM LFM2MoE.swift
swift build & test (macOS)	Build (warnings as errors)	2026-09-29T14:09:25.1065940Z [959/992] Compiling MLXLLM Lille130m.swift
swift build & test (macOS)	Build (warnings as errors)	2026-09-29T14:09:25.1066920Z [960/992] Compiling MLXLLM Llama.swift
swift build & test (macOS)	Build (warnings as errors)	2026-09-29T14:09:25.1067880Z [961/992] Compiling MLXLLM Mamba2.swift
swift build & test (macOS)	Build (warnings as errors)	2026-09-29T14:09:25.1068750Z [962/992] Compiling MLXLLM MiMo.swift
swift build & test (macOS)	Build (warnings as errors)	2026-09-29T14:09:25.1069740Z [963/992] Compiling MLXLLM MiMoV2Flash.swift
swift build & test (macOS)	Build (warnings as errors)	2026-09-29T14:09:25.1070870Z [964/992] Compiling MLXLLM MiniCPM.swift
swift build & test (macOS)	Build (warnings as errors)	2026-09-29T14:09:25.1071910Z [965/992] Compiling MLXLLM MiniMax.swift
swift build & test (macOS)	Build (warnings as errors)	2026-09-29T14:09:25.1084200Z [966/992] Compiling MLXLLM Mistral3Text.swift
swift build & test (macOS)	Build (warnings as errors)	2026-09-29T14:09:25.1086350Z [967/992] Compiling MLXLLM Mixtral.swift
swift build & test (macOS)	Build (warnings as errors)	2026-09-29T14:09:26.3626910Z [968/992] Compiling MLXLLM NanoChat.swift
swift build & test (macOS)	Build (warnings as errors)	2026-09-29T14:09:26.3627940Z [969/992] Compiling MLXLLM NemotronH.swift
swift build & test (macOS)	Build (warnings as errors)	2026-09-29T14:09:26.3628880Z [970/992] Compiling MLXLLM NemotronLabsDiffusion.swift
swift build & test (macOS)	Build (warnings as errors)	2026-09-29T14:09:26.3630890Z [971/992] Compiling MLXLLM Olmo2.swift
swift build & test (macOS)	Build (warnings as errors)	2026-09-29T14:09:26.3631900Z [972/992] Compiling MLXLLM Olmo3.swift
swift build & test (macOS)	Build (warnings as errors)	2026-09-29T14:09:26.3632720Z [973/992] Compiling MLXLLM OlmoE.swift
swift build & test (macOS)	Build (warnings as errors)	2026-09-29T14:09:26.3633790Z [974/992] Compiling MLXLLM OpenELM.swift
swift build & test (macOS)	Build (warnings as errors)	2026-09-29T14:09:26.3647990Z [975/992] Compiling MLXLLM Phi.swift
swift build & test (macOS)	Build (warnings as errors)	2026-09-29T14:09:26.3653110Z [976/992] Compiling MLXLLM Phi3.swift
swift build & test (macOS)	Build (warnings as errors)	2026-09-29T14:09:26.3653450Z [977/992] Compiling MLXLLM PhiMoE.swift
swift build & test (macOS)	Build (warnings as errors)	2026-09-29T14:09:26.3653720Z [978/992] Compiling MLXLLM Qwen2.swift
swift build & test (macOS)	Build (warnings as errors)	2026-09-29T14:09:26.3654040Z [979/992] Compiling MLXLLM Qwen3.swift
swift build & test (macOS)	Build (warnings as errors)	2026-09-29T14:09:26.3654420Z [980/992] Compiling MLXLLM Qwen35.swift
swift build & test (macOS)	Build (warnings as errors)	2026-09-29T14:09:26.3654810Z [981/992] Compiling MLXLLM Qwen35MoE.swift
swift build & test (macOS)	Build (warnings as errors)	2026-09-29T14:09:26.3655140Z [982/992] Compiling MLXLLM Qwen3MoE.swift
swift build & test (macOS)	Build (warnings as errors)	2026-09-29T14:09:26.3655420Z [983/992] Compiling MLXLLM Qwen3Next.swift
swift build & test (macOS)	Build (warnings as errors)	2026-09-29T14:09:26.3655770Z [984/992] Compiling MLXLLM SSM.swift
swift build & test (macOS)	Build (warnings as errors)	2026-09-29T14:09:26.3656100Z [985/992] Compiling MLXLLM SmolLM3.swift
swift build & test (macOS)	Build (warnings as errors)	2026-09-29T14:09:26.3656450Z [986/992] Compiling MLXLLM Starcoder2.swift
swift build & test (macOS)	Build (warnings as errors)	2026-09-29T14:09:31.7642910Z [987/1004] Compiling MultiModalKitMLX MLXGeneration.swift
swift build & test (macOS)	Build (warnings as errors)	2026-09-29T14:09:31.7762830Z [988/1004] Compiling MultiModalKitMLX MLXReplyGenerator.swift
swift build & test (macOS)	Build (warnings as errors)	2026-09-29T14:09:31.7837010Z [989/1004] Compiling MultiModalKitMLX MLXRuntime.swift
swift build & test (macOS)	Build (warnings as errors)	2026-09-29T14:09:31.7940010Z [990/1004] Compiling MultiModalKitMLX MLXTools.swift
swift build & test (macOS)	Build (warnings as errors)	2026-09-29T14:09:31.7941180Z [991/1004] Compiling MultiModalKitMLX MindPressure.swift
swift build & test (macOS)	Build (warnings as errors)	2026-09-29T14:09:32.6810790Z [992/1009] Emitting module MultiModalKitMLX
swift build & test (macOS)	Build (warnings as errors)	2026-09-29T14:09:32.6812000Z [993/1009] Compiling MultiModalKitMLX BackgroundWeightsFetcher.swift
swift build & test (macOS)	Build (warnings as errors)	2026-09-29T14:09:32.6812720Z [994/1009] Compiling MultiModalKitMLX LocalMind+Admission.swift
swift build & test (macOS)	Build (warnings as errors)	2026-09-29T14:09:32.6813290Z [995/1009] Compiling MultiModalKitMLX LocalMind+Tools.swift
swift build & test (macOS)	Build (warnings as errors)	2026-09-29T14:09:32.6813960Z [996/1009] Compiling MultiModalKitMLX LocalMind.swift
swift build & test (macOS)	Build (warnings as errors)	2026-09-29T14:09:32.6814530Z [997/1009] Compiling MultiModalKitMLX LocalMindInstall.swift
swift build & test (macOS)	Build (warnings as errors)	2026-09-29T14:09:32.6818440Z [998/1009] Compiling MultiModalKitMLX LocalMindInstallSize.swift
swift build & test (macOS)	Build (warnings as errors)	2026-09-29T14:09:32.9936630Z [999/1009] Compiling MultiModalKitMLX ThinkGate.swift
swift build & test (macOS)	Build (warnings as errors)	2026-09-29T14:09:32.9943380Z [1000/1009] Compiling MultiModalKitMLX ThresholdWatch.swift
swift build & test (macOS)	Build (warnings as errors)	2026-09-29T14:09:32.9943990Z [1001/1009] Compiling MultiModalKitMLX VendorLoop.swift
swift build & test (macOS)	Build (warnings as errors)	2026-09-29T14:09:32.9955020Z [1002/1009] Compiling MultiModalKitMLX WeightsFetching.swift
swift build & test (macOS)	Build (warnings as errors)	2026-09-29T14:09:32.9956800Z [1003/1009] Compiling MultiModalKitMLX resource_bundle_accessor.swift
swift build & test (macOS)	Build (warnings as errors)	2026-09-29T14:09:35.1991220Z [1004/1030] Compiling AudioDemo DemoOrgans.swift
swift build & test (macOS)	Build (warnings as errors)	2026-09-29T14:09:35.2094230Z [1005/1030] Compiling AudioDemo DemoStages.swift
swift build & test (macOS)	Build (warnings as errors)	2026-09-29T14:09:35.4774570Z [1006/1032] Emitting module AudioDemo
swift build & test (macOS)	Build (warnings as errors)	2026-09-29T14:09:35.4809940Z [1007/1032] Compiling AudioDemo AudioDemo.swift
swift build & test (macOS)	Build (warnings as errors)	2026-09-29T14:09:35.4812420Z [1008/1032] Compiling AudioDemo AudioDemo+Pipeline.swift
swift build & test (macOS)	Build (warnings as errors)	2026-09-29T14:09:35.4818210Z [1009/1032] Compiling AudioDemo AudioDemo+Setup.swift
swift build & test (macOS)	Build (warnings as errors)	2026-09-29T14:09:36.3378330Z [1010/1032] Compiling AudioDemo AudioDemo+Views.swift
swift build & test (macOS)	Build (warnings as errors)	2026-09-29T14:09:36.3479840Z [1011/1032] Compiling AudioDemo Screen.swift
swift build & test (macOS)	Build (warnings as errors)	2026-09-29T14:09:36.3778620Z [1011/1032] Write Objects.LinkFileList
swift build & test (macOS)	Build (warnings as errors)	2026-09-29T14:09:39.2307040Z [1013/1032] Emitting module Bakeoff
swift build & test (macOS)	Build (warnings as errors)	2026-09-29T14:09:39.2387540Z [1014/1032] Compiling Bakeoff MemoryFit.swift
swift build & test (macOS)	Build (warnings as errors)	2026-09-29T14:09:39.2390790Z [1015/1032] Compiling Bakeoff MindOff.swift
swift build & test (macOS)	Build (warnings as errors)	2026-09-29T14:09:39.2393680Z [1016/1032] Compiling Bakeoff SelfEcho.swift
swift build & test (macOS)	Build (warnings as errors)	2026-09-29T14:09:39.2394150Z [1017/1032] Compiling Bakeoff ToolContract.swift
swift build & test (macOS)	Build (warnings as errors)	2026-09-29T14:09:39.2394580Z [1018/1032] Compiling Bakeoff ToolSpike.swift
swift build & test (macOS)	Build (warnings as errors)	2026-09-29T14:09:39.2395090Z [1019/1032] Compiling Bakeoff VoiceInstall.swift
swift build & test (macOS)	Build (warnings as errors)	2026-09-29T14:09:39.2395580Z [1020/1032] Compiling Bakeoff VoiceKokoro.swift
swift build & test (macOS)	Build (warnings as errors)	2026-09-29T14:09:44.9186290Z [1028/1039] Compiling Bakeoff VoiceLevers.swift
swift build & test (macOS)	Build (warnings as errors)	2026-09-29T14:09:44.9330600Z [1029/1039] Compiling Bakeoff VoiceOnMic.swift
swift build & test (macOS)	Build (warnings as errors)	2026-09-29T14:09:44.9392150Z [1030/1039] Compiling Bakeoff VoiceSpike.swift
swift build & test (macOS)	Build (warnings as errors)	2026-09-29T14:09:44.9532480Z [1031/1039] Compiling Bakeoff VoiceWER.swift
swift build & test (macOS)	Build (warnings as errors)	2026-09-29T14:09:44.9664820Z [1032/1039] Compiling Bakeoff Capture.swift
swift build & test (macOS)	Build (warnings as errors)	2026-09-29T14:09:44.9778370Z [1033/1039] Compiling Bakeoff Measurement.swift
swift build & test (macOS)	Build (warnings as errors)	2026-09-29T14:09:44.9880620Z [1034/1039] Compiling Bakeoff main.swift
swift build & test (macOS)	Build (warnings as errors)	2026-09-29T14:09:45.0272170Z [1034/1039] Write Objects.LinkFileList
swift build & test (macOS)	Build (warnings as errors)	2026-09-29T14:09:53.9179760Z [1035/1039] Linking audio-demo
swift build & test (macOS)	Build (warnings as errors)	2026-09-29T14:09:54.4790050Z [1036/1039] Applying audio-demo
swift build & test (macOS)	Build (warnings as errors)	2026-09-29T14:09:58.1877270Z [1037/1039] Linking bakeoff
swift build & test (macOS)	Build (warnings as errors)	2026-09-29T14:09:58.5511970Z [1038/1039] Applying bakeoff
swift build & test (macOS)	Build (warnings as errors)	2026-09-29T14:09:58.5908930Z Build complete! (380.28s)
swift build & test (macOS)	Test (the suite, minus the hammer)	﻿2026-09-29T14:09:58.7023580Z ##[group]Run swift test -Xswiftc -warnings-as-errors --skip 'MLXDeadlineTests/aTokenIsNeverSpokenAfterTheDeadlineTerminal'
swift build & test (macOS)	Test (the suite, minus the hammer)	2026-09-29T14:09:58.7031870Z ^[[36;1mswift test -Xswiftc -warnings-as-errors --skip 'MLXDeadlineTests/aTokenIsNeverSpokenAfterTheDeadlineTerminal'^[[0m
swift build & test (macOS)	Test (the suite, minus the hammer)	2026-09-29T14:09:58.7675540Z shell: /bin/bash -e {0}
swift build & test (macOS)	Test (the suite, minus the hammer)	2026-09-29T14:09:58.7676140Z ##[endgroup]
swift build & test (macOS)	Test (the suite, minus the hammer)	2026-09-29T14:10:10.9173130Z [0/3] Write swift-version-7974D3F7F03D5E95.txt
swift build & test (macOS)	Test (the suite, minus the hammer)	2026-09-29T14:10:13.9828920Z [0/1] Planning build
swift build & test (macOS)	Test (the suite, minus the hammer)	2026-09-29T14:10:14.1184810Z [1/1] Compiling plugin CudaBuild
swift build & test (macOS)	Test (the suite, minus the hammer)	2026-09-29T14:10:15.2985510Z [2/2] Compiling plugin GenerateManual
swift build & test (macOS)	Test (the suite, minus the hammer)	2026-09-29T14:10:16.3347250Z [3/3] Compiling plugin GenerateDoccReference
swift build & test (macOS)	Test (the suite, minus the hammer)	2026-09-29T14:10:16.3349260Z Building for debugging...
swift build & test (macOS)	Test (the suite, minus the hammer)	2026-09-29T14:10:16.3981970Z [3/9] Write sources
swift build & test (macOS)	Test (the suite, minus the hammer)	2026-09-29T14:10:16.3982940Z [3/9] /Users/runner/work/multimodal-coordinator/multimodal-coordinator/.build/arm64-apple-macosx/debug/multimodal-coordinatorPackageTests.derived/runner.swift
swift build & test (macOS)	Test (the suite, minus the hammer)	2026-09-29T14:10:17.1228680Z [5/16] Write sources
swift build & test (macOS)	Test (the suite, minus the hammer)	2026-09-29T14:10:17.3988490Z [6/16] Write swift-version-7974D3F7F03D5E95.txt
swift build & test (macOS)	Test (the suite, minus the hammer)	2026-09-29T14:10:44.5560030Z [8/60] Compiling MultiModalKitTests TurnCoordinatorTests+Barge.swift
swift build & test (macOS)	Test (the suite, minus the hammer)	2026-09-29T14:10:44.5569910Z [9/60] Compiling MultiModalKitTests TurnCoordinatorTests+Failures.swift
swift build & test (macOS)	Test (the suite, minus the hammer)	2026-09-29T14:10:44.5578120Z [10/60] Compiling MultiModalKitTests TurnCoordinatorTests+Gate.swift
swift build & test (macOS)	Test (the suite, minus the hammer)	2026-09-29T14:10:44.5578860Z [11/60] Compiling MultiModalKitTests TurnCoordinatorTests+Interruptions.swift
swift build & test (macOS)	Test (the suite, minus the hammer)	2026-09-29T14:10:44.5579970Z [12/60] Compiling MultiModalKitTests TurnCoordinatorTests+Latency.swift
swift build & test (macOS)	Test (the suite, minus the hammer)	2026-09-29T14:10:44.5581260Z [13/60] Compiling MultiModalKitTests TurnCoordinatorTests+Ledger.swift
swift build & test (macOS)	Test (the suite, minus the hammer)	2026-09-29T14:10:44.5582040Z [14/60] Compiling MultiModalKitTests TurnCoordinatorTests+Lifecycle.swift
swift build & test (macOS)	Test (the suite, minus the hammer)	2026-09-29T14:10:44.5583140Z [15/60] Compiling MultiModalKitTests TurnCoordinatorTests+Memory.swift
swift build & test (macOS)	Test (the suite, minus the hammer)	2026-09-29T14:10:44.5586020Z [16/60] Compiling MultiModalKitTests TurnCoordinatorTests+Regressions.swift
swift build & test (macOS)	Test (the suite, minus the hammer)	2026-09-29T14:10:44.5587260Z [17/60] Compiling MultiModalKitTests TurnCoordinatorTests.swift
swift build & test (macOS)	Test (the suite, minus the hammer)	2026-09-29T14:10:44.5587860Z [18/60] Compiling MultiModalKitTests UtteranceStopwatchTests.swift
swift build & test (macOS)	Test (the suite, minus the hammer)	2026-09-29T14:10:44.5588650Z [19/60] Compiling MultiModalKitTests BenchSweepTests.swift
swift build & test (macOS)	Test (the suite, minus the hammer)	2026-09-29T14:10:44.5589760Z [20/60] Compiling MultiModalKitTests ColdCompileTests.swift
swift build & test (macOS)	Test (the suite, minus the hammer)	2026-09-29T14:10:44.5590790Z [21/60] Compiling MultiModalKitTests DiagnosticsTests.swift
swift build & test (macOS)	Test (the suite, minus the hammer)	2026-09-29T14:10:44.5591930Z [22/60] Compiling MultiModalKitTests DigitalSilenceTests.swift
swift build & test (macOS)	Test (the suite, minus the hammer)	2026-09-29T14:10:44.5592650Z [23/60] Compiling MultiModalKitTests MemoryHeadroomTests.swift
swift build & test (macOS)	Test (the suite, minus the hammer)	2026-09-29T14:10:44.5594070Z [24/60] Compiling MultiModalKitTests NetworkSilenceTests.swift
swift build & test (macOS)	Test (the suite, minus the hammer)	2026-09-29T14:10:44.5594660Z [25/60] Compiling MultiModalKitTests PrivacyContractTests.swift
swift build & test (macOS)	Test (the suite, minus the hammer)	2026-09-29T14:10:44.5646050Z [26/60] Compiling MultiModalKitTests PrivacyRules.swift
swift build & test (macOS)	Test (the suite, minus the hammer)	2026-09-29T14:10:44.5647010Z [27/60] Compiling MultiModalKitTests ThermalPolicyTests+MidSessionHeat.swift
swift build & test (macOS)	Test (the suite, minus the hammer)	2026-09-29T14:10:44.5648710Z [28/60] Compiling MultiModalKitTests ThermalPolicyTests+NegativeSpace.swift
swift build & test (macOS)	Test (the suite, minus the hammer)	2026-09-29T14:10:44.5650150Z [29/60] Compiling MultiModalKitTests ThermalPolicyTests.swift
swift build & test (macOS)	Test (the suite, minus the hammer)	2026-09-29T14:10:44.5652700Z [30/60] Compiling MultiModalKitTests AppleDeadlineLiveTests.swift
swift build & test (macOS)	Test (the suite, minus the hammer)	2026-09-29T14:10:44.5654050Z [31/60] Compiling MultiModalKitTests AppleDeadlineTests.swift
swift build & test (macOS)	Test (the suite, minus the hammer)	2026-09-29T14:10:44.5672180Z [32/60] Compiling MultiModalKitTests AppleFailureTableTests.swift
swift build & test (macOS)	Test (the suite, minus the hammer)	2026-09-29T14:10:44.5673140Z [33/60] Emitting module MultiModalKitTests
swift build & test (macOS)	Test (the suite, minus the hammer)	2026-09-29T14:10:44.5673650Z [34/60] Compiling MultiModalKitTests AudioPumpTests+Losses.swift
swift build & test (macOS)	Test (the suite, minus the hammer)	2026-09-29T14:10:44.5674790Z [35/60] Compiling MultiModalKitTests AudioPumpTests.swift
swift build & test (macOS)	Test (the suite, minus the hammer)	2026-09-29T14:10:44.5675910Z [36/60] Compiling MultiModalKitTests AudioRingBufferTests.swift
swift build & test (macOS)	Test (the suite, minus the hammer)	2026-09-29T14:10:44.5677480Z [37/60] Compiling MultiModalKitTests AudioSessionSeamTests+Double.swift
swift build & test (macOS)	Test (the suite, minus the hammer)	2026-09-29T14:10:44.5678180Z [38/60] Compiling MultiModalKitTests AudioSessionSeamTests.swift
swift build & test (macOS)	Test (the suite, minus the hammer)	2026-09-29T14:10:44.5678900Z [39/60] Compiling MultiModalKitTests AudioSourceTests.swift
swift build & test (macOS)	Test (the suite, minus the hammer)	2026-09-29T14:10:44.5684770Z [40/60] Compiling MultiModalKitTests EnergyVADTests.swift
swift build & test (macOS)	Test (the suite, minus the hammer)	2026-09-29T14:10:44.5686070Z [41/60] Compiling MultiModalKitTests GateCalibrationTests.swift
swift build & test (macOS)	Test (the suite, minus the hammer)	2026-09-29T14:10:44.5687590Z [42/60] Compiling MultiModalKitTests PlaybackFormatGuardTests.swift
swift build & test (macOS)	Test (the suite, minus the hammer)	2026-09-29T14:10:44.5688110Z [43/60] Compiling MultiModalKitTests PlaybackHostTests.swift
swift build & test (macOS)	Test (the suite, minus the hammer)	2026-09-29T14:10:44.5689230Z [44/60] Compiling MultiModalKitTests AdmissionTests.swift
swift build & test (macOS)	Test (the suite, minus the hammer)	2026-09-29T14:10:44.5690150Z [45/60] Compiling MultiModalKitTests BargeWindowTests.swift
swift build & test (macOS)	Test (the suite, minus the hammer)	2026-09-29T14:10:44.5692340Z [46/60] Compiling MultiModalKitTests ConversationMemoryTests+Tools.swift
swift build & test (macOS)	Test (the suite, minus the hammer)	2026-09-29T14:10:44.5693060Z [47/60] Compiling MultiModalKitTests ConversationMemoryTests.swift
swift build & test (macOS)	Test (the suite, minus the hammer)	2026-09-29T14:10:44.5693800Z [48/60] Compiling MultiModalKitTests RetirableTests.swift
swift build & test (macOS)	Test (the suite, minus the hammer)	2026-09-29T14:10:44.5694350Z [49/60] Compiling MultiModalKitTests ThinkGateTests.swift
swift build & test (macOS)	Test (the suite, minus the hammer)	2026-09-29T14:10:44.5696520Z [50/60] Compiling MultiModalKitTests ToolContractTests+Answer.swift
swift build & test (macOS)	Test (the suite, minus the hammer)	2026-09-29T14:10:44.5698320Z [51/60] Compiling MultiModalKitTests ToolContractTests+Declarations.swift
swift build & test (macOS)	Test (the suite, minus the hammer)	2026-09-29T14:10:44.5699370Z [52/60] Compiling MultiModalKitTests ToolContractTests.swift
swift build & test (macOS)	Test (the suite, minus the hammer)	2026-09-29T14:10:44.5701160Z [53/60] Compiling MultiModalKitTests ToolPolicyTests.swift
swift build & test (macOS)	Test (the suite, minus the hammer)	2026-09-29T14:10:44.5701790Z [54/60] Compiling MultiModalKitTests ToolSpikeTests+Survival.swift
swift build & test (macOS)	Test (the suite, minus the hammer)	2026-09-29T14:10:44.5703270Z [55/60] Compiling MultiModalKitTests ToolSpikeTests+Write.swift
swift build & test (macOS)	Test (the suite, minus the hammer)	2026-09-29T14:10:44.5704310Z [56/60] Compiling MultiModalKitTests ToolSpikeTests.swift
swift build & test (macOS)	Test (the suite, minus the hammer)	2026-09-29T14:10:44.5705080Z [57/60] Compiling MultiModalKitTests ToolsPerCallTests.swift
swift build & test (macOS)	Test (the suite, minus the hammer)	2026-09-29T14:10:44.5706230Z [58/60] Compiling MultiModalKitTests TranscriptLedgerTests.swift
swift build & test (macOS)	Test (the suite, minus the hammer)	2026-09-29T14:11:12.4786240Z [59/133] Compiling MultiModalKitTests MLXPressureDoubles.swift
swift build & test (macOS)	Test (the suite, minus the hammer)	2026-09-29T14:11:12.4788590Z [60/133] Compiling MultiModalKitTests MLXPressureTests.swift
swift build & test (macOS)	Test (the suite, minus the hammer)	2026-09-29T14:11:12.4789510Z [61/133] Compiling MultiModalKitTests MLXReplyConformanceTests.swift
swift build & test (macOS)	Test (the suite, minus the hammer)	2026-09-29T14:11:12.4790850Z [62/133] Compiling MultiModalKitTests MLXThermalDoorTests.swift
swift build & test (macOS)	Test (the suite, minus the hammer)	2026-09-29T14:11:12.4791500Z [63/133] Compiling MultiModalKitTests MLXThresholdWatchTests.swift
swift build & test (macOS)	Test (the suite, minus the hammer)	2026-09-29T14:11:12.4793540Z [64/133] Compiling MultiModalKitTests MLXToolDeadlineTests.swift
swift build & test (macOS)	Test (the suite, minus the hammer)	2026-09-29T14:11:12.4794470Z [65/133] Compiling MultiModalKitTests MLXToolDeclarationTests.swift
swift build & test (macOS)	Test (the suite, minus the hammer)	2026-09-29T14:11:12.4795250Z [66/133] Compiling MultiModalKitTests MLXToolLiveTests.swift
swift build & test (macOS)	Test (the suite, minus the hammer)	2026-09-29T14:11:12.4796040Z [67/133] Compiling MultiModalKitTests MLXToolRunTests.swift
swift build & test (macOS)	Test (the suite, minus the hammer)	2026-09-29T14:11:12.4796620Z [68/133] Compiling MultiModalKitTests MLXToolTests.swift
swift build & test (macOS)	Test (the suite, minus the hammer)	2026-09-29T14:11:12.4797330Z [69/133] Compiling MultiModalKitTests MLXToolsPerCallTests.swift
swift build & test (macOS)	Test (the suite, minus the hammer)	2026-09-29T14:11:12.4797910Z [70/133] Compiling MultiModalKitTests MLXVendorLoopTests.swift
swift build & test (macOS)	Test (the suite, minus the hammer)	2026-09-29T14:11:12.4798670Z [71/133] Compiling MultiModalKitTests MindReadinessTests.swift
swift build & test (macOS)	Test (the suite, minus the hammer)	2026-09-29T14:11:12.4799580Z [72/133] Compiling MultiModalKitTests ReplyConformanceTests+Doubles.swift
swift build & test (macOS)	Test (the suite, minus the hammer)	2026-09-29T14:11:12.4800260Z [73/133] Compiling MultiModalKitTests ReplyConformanceTests.swift
swift build & test (macOS)	Test (the suite, minus the hammer)	2026-09-29T14:11:12.4800960Z [74/133] Compiling MultiModalKitTests ReplyContractTests.swift
swift build & test (macOS)	Test (the suite, minus the hammer)	2026-09-29T14:11:12.4801520Z [75/133] Compiling MultiModalKitTests SnapshotDifferTests.swift
swift build & test (macOS)	Test (the suite, minus the hammer)	2026-09-29T14:11:12.4804630Z [76/133] Compiling MultiModalKitTests LoopbackFileServer.swift
swift build & test (macOS)	Test (the suite, minus the hammer)	2026-09-29T14:11:12.4805230Z [77/133] Compiling MultiModalKitTests ModelBackedContractTests.swift
swift build & test (macOS)	Test (the suite, minus the hammer)	2026-09-29T14:11:12.5086170Z [78/133] Compiling MultiModalKitTests ModelDownloaderReentryTests.swift
swift build & test (macOS)	Test (the suite, minus the hammer)	2026-09-29T14:11:12.5147460Z [79/133] Compiling MultiModalKitTests ModelDownloaderTests.swift
swift build & test (macOS)	Test (the suite, minus the hammer)	2026-09-29T14:11:12.5155540Z [80/133] Compiling MultiModalKitTests AIRuntimeConfigurationTests.swift
swift build & test (macOS)	Test (the suite, minus the hammer)	2026-09-29T14:11:12.5157000Z [81/133] Compiling MultiModalKitTests AIRuntimeTests.swift
swift build & test (macOS)	Test (the suite, minus the hammer)	2026-09-29T14:11:12.5160230Z [82/133] Compiling MultiModalKitTests BroadcastTests.swift
swift build & test (macOS)	Test (the suite, minus the hammer)	2026-09-29T14:11:12.5162730Z [83/133] Compiling MultiModalKitTests LaunchOnceTests.swift
swift build & test (macOS)	Test (the suite, minus the hammer)	2026-09-29T14:11:12.5179890Z [84/133] Compiling MultiModalKitTests ManualClockTests.swift
swift build & test (macOS)	Test (the suite, minus the hammer)	2026-09-29T14:11:12.5181110Z [85/133] Compiling MultiModalKitTests WordErrorRateTests.swift
swift build & test (macOS)	Test (the suite, minus the hammer)	2026-09-29T14:11:12.5182040Z [86/133] Compiling MultiModalKitTests AdaptiveLeadFollowsStallTests.swift
swift build & test (macOS)	Test (the suite, minus the hammer)	2026-09-29T14:11:12.5183800Z [87/133] Compiling MultiModalKitTests DecodeDeficitTests.swift
swift build & test (macOS)	Test (the suite, minus the hammer)	2026-09-29T14:11:12.5185490Z [88/133] Compiling MultiModalKitTests DecodeStepRecordTests.swift
swift build & test (macOS)	Test (the suite, minus the hammer)	2026-09-29T14:11:12.5186760Z [89/133] Compiling MultiModalKitTests KokoroInstallTests.swift
swift build & test (macOS)	Test (the suite, minus the hammer)	2026-09-29T14:11:12.5188170Z [90/133] Compiling MultiModalKitTests KokoroWeightsTests.swift
swift build & test (macOS)	Test (the suite, minus the hammer)	2026-09-29T14:11:12.5190140Z [91/133] Compiling MultiModalKitTests LeadFollowsDecoderTests.swift
swift build & test (macOS)	Test (the suite, minus the hammer)	2026-09-29T14:11:12.5190760Z [92/133] Compiling MultiModalKitTests NeuralVoiceFailureTests+Doubles.swift
swift build & test (macOS)	Test (the suite, minus the hammer)	2026-09-29T14:11:12.5191710Z [93/133] Compiling MultiModalKitTests NeuralVoiceFailureTests.swift
swift build & test (macOS)	Test (the suite, minus the hammer)	2026-09-29T14:11:12.5193330Z [94/133] Compiling MultiModalKitTests NeuralVoiceInstallTests.swift
swift build & test (macOS)	Test (the suite, minus the hammer)	2026-09-29T14:11:12.5195270Z [95/133] Compiling MultiModalKitTests PhraseCapTests.swift
swift build & test (macOS)	Test (the suite, minus the hammer)	2026-09-29T14:11:12.5195830Z [96/133] Compiling MultiModalKitTests PlatformRefusalTests.swift
swift build & test (macOS)	Test (the suite, minus the hammer)	2026-09-29T14:11:12.5196820Z [97/133] Compiling MultiModalKitTests PlaybackLeadStrandTests.swift
swift build & test (macOS)	Test (the suite, minus the hammer)	2026-09-29T14:11:12.5197320Z [98/133] Compiling MultiModalKitTests PlaybackLeadTests.swift
swift build & test (macOS)	Test (the suite, minus the hammer)	2026-09-29T14:11:12.5198260Z [99/133] Compiling MultiModalKitTests RetiredVoiceIsTerminalTests.swift
swift build & test (macOS)	Test (the suite, minus the hammer)	2026-09-29T14:11:12.5199910Z [100/133] Compiling MultiModalKitTests SynthesizerConformanceTests.swift
swift build & test (macOS)	Test (the suite, minus the hammer)	2026-09-29T14:11:12.5201080Z [101/133] Compiling MultiModalKitTests VoiceLeversTests.swift
swift build & test (macOS)	Test (the suite, minus the hammer)	2026-09-29T14:11:12.5202110Z [102/133] Compiling MultiModalKitTests BatchTranscriptionTests.swift
swift build & test (macOS)	Test (the suite, minus the hammer)	2026-09-29T14:11:12.5203140Z [103/133] Compiling MultiModalKitTests EngineConformanceTests.swift
swift build & test (macOS)	Test (the suite, minus the hammer)	2026-09-29T14:11:12.5204200Z [104/133] Compiling MultiModalKitTests SpeechPhraserTests.swift
swift build & test (macOS)	Test (the suite, minus the hammer)	2026-09-29T14:11:12.5205290Z [105/133] Compiling MultiModalKitTests TranscriptionSessionTests.swift
swift build & test (macOS)	Test (the suite, minus the hammer)	2026-09-29T14:11:12.5206870Z [106/133] Compiling MultiModalKitTests WhisperInstallTests.swift
swift build & test (macOS)	Test (the suite, minus the hammer)	2026-09-29T14:11:16.0878010Z [107/133] Compiling MultiModalKitTests AppleHeatTests.swift
swift build & test (macOS)	Test (the suite, minus the hammer)	2026-09-29T14:11:16.0889970Z [108/133] Compiling MultiModalKitTests AppleMindLiveTests.swift
swift build & test (macOS)	Test (the suite, minus the hammer)	2026-09-29T14:11:16.0892190Z [109/133] Compiling MultiModalKitTests AppleMindReadinessTests.swift
swift build & test (macOS)	Test (the suite, minus the hammer)	2026-09-29T14:11:16.0894410Z [110/133] Compiling MultiModalKitTests AppleOptionsTests.swift
swift build & test (macOS)	Test (the suite, minus the hammer)	2026-09-29T14:11:16.0895380Z [111/133] Compiling MultiModalKitTests AppleRetryTests.swift
swift build & test (macOS)	Test (the suite, minus the hammer)	2026-09-29T14:11:16.0896150Z [112/133] Compiling MultiModalKitTests AppleSessionEndingTests.swift
swift build & test (macOS)	Test (the suite, minus the hammer)	2026-09-29T14:11:16.0896770Z [113/133] Compiling MultiModalKitTests AppleSessionTests+Fake.swift
swift build & test (macOS)	Test (the suite, minus the hammer)	2026-09-29T14:11:16.0897890Z [114/133] Compiling MultiModalKitTests AppleSessionTests.swift
swift build & test (macOS)	Test (the suite, minus the hammer)	2026-09-29T14:11:16.0898910Z [115/133] Compiling MultiModalKitTests AppleSessionToolTests.swift
swift build & test (macOS)	Test (the suite, minus the hammer)	2026-09-29T14:11:16.0899680Z [116/133] Compiling MultiModalKitTests AppleToolLiveTests.swift
swift build & test (macOS)	Test (the suite, minus the hammer)	2026-09-29T14:11:16.0901760Z [117/133] Compiling MultiModalKitTests AppleToolTests+Schema.swift
swift build & test (macOS)	Test (the suite, minus the hammer)	2026-09-29T14:11:16.0904280Z [118/133] Compiling MultiModalKitTests AppleToolTests.swift
swift build & test (macOS)	Test (the suite, minus the hammer)	2026-09-29T14:11:16.0915670Z [119/133] Compiling MultiModalKitTests MLXAdmissionLiveTests.swift
swift build & test (macOS)	Test (the suite, minus the hammer)	2026-09-29T14:11:16.0918620Z [120/133] Compiling MultiModalKitTests MLXAdmissionTests.swift
swift build & test (macOS)	Test (the suite, minus the hammer)	2026-09-29T14:11:16.0920370Z [121/133] Compiling MultiModalKitTests MLXBackgroundInstallTests.swift
swift build & test (macOS)	Test (the suite, minus the hammer)	2026-09-29T14:11:16.0922070Z [122/133] Compiling MultiModalKitTests MLXContractLiveTests.swift
swift build & test (macOS)	Test (the suite, minus the hammer)	2026-09-29T14:11:16.0923600Z [123/133] Compiling MultiModalKitTests MLXDeadlineTests.swift
swift build & test (macOS)	Test (the suite, minus the hammer)	2026-09-29T14:11:16.0929790Z [124/133] Compiling MultiModalKitTests MLXGenerationSettingsTests.swift
swift build & test (macOS)	Test (the suite, minus the hammer)	2026-09-29T14:11:16.0931980Z [125/133] Compiling MultiModalKitTests MLXInstallDoubles.swift
swift build & test (macOS)	Test (the suite, minus the hammer)	2026-09-29T14:11:16.0933810Z [126/133] Compiling MultiModalKitTests MLXInstallSeamTests.swift
swift build & test (macOS)	Test (the suite, minus the hammer)	2026-09-29T14:11:16.0936800Z [127/133] Compiling MultiModalKitTests MLXInstallSizeTests.swift
swift build & test (macOS)	Test (the suite, minus the hammer)	2026-09-29T14:11:16.0937470Z [128/133] Compiling MultiModalKitTests MLXInstallSuspendTests.swift
swift build & test (macOS)	Test (the suite, minus the hammer)	2026-09-29T14:11:16.0938130Z [129/133] Compiling MultiModalKitTests MLXInstallTests.swift
swift build & test (macOS)	Test (the suite, minus the hammer)	2026-09-29T14:11:16.0938810Z [130/133] Compiling MultiModalKitTests MLXMindLiveTests.swift
swift build & test (macOS)	Test (the suite, minus the hammer)	2026-09-29T14:11:16.0939400Z [131/133] Compiling MultiModalKitTests MLXPlainPromptTests.swift
swift build & test (macOS)	Test (the suite, minus the hammer)	2026-09-29T14:11:18.4074440Z [132/135] Compiling multimodal_coordinatorPackageTests runner.swift
swift build & test (macOS)	Test (the suite, minus the hammer)	2026-09-29T14:11:18.4075680Z [133/135] Emitting module multimodal_coordinatorPackageTests
swift build & test (macOS)	Test (the suite, minus the hammer)	2026-09-29T14:11:18.4212980Z [133/135] Write Objects.LinkFileList
swift build & test (macOS)	Test (the suite, minus the hammer)	2026-09-29T14:11:28.9208930Z [134/135] Linking multimodal-coordinatorPackageTests
swift build & test (macOS)	Test (the suite, minus the hammer)	2026-09-29T14:11:28.9491980Z Build complete! (87.18s)
swift build & test (macOS)	Test (the suite, minus the hammer)	2026-09-29T14:11:34.4980460Z Test Suite 'Selected tests' started at 2026-09-29 14:11:33.976.
swift build & test (macOS)	Test (the suite, minus the hammer)	2026-09-29T14:11:34.5032170Z Test Suite 'multimodal-coordinatorPackageTests.xctest' started at 2026-09-29 14:11:33.986.
swift build & test (macOS)	Test (the suite, minus the hammer)	2026-09-29T14:11:34.5038180Z Test Suite 'multimodal-coordinatorPackageTests.xctest' passed at 2026-09-29 14:11:33.986.
swift build & test (macOS)	Test (the suite, minus the hammer)	2026-09-29T14:11:34.5047550Z 	 Executed 0 tests, with 0 failures (0 unexpected) in 0.000 (0.000) seconds
swift build & test (macOS)	Test (the suite, minus the hammer)	2026-09-29T14:11:34.5056740Z Test Suite 'Selected tests' passed at 2026-09-29 14:11:33.986.
swift build & test (macOS)	Test (the suite, minus the hammer)	2026-09-29T14:11:34.5067560Z 	 Executed 0 tests, with 0 failures (0 unexpected) in 0.000 (0.011) seconds
swift build & test (macOS)	Test (the suite, minus the hammer)	2026-09-29T14:11:34.5140600Z ◇ Test run started.
swift build & test (macOS)	Test (the suite, minus the hammer)	2026-09-29T14:11:34.5152950Z ↳ Testing Library Version: 1902
swift build & test (macOS)	Test (the suite, minus the hammer)	2026-09-29T14:11:34.5173880Z ↳ Target Platform: arm64e-apple-macos14.0
swift build & test (macOS)	Test (the suite, minus the hammer)	2026-09-29T14:11:34.5187750Z ◇ Suite TranscriptionSessionTests started.
swift build & test (macOS)	Test (the suite, minus the hammer)	2026-09-29T14:11:34.5205560Z ◇ Suite "AC-292 · the session is background everywhere it can be" started.
swift build & test (macOS)	Test (the suite, minus the hammer)	2026-09-29T14:11:34.5245800Z ◇ Suite "AC-232..234 · per-call options resolve against the source's own settings" started.
swift build & test (macOS)	Test (the suite, minus the hammer)	2026-09-29T14:11:34.5303170Z ◇ Suite "§175/5 · the Apple mind's readiness is the contract's verdict" started.
swift build & test (macOS)	Test (the suite, minus the hammer)	2026-09-29T14:11:34.5365680Z ◇ Suite "a null probe phase is announced" started.
swift build & test (macOS)	Test (the suite, minus the hammer)	2026-09-29T14:11:34.5373150Z ◇ Suite "the lead learns from the machine" started.
swift build & test (macOS)	Test (the suite, minus the hammer)	2026-09-29T14:11:34.5383520Z ◇ Suite "4w · the exchanges are appended after the question, in the template's roles" started.
swift build & test (macOS)	Test (the suite, minus the hammer)	2026-09-29T14:11:34.5387360Z ◇ Suite ThermalPolicyTests started.
swift build & test (macOS)	Test (the suite, minus the hammer)	2026-09-29T14:11:34.5401430Z ◇ Suite "4y · admission, pressure and the deadline against the real model, when this machine has it" started.
swift build & test (macOS)	Test (the suite, minus the hammer)	2026-09-29T14:11:34.5404840Z ◇ Suite SpeechPhraserTests started.
swift build & test (macOS)	Test (the suite, minus the hammer)	2026-09-29T14:11:34.5418420Z ◇ Suite WordErrorRateTests started.
swift build & test (macOS)	Test (the suite, minus the hammer)	2026-09-29T14:11:34.5437200Z ◇ Suite "Playback hosts — where a reply is allowed to render" started.
swift build & test (macOS)	Test (the suite, minus the hammer)	2026-09-29T14:11:34.5456080Z ◇ Suite "AC-245/AC-246 · the size, before anything is fetched" started.
swift build & test (macOS)	Test (the suite, minus the hammer)	2026-09-29T14:11:34.5573520Z ◇ Suite "the first reply's cushion is stated, not assumed" started.
swift build & test (macOS)	Test (the suite, minus the hammer)	2026-09-29T14:11:34.5579600Z ◇ Suite "AC-247/248/249/250 · a download that stops, and one that finishes" started.
swift build & test (macOS)	Test (the suite, minus the hammer)	2026-09-29T14:11:34.5598490Z ◇ Suite "AC-291/294/295 · Whisper through the downloader" started.
swift build & test (macOS)	Test (the suite, minus the hammer)	2026-09-29T14:11:34.5599960Z ◇ Suite "timing one utterance" started.
swift build & test (macOS)	Test (the suite, minus the hammer)	2026-09-29T14:11:34.5604910Z ◇ Suite "launching exactly once" started.
swift build & test (macOS)	Test (the suite, minus the hammer)	2026-09-29T14:11:34.5618430Z ◇ Suite "4z · tools per call on the MLX run — the call's table wins, the source's is the default (AC-275)" started.
swift build & test (macOS)	Test (the suite, minus the hammer)	2026-09-29T14:11:34.5619200Z ◇ Suite "AC-258 / AC-259 · admission is one step, on the app's number" started.
swift build & test (macOS)	Test (the suite, minus the hammer)	2026-09-29T14:11:34.5619740Z ◇ Suite DiagnosticsWiringTests started.
swift build & test (macOS)	Test (the suite, minus the hammer)	2026-09-29T14:11:34.5620200Z ◇ Suite "AC-125 · the ids come from the model, not from me" started.
swift build & test (macOS)	Test (the suite, minus the hammer)	2026-09-29T14:11:34.5620760Z ◇ Suite "4y · the vendor's task is cancelled on every cut of the drain" started.
swift build & test (macOS)	Test (the suite, minus the hammer)	2026-09-29T14:11:34.5621400Z ◇ Suite ConversationMemoryTests started.
swift build & test (macOS)	Test (the suite, minus the hammer)	2026-09-29T14:11:34.5621720Z ◇ Suite AudioSourceTests started.
swift build & test (macOS)	Test (the suite, minus the hammer)	2026-09-29T14:11:34.5622240Z ◇ Suite "what the learner refuses to learn" started.
swift build & test (macOS)	Test (the suite, minus the hammer)	2026-09-29T14:11:34.5644640Z ◇ Suite AudioSessionSeamTests started.
swift build & test (macOS)	Test (the suite, minus the hammer)	2026-09-29T14:11:34.5655350Z ◇ Suite "AC-292/297 · the app that died, and the one that came back" started.
swift build & test (macOS)	Test (the suite, minus the hammer)	2026-09-29T14:11:34.5667930Z ◇ Suite "AC-317…AC-321 · the reply retry" started.
swift build & test (macOS)	Test (the suite, minus the hammer)	2026-09-29T14:11:34.5669450Z ◇ Suite NeuralVoiceConformanceTests started.
swift build & test (macOS)	Test (the suite, minus the hammer)	2026-09-29T14:11:34.5670530Z ◇ Suite TurnHealthTests started.
swift build & test (macOS)	Test (the suite, minus the hammer)	2026-09-29T14:11:34.5671960Z ◇ Suite "AC-223 / AC-270 · the Apple mind's tool adapter, without a model" started.
swift build & test (macOS)	Test (the suite, minus the hammer)	2026-09-29T14:11:34.5673110Z ◇ Suite "the cushion follows the stall" started.
swift build & test (macOS)	Test (the suite, minus the hammer)	2026-09-29T14:11:34.5674360Z ◇ Suite "ThresholdWatch · wakes on the count, and lets a cap cancel it" started.
swift build & test (macOS)	Test (the suite, minus the hammer)	2026-09-29T14:11:34.5675530Z ◇ Suite ReplyContractTests started.
swift build & test (macOS)	Test (the suite, minus the hammer)	2026-09-29T14:11:34.5676680Z ◇ Suite NeuralVoiceFailurePathTests started.
swift build & test (macOS)	Test (the suite, minus the hammer)	2026-09-29T14:11:34.5677800Z ◇ Suite "4x · the network, named and proven" started.
swift build & test (macOS)	Test (the suite, minus the hammer)	2026-09-29T14:11:34.5678940Z ◇ Suite "4w · the spec the MLX mind renders for a tool" started.
swift build & test (macOS)	Test (the suite, minus the hammer)	2026-09-29T14:11:34.5680470Z ◇ Suite "AC-222 · the MLX run executes a call itself and asks again with the answer" started.
swift build & test (macOS)	Test (the suite, minus the hammer)	2026-09-29T14:11:34.5683090Z ◇ Suite "AC-278 · the deadline waits for a running tool body: one write, then .finished(.deadline), once and last" started.
swift build & test (macOS)	Test (the suite, minus the hammer)	2026-09-29T14:11:34.5685680Z ◇ Suite AppleReplyGeneratorTests started.
swift build & test (macOS)	Test (the suite, minus the hammer)	2026-09-29T14:11:34.5686860Z ◇ Suite "AC-291/293/294/295/296 · the mind through the downloader" started.
swift build & test (macOS)	Test (the suite, minus the hammer)	2026-09-29T14:11:34.5687760Z ◇ Suite "the bench sweep" started.
swift build & test (macOS)	Test (the suite, minus the hammer)	2026-09-29T14:11:34.5689480Z ◇ Suite "the lead follows the decoder" started.
swift build & test (macOS)	Test (the suite, minus the hammer)	2026-09-29T14:11:34.5692270Z ◇ Suite "digital silence is measured, not estimated" started.
swift build & test (macOS)	Test (the suite, minus the hammer)	2026-09-29T14:11:34.5694100Z ◇ Suite "live · the Apple model, when this machine has one" started.
swift build & test (macOS)	Test (the suite, minus the hammer)	2026-09-29T14:11:34.5696520Z ◇ Suite "AC-261 / AC-262 · a memory warning ends the generation with no terminal" started.
swift build & test (macOS)	Test (the suite, minus the hammer)	2026-09-29T14:11:34.5698020Z ◇ Suite "AC-264 · the Apple mind's deadline is the injected clock's ending" started.
swift build & test (macOS)	Test (the suite, minus the hammer)	2026-09-29T14:11:34.5701420Z ◇ Suite "AC-236 · the Apple mind's failures are typed, one row per vendor case" started.
swift build & test (macOS)	Test (the suite, minus the hammer)	2026-09-29T14:11:34.5702350Z ◇ Suite "4w · the sieve turns decoded pieces into text and .toolCall events" started.
swift build & test (macOS)	Test (the suite, minus the hammer)	2026-09-29T14:11:34.5704870Z ◇ Suite "AC-306/307/310 · when a session ends" started.
swift build & test (macOS)	Test (the suite, minus the hammer)	2026-09-29T14:11:34.5706230Z ◇ Suite KokoroWeightsTests started.
swift build & test (macOS)	Test (the suite, minus the hammer)	2026-09-29T14:11:34.5707480Z ◇ Suite "AC-132 · the headroom instrument never reports an ambiguous zero" started.
swift build & test (macOS)	Test (the suite, minus the hammer)	2026-09-29T14:11:34.5711910Z ◇ Suite "4w · AC-222: the local mind asks the session tool and speaks the answer, when this machine has the model" started.
swift build & test (macOS)	Test (the suite, minus the hammer)	2026-09-29T14:11:34.5714050Z ◇ Suite "The playback lead — when it is safe to start speaking" started.
swift build & test (macOS)	Test (the suite, minus the hammer)	2026-09-29T14:11:34.5719470Z ◇ Suite TurnCoordinatorTests started.
swift build & test (macOS)	Test (the suite, minus the hammer)	2026-09-29T14:11:34.5720670Z ◇ Suite "the barge window" started.
swift build & test (macOS)	Test (the suite, minus the hammer)	2026-09-29T14:11:34.5724130Z ◇ Suite ScriptedTranscriberConformanceTests started.
swift build & test (macOS)	Test (the suite, minus the hammer)	2026-09-29T14:11:34.5726830Z ◇ Suite "4z · a parsed call's arguments become the contract's values, by kind" started.
swift build & test (macOS)	Test (the suite, minus the hammer)	2026-09-29T14:11:34.5727660Z ◇ Suite EnergyVADTests started.
swift build & test (macOS)	Test (the suite, minus the hammer)	2026-09-29T14:11:34.5728240Z ◇ Suite "the lead learns the conversation" started.
swift build & test (macOS)	Test (the suite, minus the hammer)	2026-09-29T14:11:34.5728820Z ◇ Suite "AC-239/AC-240 · what a download does after the bytes land" started.
swift build & test (macOS)	Test (the suite, minus the hammer)	2026-09-29T14:11:34.5730190Z ◇ Suite AdmissionCoordinatorTests started.
swift build & test (macOS)	Test (the suite, minus the hammer)	2026-09-29T14:11:34.5730890Z ◇ Suite "AC-260 · the MLX door asks the thermal policy before it opens" started.
swift build & test (macOS)	Test (the suite, minus the hammer)	2026-09-29T14:11:34.5736770Z ◇ Suite "the tokenizer folder is the one TTSKit asks for" started.
swift build & test (macOS)	Test (the suite, minus the hammer)	2026-09-29T14:11:34.5737650Z ◇ Suite "4z · a result containing </tool_response> is escaped at the MLX seam, never in the core (AC-288)" started.
swift build & test (macOS)	Test (the suite, minus the hammer)	2026-09-29T14:11:34.5738650Z ◇ Suite "4z · a table no mind can show is refused at the MLX door, never rendered (AC-289)" started.
swift build & test (macOS)	Test (the suite, minus the hammer)	2026-09-29T14:11:34.5739490Z ◇ Suite "AC-232/233/234 · the Apple mind honours the caller's levers" started.
swift build & test (macOS)	Test (the suite, minus the hammer)	2026-09-29T14:11:34.5740500Z ◇ Suite "keeps-up is a flag, and it stayed one" started.
swift build & test (macOS)	Test (the suite, minus the hammer)	2026-09-29T14:11:34.5745380Z ◇ Suite WhisperEngineConformanceTests started.
swift build & test (macOS)	Test (the suite, minus the hammer)	2026-09-29T14:11:34.5751740Z ◇ Suite AIRuntimeTests started.
swift build & test (macOS)	Test (the suite, minus the hammer)	2026-09-29T14:11:34.5758470Z ◇ Suite "Is there anything worth speaking?" started.
swift build & test (macOS)	Test (the suite, minus the hammer)	2026-09-29T14:11:34.5759320Z ◇ Suite "AC-264 · a deadline ends a slow MLX reply .finished(.deadline)" started.
swift build & test (macOS)	Test (the suite, minus the hammer)	2026-09-29T14:11:34.5761110Z ◇ Suite WhisperLanguageHintTests started.
swift build & test (macOS)	Test (the suite, minus the hammer)	2026-09-29T14:11:34.5761860Z ◇ Suite "AC-238 wiring · the MLX door throws the typed verdict" started.
swift build & test (macOS)	Test (the suite, minus the hammer)	2026-09-29T14:11:34.5762590Z ◇ Suite "AC-238 · readiness is a pure verdict over a hand-written device report" started.
swift build & test (macOS)	Test (the suite, minus the hammer)	2026-09-29T14:11:34.5763080Z ◇ Suite AppleSpeechEngineConformanceTests started.
swift build & test (macOS)	Test (the suite, minus the hammer)	2026-09-29T14:11:34.5763540Z ◇ Suite "AC-303/304/306/309 · one session for many turns" started.
swift build & test (macOS)	Test (the suite, minus the hammer)	2026-09-29T14:11:34.5763930Z ◇ Suite WrittenSynthesizerLiveTests started.
swift build & test (macOS)	Test (the suite, minus the hammer)	2026-09-29T14:11:34.5764390Z ◇ Suite BatchTranscriptionTests started.
swift build & test (macOS)	Test (the suite, minus the hammer)	2026-09-29T14:11:34.5768570Z ◇ Suite DecodeStepRecordTests started.
swift build & test (macOS)	Test (the suite, minus the hammer)	2026-09-29T14:11:34.5769040Z ◇ Suite "the 0 Hz guard — an invalid format must throw, never abort" started.
swift build & test (macOS)	Test (the suite, minus the hammer)	2026-09-29T14:11:34.5769630Z ◇ Suite TranscriptLedgerTests started.
swift build & test (macOS)	Test (the suite, minus the hammer)	2026-09-29T14:11:34.5770150Z ◇ Suite "AC-232 · the resolved instruction becomes the .system message" started.
swift build & test (macOS)	Test (the suite, minus the hammer)	2026-09-29T14:11:34.5770910Z ◇ Suite "AC-263 · the pressure handler is one hop and nothing else" started.
swift build & test (macOS)	Test (the suite, minus the hammer)	2026-09-29T14:11:34.5771570Z ◇ Suite "AC-233/AC-234 · the resolved settings become the vendor's parameters" started.
swift build & test (macOS)	Test (the suite, minus the hammer)	2026-09-29T14:11:34.5772560Z ◇ Suite "Gate calibration — between the room and the voice" started.
swift build & test (macOS)	Test (the suite, minus the hammer)	2026-09-29T14:11:34.5773090Z ◇ Suite DiagnosticsTests started.
swift build & test (macOS)	Test (the suite, minus the hammer)	2026-09-29T14:11:34.5777020Z ◇ Suite "AC-126 · the second mind keeps the same five promises" started.
swift build & test (macOS)	Test (the suite, minus the hammer)	2026-09-29T14:11:34.5780890Z ◇ Suite "the voice levers" started.
swift build & test (macOS)	Test (the suite, minus the hammer)	2026-09-29T14:11:34.5781980Z ◇ Suite "AC-291/294/295 · the neural voice through the downloader" started.
swift build & test (macOS)	Test (the suite, minus the hammer)	2026-09-29T14:11:34.5783070Z ◇ Suite ToolSpikeTests started.
swift build & test (macOS)	Test (the suite, minus the hammer)	2026-09-29T14:11:34.5783860Z ◇ Suite UnavailableWordsTests started.
swift build & test (macOS)	Test (the suite, minus the hammer)	2026-09-29T14:11:34.5785040Z ◇ Suite "4z · the door: what reaches a tool's body, and what the model is told" started.
swift build & test (macOS)	Test (the suite, minus the hammer)	2026-09-29T14:11:34.5786090Z ◇ Suite ManualClockTests started.
swift build & test (macOS)	Test (the suite, minus the hammer)	2026-09-29T14:11:34.5787240Z ◇ Suite BroadcastTests started.
swift build & test (macOS)	Test (the suite, minus the hammer)	2026-09-29T14:11:34.5788150Z ◇ Suite "AC-305/311 · a tool call is a tool call" started.
swift build & test (macOS)	Test (the suite, minus the hammer)	2026-09-29T14:11:34.5789250Z ◇ Suite "AC-291/294/295 · Kokoro through the downloader" started.
swift build & test (macOS)	Test (the suite, minus the hammer)	2026-09-29T14:11:34.5794600Z ➜ Suite "AC-294 · the neural voice's measured variants, against the real repositories" skipped: "set MMK_LIVE_HUB=1 to ask huggingface.co"
swift build & test (macOS)	Test (the suite, minus the hammer)	2026-09-29T14:11:34.5795470Z ◇ Suite PhraseCapTests started.
swift build & test (macOS)	Test (the suite, minus the hammer)	2026-09-29T14:11:34.5795820Z ◇ Suite PlaybackLeadStrandTests started.
swift build & test (macOS)	Test (the suite, minus the hammer)	2026-09-29T14:11:34.5796290Z ◇ Suite "AC-236 · a prompt longer than the window is refused before generation" started.
swift build & test (macOS)	Test (the suite, minus the hammer)	2026-09-29T14:11:34.5799960Z ◇ Suite "live · the Apple mind's deadline against the real model" started.
swift build & test (macOS)	Test (the suite, minus the hammer)	2026-09-29T14:11:34.5800430Z ◇ Suite SnapshotDifferTests started.
swift build & test (macOS)	Test (the suite, minus the hammer)	2026-09-29T14:11:34.5800870Z ◇ Suite "4x · the privacy contract, checked against the source" started.
swift build & test (macOS)	Test (the suite, minus the hammer)	2026-09-29T14:11:34.5802810Z ◇ Suite "AC-272 · the plain path's whole prompt is the same bytes before and after 4z, when this machine has the model" started.
swift build & test (macOS)	Test (the suite, minus the hammer)	2026-09-29T14:11:34.5806510Z ◇ Suite "4v · the local mind honours the contract, when this machine has the model" started.
swift build & test (macOS)	Test (the suite, minus the hammer)	2026-09-29T14:11:34.5807910Z ◇ Suite "live · AC-223 · the Apple mind asks the session tool" started.
swift build & test (macOS)	Test (the suite, minus the hammer)	2026-09-29T14:11:34.5808930Z ◇ Suite "a retired voice is terminal" started.
swift build & test (macOS)	Test (the suite, minus the hammer)	2026-09-29T14:11:34.5809900Z ◇ Suite AudioRingBufferTests started.
swift build & test (macOS)	Test (the suite, minus the hammer)	2026-09-29T14:11:34.5810720Z ◇ Suite AIRuntimeConfigurationTests started.
swift build & test (macOS)	Test (the suite, minus the hammer)	2026-09-29T14:11:34.5814920Z ◇ Suite AdmissionSeamTests started.
swift build & test (macOS)	Test (the suite, minus the hammer)	2026-09-29T14:11:34.5815590Z ◇ Suite "AC-236 · a ReplyFailure thrown by the source keeps its case" started.
swift build & test (macOS)	Test (the suite, minus the hammer)	2026-09-29T14:11:34.5816230Z ◇ Suite "AC-235 · the vendor's stop reason maps to the seam's StopReason" started.
swift build & test (macOS)	Test (the suite, minus the hammer)	2026-09-29T14:11:34.5817640Z ◇ Suite "AC-291/293/296 · the downloader against a counting server" started.
swift build & test (macOS)	Test (the suite, minus the hammer)	2026-09-29T14:11:34.5818310Z ◇ Suite "4z · the write and its confirmation — one flag the door enforces, the yes on the call (AC-279)" started.
swift build & test (macOS)	Test (the suite, minus the hammer)	2026-09-29T14:11:34.5819080Z ◇ Suite AppleSynthesizerConformanceTests started.
swift build & test (macOS)	Test (the suite, minus the hammer)	2026-09-29T14:11:34.5819530Z ◇ Suite "AC-240 · install progress carries bytes when they are known" started.
swift build & test (macOS)	Test (the suite, minus the hammer)	2026-09-29T14:11:34.5820120Z ◇ Suite "the cushion is what the bank had to hold" started.
swift build & test (macOS)	Test (the suite, minus the hammer)	2026-09-29T14:11:34.5820560Z ◇ Suite "AC-260 · the Apple mind asks the thermal policy at the door" started.
swift build & test (macOS)	Test (the suite, minus the hammer)	2026-09-29T14:11:34.5821060Z ◇ Suite "a retirable resource" started.
swift build & test (macOS)	Test (the suite, minus the hammer)	2026-09-29T14:11:34.5821450Z ◇ Suite "AC-294/295 · the Apple engine, whose bytes are the system's" started.
swift build & test (macOS)	Test (the suite, minus the hammer)	2026-09-29T14:11:34.5822270Z ➜ Suite "AC-294 · the measured variants, against the real repositories" skipped: "set MMK_LIVE_HUB=1 to ask huggingface.co"
swift build & test (macOS)	Test (the suite, minus the hammer)	2026-09-29T14:11:34.5823090Z ◇ Suite "4z · tools per call — the call's table wins, the generator's is the default (AC-275)" started.
swift build & test (macOS)	Test (the suite, minus the hammer)	2026-09-29T14:11:34.5823770Z ◇ Suite "AC-239 · the install manifest: every file, every byte" started.
swift build & test (macOS)	Test (the suite, minus the hammer)	2026-09-29T14:11:34.5824270Z ◇ Suite "AC-247 · a failure after the fetch, over a tree that was already there" started.
swift build & test (macOS)	Test (the suite, minus the hammer)	2026-09-29T14:11:34.5824930Z ◇ Suite "AC-291/294/295 · the five questions, through the protocol" started.
swift build & test (macOS)	Test (the suite, minus the hammer)	2026-09-29T14:11:34.5825410Z ◇ Suite "the platform's no is honored before CoreML" started.
swift build & test (macOS)	Test (the suite, minus the hammer)	2026-09-29T14:11:34.5825900Z ◇ Suite "AC-125 · the think gate" started.
swift build & test (macOS)	Test (the suite, minus the hammer)	2026-09-29T14:11:34.5826260Z ◇ Suite AudioPumpTests started.
swift build & test (macOS)	Test (the suite, minus the hammer)	2026-09-29T14:11:34.5826900Z ◇ Suite "AC-128/129 · the real model, when this machine has one" started.
swift build & test (macOS)	Test (the suite, minus the hammer)	2026-09-29T14:11:34.5827690Z ➜ Suite "AC-291 · the ear's load half, when this machine has the model" skipped: "install Whisper base (swift run bakeoff fetch) to make this row real"
swift build & test (macOS)	Test (the suite, minus the hammer)	2026-09-29T14:11:34.5828360Z ◇ Suite WrittenSynthesisHeadlessTests started.
swift build & test (macOS)	Test (the suite, minus the hammer)	2026-09-29T14:11:34.5829620Z ◇ Suite "the compiled-plan cache control does not lie" started.
swift build & test (macOS)	Test (the suite, minus the hammer)	2026-09-29T14:11:34.5840150Z ◇ Suite "AC-298 · the transfer survives the background, and the source says so" started.
swift build & test (macOS)	Test (the suite, minus the hammer)	2026-09-29T14:11:34.5841060Z ◇ Test "An utterance longer than the ceiling is cut with truncated, audio released" started.
swift build & test (macOS)	Test (the suite, minus the hammer)	2026-09-29T14:11:34.5841750Z ◇ Test "Two listeners receive identical transcript sequences" started.
swift build & test (macOS)	Test (the suite, minus the hammer)	2026-09-29T14:11:34.5842860Z ◇ Test "A run that fails mid-utterance publishes failed; the next utterance transcribes" started.
swift build & test (macOS)	Test (the suite, minus the hammer)	2026-09-29T14:11:34.5843710Z ◇ Test "One utterance opens one run and feeds it every chunk, pre-roll first" started.
swift build & test (macOS)	Test (the suite, minus the hammer)	2026-09-29T14:11:34.5844530Z ◇ Test "A scripted utterance publishes partials and a final with exact audio times" started.
swift build & test (macOS)	Test (the suite, minus the hammer)	2026-09-29T14:11:34.5845240Z ◇ Test "An engine that cannot even open a run yields failed, and the session lives on" started.
swift build & test (macOS)	Test (the suite, minus the hammer)	2026-09-29T14:11:34.5845930Z ◇ Test "stop() mid-recognition finishes every stream and cancels the open run" started.
swift build & test (macOS)	Test (the suite, minus the hammer)	2026-09-29T14:11:34.5846730Z ◇ Test "the library's session is a background session — except in the simulator, which has none" started.
swift build & test (macOS)	Test (the suite, minus the hammer)	2026-09-29T14:11:34.5847250Z ◇ Test "nil instructions keep the source's own" started.
swift build & test (macOS)	Test (the suite, minus the hammer)	2026-09-29T14:11:34.5851460Z ◇ Test "the whole resolution is one Equatable value — the door hands it on, whole" started.
swift build & test (macOS)	Test (the suite, minus the hammer)	2026-09-29T14:11:34.5870670Z ◇ Test "per-call instructions replace the source's own for that call" started.
swift build & test (macOS)	Test (the suite, minus the hammer)	2026-09-29T14:11:34.5871440Z ◇ Test "nil on both sides means NO system message, as before 4v" started.
swift build & test (macOS)	Test (the suite, minus the hammer)	2026-09-29T14:11:34.5876330Z ◇ Test "per-call maxTokens replaces the source's own" started.
swift build & test (macOS)	Test (the suite, minus the hammer)	2026-09-29T14:11:34.5877640Z ◇ Test "nil maxTokens keeps the source's default — 1024 since F-6 = A" started.
swift build & test (macOS)	Test (the suite, minus the hammer)	2026-09-29T14:11:34.5878940Z ◇ Test "A late final from a dead utterance is dropped; the next utterance is untouched" started.
swift build & test (macOS)	Test (the suite, minus the hammer)	2026-09-29T14:11:34.5879560Z ◇ Test "temperature and seed travel; nil leaves the vendor's default untouched" started.
swift build & test (macOS)	Test (the suite, minus the hammer)	2026-09-29T14:11:34.5880390Z ◇ Test "the thrown failure speaks the verdict's own sentence — the screen and the turn agree" started.
swift build & test (macOS)	Test (the suite, minus the hammer)	2026-09-29T14:11:34.5881920Z ◇ Test "readiness() is askable on any OS and agrees with the vendor on this one" started.
swift build & test (macOS)	Test (the suite, minus the hammer)	2026-09-29T14:11:34.5882450Z ◇ Test "no Apple verdict says the word Simulator" started.
swift build & test (macOS)	Test (the suite, minus the hammer)	2026-09-29T14:11:34.5967660Z ◇ Test "openReply throws ReplyFailure.unavailable(verdict) at the door, never a run" started.
swift build & test (macOS)	Test (the suite, minus the hammer)	2026-09-29T14:11:34.5968300Z ◇ Test "every vendor reason lands on one contract verdict" started.
swift build & test (macOS)	Test (the suite, minus the hammer)	2026-09-29T14:11:34.5969620Z ◇ Test "a phase with real samples gets no announcement — one sample included" started.
swift build & test (macOS)	Test (the suite, minus the hammer)	2026-09-29T14:11:34.5971700Z ◇ Test "the door is asked EVERY time — a download that completes is seen on the next call" started.
swift build & test (macOS)	Test (the suite, minus the hammer)	2026-09-29T14:11:34.5974070Z ◇ Test "below the floor: the verdict names the platform and the Apple mind's floor" started.
swift build & test (macOS)	Test (the suite, minus the hammer)	2026-09-29T14:11:34.5975850Z ◇ Test "after a reply, the voice uses what THIS machine managed" started.
swift build & test (macOS)	Test (the suite, minus the hammer)	2026-09-29T14:11:34.5978210Z ◇ Test "zero samples means the phase measured nothing, and the line says why" started.
swift build & test (macOS)	Test (the suite, minus the hammer)	2026-09-29T14:11:34.5980780Z ◇ Test "`lead` still reports what the voice was born with" started.
swift build & test (macOS)	Test (the suite, minus the hammer)	2026-09-29T14:11:34.5982080Z ◇ Test "a human's number outranks the machine's — D-068 D" started.
swift build & test (macOS)	Test (the suite, minus the hammer)	2026-09-29T14:11:34.5983350Z ◇ Test "it knows nothing until something has been decoded" started.
swift build & test (macOS)	Test (the suite, minus the hammer)	2026-09-29T14:11:34.5984760Z ◇ Test "the platform the below-floor sentence names is this binary's" started.
swift build & test (macOS)	Test (the suite, minus the hammer)	2026-09-29T14:11:34.5986490Z ◇ Test "a machine that keeps up is given no cushion at all" started.
swift build & test (macOS)	Test (the suite, minus the hammer)	2026-09-29T14:11:34.5988150Z ◇ Test "the most recent reply wins — a bad sample costs one reply, not a session" started.
swift build & test (macOS)	Test (the suite, minus the hammer)	2026-09-29T14:11:34.5988760Z ◇ Test "before any reply, the voice uses the decoder's constant" started.
swift build & test (macOS)	Test (the suite, minus the hammer)	2026-09-29T14:11:34.5990300Z ◇ Test "forget puts it back to knowing nothing" started.
swift build & test (macOS)	Test (the suite, minus the hammer)	2026-09-29T14:11:34.5991970Z ◇ Test "one exchange is an assistant turn carrying the call, then a tool turn carrying the answer" started.
swift build & test (macOS)	Test (the suite, minus the hammer)	2026-09-29T14:11:34.5993820Z ◇ Test "no exchanges renders exactly the 4r chat" started.
swift build & test (macOS)	Test (the suite, minus the hammer)	2026-09-29T14:11:34.5995550Z ◇ Test "The policy is consulted once, at the settling move, with the exact thermal state and count" started.
swift build & test (macOS)	Test (the suite, minus the hammer)	2026-09-29T14:11:34.5996780Z ◇ Test "two exchanges keep their order — the template pairs a call with its result by order" started.
swift build & test (macOS)	Test (the suite, minus the hammer)	2026-09-29T14:11:34.6000620Z ◇ Test "Barging a batch utterance that never settled retires it silently — no consultation, no failure event" started.
swift build & test (macOS)	Test (the suite, minus the hammer)	2026-09-29T14:11:34.6002990Z ◇ Test "At .critical the ACTIVE utterance still settles and its final surfaces — only overlap is gated" started.
swift build & test (macOS)	Test (the suite, minus the hammer)	2026-09-29T14:11:34.6004850Z ◇ Test "With no policy, a settling decode at .serious survives exactly as D-024 ruled" started.
swift build & test (macOS)	Test (the suite, minus the hammer)	2026-09-29T14:11:34.6006680Z ◇ Test "Heat arriving mid-session: earlier settling decode survives, the next move is refused with exact inputs" started.
swift build & test (macOS)	Test (the suite, minus the hammer)	2026-09-29T14:11:34.6008470Z ◇ Test "the iPhone's measured 1.21 asks for about 1.26 s, not 396 ms" started.
swift build & test (macOS)	Test (the suite, minus the hammer)	2026-09-29T14:11:34.6010100Z ◇ Test "Without diagnostics the policy still rules (thermal = .nominal) and a refusal still surfaces" started.
swift build & test (macOS)	Test (the suite, minus the hammer)	2026-09-29T14:11:34.6011860Z ◇ Test "ConservativeThermalPolicy: allow below .serious, refuse from .serious up" started.
swift build & test (macOS)	Test (the suite, minus the hammer)	2026-09-29T14:11:34.6014790Z ◇ Test "At .serious the default policy refuses the settling move: named failure, health event, no ghost final" started.
swift build & test (macOS)	Test (the suite, minus the hammer)	2026-09-29T14:11:34.6023260Z ◇ Test "A streaming engine's barge-in retirement never consults the policy" started.
swift build & test (macOS)	Test (the suite, minus the hammer)	2026-09-29T14:11:34.6025460Z ◇ Test "an Arabic reply with no ASCII punctuation is cut at its own marks" started.
swift build & test (macOS)	Test (the suite, minus the hammer)	2026-09-29T14:11:34.6027000Z ◇ Test aBurstCanCompleteSeveralPhrasesInOneFeed() started.
swift build & test (macOS)	Test (the suite, minus the hammer)	2026-09-29T14:11:34.6028640Z ◇ Test "admit(needing:) on this Mac reads no headroom, admits, and the weights are resident after" started.
swift build & test (macOS)	Test (the suite, minus the hammer)	2026-09-29T14:11:34.6030220Z ◇ Test flushWithNothingWorthSayingIsNil() started.
swift build & test (macOS)	Test (the suite, minus the hammer)	2026-09-29T14:11:34.6031070Z ◇ Test subwordFragmentsAreJoinedVerbatim() started.
swift build & test (macOS)	Test (the suite, minus the hammer)	2026-09-29T14:11:34.6036880Z ◇ Test punctuationInsideANumberDoesNotCut() started.
swift build & test (macOS)	Test (the suite, minus the hammer)	2026-09-29T14:11:34.6039040Z ◇ Test maxLengthCutsAtTheLastWhitespace() started.
swift build & test (macOS)	Test (the suite, minus the hammer)	2026-09-29T14:11:34.6040350Z ◇ Test wordTokensSplitAtPunctuation() started.
swift build & test (macOS)	Test (the suite, minus the hammer)	2026-09-29T14:11:34.6041290Z ◇ Test flushDeliversTheRemainder() started.
swift build & test (macOS)	Test (the suite, minus the hammer)	2026-09-29T14:11:34.6044680Z ◇ Test emptyAndWhitespaceTokensCompleteNothing() started.
swift build & test (macOS)	Test (the suite, minus the hammer)	2026-09-29T14:11:34.6045600Z ◇ Test punctuationGluedInsideATokenSplitsCorrectly() started.
swift build & test (macOS)	Test (the suite, minus the hammer)	2026-09-29T14:11:34.6046160Z ◇ Test aLimitOfOneStillMakesProgress() started.
swift build & test (macOS)	Test (the suite, minus the hammer)	2026-09-29T14:11:34.6049820Z ◇ Test oneUnbrokenRunIsCutHardAtTheLimit() started.
swift build & test (macOS)	Test (the suite, minus the hammer)	2026-09-29T14:11:34.6050250Z ◇ Test noEmittedPhraseIsUnspeakable() started.
swift build & test (macOS)	Test (the suite, minus the hammer)	2026-09-29T14:11:34.6050690Z ◇ Test everyClauseMarkCuts() started.
swift build & test (macOS)	Test (the suite, minus the hammer)	2026-09-29T14:11:34.6051060Z ◇ Test "Arabic: diacritics (tashkeel) do not count" started.
swift build & test (macOS)	Test (the suite, minus the hammer)	2026-09-29T14:11:34.6053770Z ◇ Test "Arabic: tatweel (the stretching mark) is not a letter" started.
swift build & test (macOS)	Test (the suite, minus the hammer)	2026-09-29T14:11:34.6055410Z ◇ Test "the Arabic question mark ends a phrase exactly like ASCII's" started.
swift build & test (macOS)	Test (the suite, minus the hammer)	2026-09-29T14:11:34.6056760Z ◇ Test "Arabic: a real substitution still counts" started.
swift build & test (macOS)	Test (the suite, minus the hammer)	2026-09-29T14:11:34.6058020Z ◇ Test "English normalisation is unchanged by the Arabic rules" started.
swift build & test (macOS)	Test (the suite, minus the hammer)	2026-09-29T14:11:34.6058720Z ◇ Test "digits are spelled out: 20 equals twenty" started.
swift build & test (macOS)	Test (the suite, minus the hammer)	2026-09-29T14:11:34.6059180Z ◇ Test "case and punctuation do not count" started.
swift build & test (macOS)	Test (the suite, minus the hammer)	2026-09-29T14:11:34.6059660Z ◇ Test "Arabic: taa marbuta and alef maqsura fold to their common spellings" started.
swift build & test (macOS)	Test (the suite, minus the hammer)	2026-09-29T14:11:34.6060150Z ◇ Test "Arabic: Arabic punctuation does not count" started.
swift build & test (macOS)	Test (the suite, minus the hammer)	2026-09-29T14:11:34.6060600Z ◇ Test "identical text scores zero" started.
swift build & test (macOS)	Test (the suite, minus the hammer)	2026-09-29T14:11:34.6060950Z ◇ Test "an empty hypothesis deletes every reference word" started.
swift build & test (macOS)	Test (the suite, minus the hammer)	2026-09-29T14:11:34.6061590Z ◇ Test "Arabic: the four alef forms are one letter" started.
swift build & test (macOS)	Test (the suite, minus the hammer)	2026-09-29T14:11:34.6062080Z ◇ Test "a decoder that keeps up gets no first-reply cushion either" started.
swift build & test (macOS)	Test (the suite, minus the hammer)	2026-09-29T14:11:34.6062700Z ◇ Test "a missing word is a deletion; an extra word is an insertion" started.
swift build & test (macOS)	Test (the suite, minus the hammer)	2026-09-29T14:11:34.6063160Z ◇ Test "the size sums exactly the files the download's glob would fetch" started.
swift build & test (macOS)	Test (the suite, minus the hammer)	2026-09-29T14:11:34.6063650Z ◇ Test "one substitution in four words is 0.25 exactly" started.
swift build & test (macOS)	Test (the suite, minus the hammer)	2026-09-29T14:11:34.6064170Z ◇ Test "a fresh learner offers no cushion at all" started.
swift build & test (macOS)	Test (the suite, minus the hammer)	2026-09-29T14:11:34.6064610Z ◇ Test "the Mac's first reply is under-cushioned, by a number we know" started.
swift build & test (macOS)	Test (the suite, minus the hammer)	2026-09-29T14:11:34.6065130Z ◇ Test "a plain engine host attaches, renders, and gives the node back" started.
swift build & test (macOS)	Test (the suite, minus the hammer)	2026-09-29T14:11:34.6065660Z ◇ Test "detaching a node that was never attached is harmless" started.
swift build & test (macOS)	Test (the suite, minus the hammer)	2026-09-29T14:11:34.6066120Z ◇ Test "a caller's fake drives a complete install, with progress and a manifest" started.
swift build & test (macOS)	Test (the suite, minus the hammer)	2026-09-29T14:11:34.6066630Z ◇ Test "a host that made its own engine stops it" started.
swift build & test (macOS)	Test (the suite, minus the hammer)	2026-09-29T14:11:34.6067010Z ◇ Test "tearing down after the engine stopped is safe" started.
swift build & test (macOS)	Test (the suite, minus the hammer)	2026-09-29T14:11:34.6067410Z ◇ Test "a host takes several replies in turn" started.
swift build & test (macOS)	Test (the suite, minus the hammer)	2026-09-29T14:11:34.6067760Z ◇ Test "a host that borrowed an engine never stops it" started.
swift build & test (macOS)	Test (the suite, minus the hammer)	2026-09-29T14:11:34.6068240Z ◇ Test "detaching a node the engine already dropped is a no-op, not a crash" started.
swift build & test (macOS)	Test (the suite, minus the hammer)	2026-09-29T14:11:34.6069220Z ◇ Test "a host that is torn down keeps no nodes" started.
swift build & test (macOS)	Test (the suite, minus the hammer)	2026-09-29T14:11:34.6069710Z ◇ Test "both repositories arrive under one fraction; then installed, with the tokenizer" started.
swift build & test (macOS)	Test (the suite, minus the hammer)	2026-09-29T14:11:34.6070260Z ◇ Test "a second `.started` does not move the number already earned" started.
swift build & test (macOS)	Test (the suite, minus the hammer)	2026-09-29T14:11:34.6070900Z ◇ Test "first audio is stamped at `.started`, not when the feed returns" started.
swift build & test (macOS)	Test (the suite, minus the hammer)	2026-09-29T14:11:34.6071710Z ◇ Test "a mouth that never speaks reports zero, not a plausibly fast number" started.
swift build & test (macOS)	Test (the suite, minus the hammer)	2026-09-29T14:11:34.6072250Z ◇ Test "a microphone that has not started is not watching, and says so" started.
swift build & test (macOS)	Test (the suite, minus the hammer)	2026-09-29T14:11:34.6072900Z ◇ Test "the resolution rule: nil is the source's own, a table is that table, .empty is none — and renders nil" started.
swift build & test (macOS)	Test (the suite, minus the hammer)	2026-09-29T14:11:34.6074160Z ◇ Test "a source built WITH a table and a call carrying .empty: no tool that turn; the next call has it back" started.
swift build & test (macOS)	Test (the suite, minus the hammer)	2026-09-29T14:11:34.6074820Z ◇ Test "attaching to a microphone that is not capturing fails loudly" started.
swift build & test (macOS)	Test (the suite, minus the hammer)	2026-09-29T14:11:34.6075380Z ◇ Test "a call's table REPLACES the source's for that call; it does not add to it" started.
swift build & test (macOS)	Test (the suite, minus the hammer)	2026-09-29T14:11:34.6075910Z ◇ Test "a run retired after the round ended never knocks the door: the body does not run" started.
swift build & test (macOS)	Test (the suite, minus the hammer)	2026-09-29T14:11:34.6076470Z ◇ Test "a flagged tool is refused until the call's options name it; then its body runs once" started.
swift build & test (macOS)	Test (the suite, minus the hammer)	2026-09-29T14:11:34.6077130Z ◇ Test "the steps run in the order they were given" started.
swift build & test (macOS)	Test (the suite, minus the hammer)	2026-09-29T14:11:34.6077670Z ◇ Test "the second caller does not return until the sequence is complete" started.
swift build & test (macOS)	Test (the suite, minus the hammer)	2026-09-29T14:11:34.6078200Z ◇ Test "detaching a node that is attached but wired to nothing is a no-op" started.
swift build & test (macOS)	Test (the suite, minus the hammer)	2026-09-29T14:11:34.6080210Z ◇ Test "THE ORDER THAT KILLS: the voice must precede the mind" started.
swift build & test (macOS)	Test (the suite, minus the hammer)	2026-09-29T14:11:34.6080660Z ◇ Test "it says whether it has run" started.
swift build & test (macOS)	Test (the suite, minus the hammer)	2026-09-29T14:11:34.6081150Z ◇ Test "a need of 0 bytes is NO claim (D-105's shape): admitted with no memory question" started.
swift build & test (macOS)	Test (the suite, minus the hammer)	2026-09-29T14:11:34.6082870Z ◇ Test "with no headroom number the model admits, and the load door speaks next" started.
swift build & test (macOS)	Test (the suite, minus the hammer)	2026-09-29T14:11:34.6084480Z ◇ Test "two tabs appearing together launch the sequence once, not twice" started.
swift build & test (macOS)	Test (the suite, minus the hammer)	2026-09-29T14:11:34.6085840Z ◇ Test "a known headroom below the need refuses, typed, and no load begins" started.
swift build & test (macOS)	Test (the suite, minus the hammer)	2026-09-29T14:11:34.6087260Z ◇ Test "a headroom EQUAL to the need admits — the refusal is strictly below" started.
swift build & test (macOS)	Test (the suite, minus the hammer)	2026-09-29T14:11:34.6089270Z ◇ Test "a source with no table and a call carrying one: the tool runs; the next call without it cannot" started.
swift build & test (macOS)	Test (the suite, minus the hammer)	2026-09-29T14:11:34.6090140Z ◇ Test "a device that cannot load is refused with its readiness verdict, not a memory number" started.
swift build & test (macOS)	Test (the suite, minus the hammer)	2026-09-29T14:11:34.6090810Z ◇ Test "two concurrent callers: the second is refused on the post-allocation headroom, not the stale one" started.
swift build & test (macOS)	Test (the suite, minus the hammer)	2026-09-29T14:11:34.6091350Z ◇ Test "a headroom the phone will not give NEVER refuses — D-092" started.
swift build & test (macOS)	Test (the suite, minus the hammer)	2026-09-29T14:11:34.6091740Z ◇ Test "a call after it has finished does nothing at all" started.
swift build & test (macOS)	Test (the suite, minus the hammer)	2026-09-29T14:11:34.6092260Z ◇ Test "two concurrent callers: the second is admitted when the post-allocation headroom still fits it" started.
swift build & test (macOS)	Test (the suite, minus the hammer)	2026-09-29T14:11:34.6093300Z ◇ Test ".exhausted is a KNOWN zero, and refuses with available 0" started.
swift build & test (macOS)	Test (the suite, minus the hammer)	2026-09-29T14:11:34.6094150Z ◇ Test "a load that throws lets the next admission through — the gate is released on every exit" started.
swift build & test (macOS)	Test (the suite, minus the hammer)	2026-09-29T14:11:34.6094790Z ◇ Test "HALF a vocabulary throws rather than guesses" started.
swift build & test (macOS)	Test (the suite, minus the hammer)	2026-09-29T14:11:34.6095210Z ◇ Test "weights already RESIDENT are admitted without the memory question" started.
swift build & test (macOS)	Test (the suite, minus the hammer)	2026-09-29T14:11:34.6125980Z ◇ Test "The session's settling table reports its count changes" started.
swift build & test (macOS)	Test (the suite, minus the hammer)	2026-09-29T14:11:34.6126600Z ◇ Test "the REAL model's config yields 151667/151668 (model config; skips if absent)" started.
swift build & test (macOS)	Test (the suite, minus the hammer)	2026-09-29T14:11:34.6127140Z ◇ Test "both markers present — the two ids are read from the vocabulary" started.
swift build & test (macOS)	Test (the suite, minus the hammer)	2026-09-29T14:11:34.6127700Z ◇ Test "a model that does not reason out loud is nil, not an error" started.
swift build & test (macOS)	Test (the suite, minus the hammer)	2026-09-29T14:11:34.6129580Z ◇ Test "a stream that ends on its own is drained whole, awaited, and reported as not cut" started.
swift build & test (macOS)	Test (the suite, minus the hammer)	2026-09-29T14:11:34.6130100Z ◇ Test "a file that is not a tokenizer configuration is refused" started.
swift build & test (macOS)	Test (the suite, minus the hammer)	2026-09-29T14:11:34.6130730Z ◇ Test "a cancel that lands while next() is parked cancels the vendor's task too" started.
swift build & test (macOS)	Test (the suite, minus the hammer)	2026-09-29T14:11:34.6131340Z ◇ Test "a cancel that lands while the body runs still cancels the vendor's task, and the drain returns" started.
swift build & test (macOS)	Test (the suite, minus the hammer)	2026-09-29T14:11:34.6132010Z ◇ Test "an ordinary exchange cannot reach the cliff at the shipped bound" started.
swift build & test (macOS)	Test (the suite, minus the hammer)	2026-09-29T14:11:34.6132730Z ◇ Test "whitespace on either side is not an exchange" started.
swift build & test (macOS)	Test (the suite, minus the hammer)	2026-09-29T14:11:34.6136390Z ◇ Test "two memories holding the same conversation are equal" started.
swift build & test (macOS)	Test (the suite, minus the hammer)	2026-09-29T14:11:34.6137480Z ◇ Test "the budget bites while the depth still has room" started.
swift build & test (macOS)	Test (the suite, minus the hammer)	2026-09-29T14:11:34.6138480Z ◇ Test "the person's words and the mind's stay apart" started.
swift build & test (macOS)	Test (the suite, minus the hammer)	2026-09-29T14:11:34.6140220Z ◇ Test "The pump mirrors ring drops into health, same numbers, same stamp" started.
swift build & test (macOS)	Test (the suite, minus the hammer)	2026-09-29T14:11:34.6142510Z ◇ Test "the budget is paid in whole exchanges" started.
swift build & test (macOS)	Test (the suite, minus the hammer)	2026-09-29T14:11:34.6143650Z ◇ Test "an exchange with no tool is kept exactly as before (AC-311)" started.
swift build & test (macOS)	Test (the suite, minus the hammer)	2026-09-29T14:11:34.6147810Z ◇ Test "a depth of zero remembers nothing and says so" started.
swift build & test (macOS)	Test (the suite, minus the hammer)	2026-09-29T14:11:34.6150290Z ◇ Test "an exchange with no question is not recorded" started.
swift build & test (macOS)	Test (the suite, minus the hammer)	2026-09-29T14:11:34.6152510Z ◇ Test "past the depth, the oldest whole exchange is dropped" started.
swift build & test (macOS)	Test (the suite, minus the hammer)	2026-09-29T14:11:34.6162470Z ◇ Test "a completed exchange carries no mark" started.
swift build & test (macOS)	Test (the suite, minus the hammer)	2026-09-29T14:11:34.6164610Z ◇ Test "the shipped bound is the measured one, and it clears both limits" started.
swift build & test (macOS)	Test (the suite, minus the hammer)	2026-09-29T14:11:34.6165860Z ◇ Test "clearing forgets everything and stays usable" started.
swift build & test (macOS)	Test (the suite, minus the hammer)	2026-09-29T14:11:34.6167140Z ◇ Test "a tool's record counts against the budget (D-119, from D-092)" started.
swift build & test (macOS)	Test (the suite, minus the hammer)	2026-09-29T14:11:34.6168470Z ◇ Test "a turn with neither words nor a tool is still refused (4r's rule, unchanged)" started.
swift build & test (macOS)	Test (the suite, minus the hammer)	2026-09-29T14:11:34.6196410Z ◇ Test "an exchange in which a tool ran keeps what ran (AC-311)" started.
swift build & test (macOS)	Test (the suite, minus the hammer)	2026-09-29T14:11:34.6232110Z ◇ Test "an interrupted exchange is kept, and says so" started.
swift build & test (macOS)	Test (the suite, minus the hammer)	2026-09-29T14:11:34.6232600Z ◇ Test "an exchange the mind answered with silence is not recorded" started.
swift build & test (macOS)	Test (the suite, minus the hammer)	2026-09-29T14:11:34.6233100Z ◇ Test "the next exchange evicts the oversized one, and the bound holds again" started.
swift build & test (macOS)	Test (the suite, minus the hammer)	2026-09-29T14:11:34.6233580Z ◇ Test "record says whether the memory took the exchange" started.
swift build & test (macOS)	Test (the suite, minus the hammer)	2026-09-29T14:11:34.6233920Z ◇ Test stopDisconnectsTheSource() started.
swift build & test (macOS)	Test (the suite, minus the hammer)	2026-09-29T14:11:34.6234250Z ◇ Test emittedChunksFlowThroughTheRingInOrder() started.
swift build & test (macOS)	Test (the suite, minus the hammer)	2026-09-29T14:11:34.6234640Z ◇ Test emitBeforeStartDeliversNothing() started.
swift build & test (macOS)	Test (the suite, minus the hammer)	2026-09-29T14:11:34.6235110Z ◇ Test "the cushion RISES when the machine slows — latest-wins in the harmful direction" started.
swift build & test (macOS)	Test (the suite, minus the hammer)	2026-09-29T14:11:34.6235700Z ◇ Test "a failed run teaches nothing — its truncated length stays out of the window" started.
swift build & test (macOS)	Test (the suite, minus the hammer)	2026-09-29T14:11:34.6236200Z ◇ Test "a failed run before any finished one leaves the learner empty" started.
swift build & test (macOS)	Test (the suite, minus the hammer)	2026-09-29T14:11:34.6236650Z ◇ Test "No session means the pre-4d path, byte for byte" started.
swift build & test (macOS)	Test (the suite, minus the hammer)	2026-09-29T14:11:34.6238730Z ◇ Test "The session is activated BEFORE capture, and released after — never left active" started.
swift build & test (macOS)	Test (the suite, minus the hammer)	2026-09-29T14:11:34.6241110Z ◇ Test "Starting twice activates once — the session is not re-entered" started.
swift build & test (macOS)	Test (the suite, minus the hammer)	2026-09-29T14:11:34.6257520Z ◇ Test "an exchange too large to fit alone is kept alone, over budget" started.
swift build & test (macOS)	Test (the suite, minus the hammer)	2026-09-29T14:11:34.6258210Z ◇ Test "a tap in the second life adopts the transfer the first life started" started.
swift build & test (macOS)	Test (the suite, minus the hammer)	2026-09-29T14:11:34.6258880Z ◇ Test "a silent reply completes without speaking (model required; skips if absent)" started.
swift build & test (macOS)	Test (the suite, minus the hammer)	2026-09-29T14:11:34.6259490Z ◇ Test "stop() without start() releases nothing" started.
swift build & test (macOS)	Test (the suite, minus the hammer)	2026-09-29T14:11:34.6259970Z ◇ Test "a failed turn reaches the HEALTH stream, typed, with its turn number" started.
swift build & test (macOS)	Test (the suite, minus the hammer)	2026-09-29T14:11:34.6261010Z ◇ Test "a table becomes one adapter per tool, in the table's order, and rides to the real source" started.
swift build & test (macOS)	Test (the suite, minus the hammer)	2026-09-29T14:11:34.6261600Z ◇ Test "toolFailure(from:) still carries a typed value whole — one wrap, never two" started.
swift build & test (macOS)	Test (the suite, minus the hammer)	2026-09-29T14:11:34.6262150Z ◇ Test "a flagged tool with no yes on the call is told to ask; with the name confirmed it runs once" started.
swift build & test (macOS)	Test (the suite, minus the hammer)	2026-09-29T14:11:34.6262780Z ◇ Test "a missing required argument never reaches the body; the model reads the door's sentence (AC-273)" started.
swift build & test (macOS)	Test (the suite, minus the hammer)	2026-09-29T14:11:34.6263500Z ◇ Test "a bad PER-CALL table throws from openReply, before the stream — the source is never asked (AC-289)" started.
swift build & test (macOS)	Test (the suite, minus the hammer)	2026-09-29T14:11:34.6264630Z ◇ Test "the adapter wears the ReplyTool's name and description, verbatim" started.
swift build & test (macOS)	Test (the suite, minus the hammer)	2026-09-29T14:11:34.6265140Z ◇ Test "a tool's throw becomes the ToolCallFailure sentence every mind writes (AC-225)" started.
swift build & test (macOS)	Test (the suite, minus the hammer)	2026-09-29T14:11:34.6265730Z ◇ Test "an answer that arrives after the call's task was cancelled goes nowhere" started.
swift build & test (macOS)	Test (the suite, minus the hammer)	2026-09-29T14:11:34.6267890Z ◇ Test "a tool with no parameters shows the spike's schema, unchanged (AC-270)" started.
swift build & test (macOS)	Test (the suite, minus the hammer)	2026-09-29T14:11:34.6269470Z ◇ Test "A session that refuses to activate stops the whole start — capture is never attempted" started.
swift build & test (macOS)	Test (the suite, minus the hammer)	2026-09-29T14:11:34.6271200Z ◇ Test "the schema names the parameters — four kinds, one optional, the app's sentences (AC-270)" started.
swift build & test (macOS)	Test (the suite, minus the hammer)	2026-09-29T14:11:34.6273160Z ◇ Test "the session's table is resolved per call: the call's over the default, .empty means none this turn (AC-275)" started.
swift build & test (macOS)	Test (the suite, minus the hammer)	2026-09-29T14:11:34.6274760Z ◇ Test "one retry, one reply, one body run (AC-317)" started.
swift build & test (macOS)	Test (the suite, minus the hammer)	2026-09-29T14:11:34.6276190Z ◇ Test "a throw is answered in words: call(arguments:) returns the sentence and does not throw (AC-276, F-4 = B)" started.
swift build & test (macOS)	Test (the suite, minus the hammer)	2026-09-29T14:11:34.6278030Z ◇ Test "an empty table builds the SAME session as the pre-4w init(transcript:) (AC-227's Mac half)" started.
swift build & test (macOS)	Test (the suite, minus the hammer)	2026-09-29T14:11:34.6279610Z ◇ Test "a band is shown only when the declaration says so — two switches (F-11 B)" started.
swift build & test (macOS)	Test (the suite, minus the hammer)	2026-09-29T14:11:34.6280960Z ◇ Test "a bad DEFAULT table throws from the generator's init, typed (AC-289)" started.
swift build & test (macOS)	Test (the suite, minus the hammer)	2026-09-29T14:11:34.6282520Z ◇ Test "the model's whole answer becomes the door's arguments; not a structure is no arguments (AC-269)" started.
swift build & test (macOS)	Test (the suite, minus the hammer)	2026-09-29T14:11:34.6284540Z ◇ Test "call(arguments:) reaches the ReplyTool with the typed arguments and returns its answer" started.
swift build & test (macOS)	Test (the suite, minus the hammer)	2026-09-29T14:11:34.6286210Z ◇ Test "the vendor fills the instructions entry's toolDefinitions from the tools it was handed" started.
swift build & test (macOS)	Test (the suite, minus the hammer)	2026-09-29T14:11:34.6287970Z ◇ Test "GeneratedContent is read by kind into ToolValue — one number case; list and object kept (AC-269)" started.
swift build & test (macOS)	Test (the suite, minus the hammer)	2026-09-29T14:11:34.6289360Z ◇ Test "an unfinished reply still teaches nothing" started.
swift build & test (macOS)	Test (the suite, minus the hammer)	2026-09-29T14:11:34.6290400Z ◇ Test "no step record means no learned cushion, not a guessed one" started.
swift build & test (macOS)	Test (the suite, minus the hammer)	2026-09-29T14:11:34.6291810Z ◇ Test "two parameters with one name: the vendor's own schema builder refuses too (AC-289's second line)" started.
swift build & test (macOS)	Test (the suite, minus the hammer)	2026-09-29T14:11:34.6293180Z ◇ Test "a stall repaid by the end still sizes the cushion" started.
swift build & test (macOS)	Test (the suite, minus the hammer)	2026-09-29T14:11:34.6294310Z ◇ Test "a uniformly slow decode sizes the same as it always did" started.
swift build & test (macOS)	Test (the suite, minus the hammer)	2026-09-29T14:11:34.6295560Z ◇ Test "a decoder that keeps up is asked for no cushion" started.
swift build & test (macOS)	Test (the suite, minus the hammer)	2026-09-29T14:11:34.6296670Z ◇ Test "a short reply after a long one lowers the cushion — the known cost" started.
swift build & test (macOS)	Test (the suite, minus the hammer)	2026-09-29T14:11:34.6298070Z ◇ Test "StopReason and ReplyFailure round-trip as values" started.
swift build & test (macOS)	Test (the suite, minus the hammer)	2026-09-29T14:11:34.6299410Z ◇ Test "an empty table hands the vendor no tools (AC-227's plain path)" started.
swift build & test (macOS)	Test (the suite, minus the hammer)	2026-09-29T14:11:34.6300870Z ◇ Test "a waiter whose task is cancelled returns false, at once — the cap can end a red test" started.
swift build & test (macOS)	Test (the suite, minus the hammer)	2026-09-29T14:11:34.6303090Z ◇ Test "GenerationOptions is a value: equal when every field is equal" started.
swift build & test (macOS)	Test (the suite, minus the hammer)	2026-09-29T14:11:34.6306330Z ◇ Test "a token-budget stop round-trips (AC-237 b)" started.
swift build & test (macOS)	Test (the suite, minus the hammer)	2026-09-29T14:11:34.6309230Z ◇ Test "openReply(to: String) passes the default options (AC-231)" started.
swift build & test (macOS)	Test (the suite, minus the hammer)	2026-09-29T14:11:34.6310620Z ◇ Test "cancelling the calling task cancels the run and throws CancellationError (AC-237 d)" started.
swift build & test (macOS)	Test (the suite, minus the hammer)	2026-09-29T14:11:34.6312120Z ◇ Test "an engine failure describes itself with the engine's own words" started.
swift build & test (macOS)	Test (the suite, minus the hammer)	2026-09-29T14:11:34.6313100Z ◇ Test "a stream that ends with no terminal and no cancel is an engine failure" started.
swift build & test (macOS)	Test (the suite, minus the hammer)	2026-09-29T14:11:34.6313640Z ◇ Test "a count already at the threshold returns at once; a rising count wakes the waiter" started.
swift build & test (macOS)	Test (the suite, minus the hammer)	2026-09-29T14:11:34.6314240Z ◇ Test "a counting caller sees two refusals across three scripted runs (AC-236, D-104)" started.
swift build & test (macOS)	Test (the suite, minus the hammer)	2026-09-29T14:11:34.6314820Z ◇ Test "a counting caller sees two .busy across three scripted runs (AC-236)" started.
swift build & test (macOS)	Test (the suite, minus the hammer)	2026-09-29T14:11:34.6317870Z ◇ Test "ReplyFailure has no .refused case any more — D-104" started.
swift build & test (macOS)	Test (the suite, minus the hammer)	2026-09-29T14:11:34.6318380Z ◇ Test "explicit options come back from the record unchanged (AC-231)" started.
swift build & test (macOS)	Test (the suite, minus the hammer)	2026-09-29T14:11:34.6321710Z ◇ Test "a .failed(.busy) run makes reply(to:) throw ReplyFailure.busy (AC-237 c)" started.
swift build & test (macOS)	Test (the suite, minus the hammer)	2026-09-29T14:11:34.6322240Z ◇ Test "only .deviceCannotRun(.simulator) may say the word Simulator (AC-238)" started.
swift build & test (macOS)	Test (the suite, minus the hammer)	2026-09-29T14:11:34.6322780Z ◇ Test "the recorder sees a MARKED request that IS made — the control for every silence proof" started.
swift build & test (macOS)	Test (the suite, minus the hammer)	2026-09-29T14:11:34.6323310Z ◇ Test "a throwing decode reports failed once, terminal, and ends the stream" started.
swift build & test (macOS)	Test (the suite, minus the hammer)	2026-09-29T14:11:34.6323880Z ◇ Test "a table the check passed renders exactly the pinned bytes — the rendering never sees a duplicate" started.
swift build & test (macOS)	Test (the suite, minus the hammer)	2026-09-29T14:11:34.6324420Z ◇ Test "a band with showsRange renders minimum and maximum in the property" started.
swift build & test (macOS)	Test (the suite, minus the hammer)	2026-09-29T14:11:34.6324920Z ◇ Test "all-optional parameters render properties and no `required` key" started.
swift build & test (macOS)	Test (the suite, minus the hammer)	2026-09-29T14:11:34.6325410Z ◇ Test "one tool renders as a function spec with an empty object of parameters" started.
swift build & test (macOS)	Test (the suite, minus the hammer)	2026-09-29T14:11:34.6325890Z ◇ Test "an empty table renders nil, not []; a table renders one spec per tool" started.
swift build & test (macOS)	Test (the suite, minus the hammer)	2026-09-29T14:11:34.6326580Z ◇ Test "parameters render one property each with its JSON type and sentence, and `required` names the required ones" started.
swift build & test (macOS)	Test (the suite, minus the hammer)	2026-09-29T14:11:34.6330860Z ◇ Test "a band with showsRange false renders nothing of it" started.
swift build & test (macOS)	Test (the suite, minus the hammer)	2026-09-29T14:11:34.6333390Z ◇ Test "a tool that throws is answered to the MODEL as 'tool … failed: …' and the reply completes" started.
swift build & test (macOS)	Test (the suite, minus the hammer)	2026-09-29T14:11:34.6333990Z ◇ Test "a model that calls forever is stopped after ToolRounds.cap rounds with a typed failure" started.
swift build & test (macOS)	Test (the suite, minus the hammer)	2026-09-29T14:11:34.6334590Z ◇ Test "a name no tool has is answered to the MODEL as 'no tool named …' and the reply completes" started.
swift build & test (macOS)	Test (the suite, minus the hammer)	2026-09-29T14:11:34.6335210Z ◇ Test "a scripted call: the table is called with the typed arguments, the answer follows, one terminal" started.
swift build & test (macOS)	Test (the suite, minus the hammer)	2026-09-29T14:11:34.6335800Z ◇ Test "a cancel while the tool is in flight: the answer is dropped, no round 1, no terminal" started.
swift build & test (macOS)	Test (the suite, minus the hammer)	2026-09-29T14:11:34.6336330Z ◇ Test "tokens then .finished(.complete) become Reply(text:stop:) (AC-237 a)" started.
swift build & test (macOS)	Test (the suite, minus the hammer)	2026-09-29T14:11:34.6336900Z ◇ Test "the deadline fires while the body is parked: the write lands once, then ONE terminal, the clock's, last" started.
swift build & test (macOS)	Test (the suite, minus the hammer)	2026-09-29T14:11:34.6337480Z ◇ Test "openReply throws the honest reason when the model is unavailable" started.
swift build & test (macOS)	Test (the suite, minus the hammer)	2026-09-29T14:11:34.6338000Z ◇ Test "an unchanged snapshot says nothing — no empty tokens" started.
swift build & test (macOS)	Test (the suite, minus the hammer)	2026-09-29T14:11:34.6341260Z ◇ Test "assets unavailable names the Simulator lesson — availability lied" started.
swift build & test (macOS)	Test (the suite, minus the hammer)	2026-09-29T14:11:34.6341780Z ◇ Test "a tool round's stop is not the reply's terminal — only the last round's is" started.
swift build & test (macOS)	Test (the suite, minus the hammer)	2026-09-29T14:11:34.6342280Z ◇ Test "a model refusal is SPOKEN the same way, and ends .refused (F-4 = A, D-104)" started.
swift build & test (macOS)	Test (the suite, minus the hammer)	2026-09-29T14:11:34.6342790Z ◇ Test "cumulative snapshots become suffix tokens, then finished, once" started.
swift build & test (macOS)	Test (the suite, minus the hammer)	2026-09-29T14:11:34.6343210Z ◇ Test "a throwing source is one .failed, terminal" started.
swift build & test (macOS)	Test (the suite, minus the hammer)	2026-09-29T14:11:34.6344120Z ◇ Test "a guardrail violation is SPOKEN, and the reply ends .refused (F-4 = A, D-104)" started.
swift build & test (macOS)	Test (the suite, minus the hammer)	2026-09-29T14:11:34.6344570Z ◇ Test "the context window overflowing is a named failure" started.
swift build & test (macOS)	Test (the suite, minus the hammer)	2026-09-29T14:11:34.6344980Z ◇ Test "openReply hands off — generation never blocks the opener" started.
swift build & test (macOS)	Test (the suite, minus the hammer)	2026-09-29T14:11:34.6345360Z ◇ Test "cancel ends the stream without a terminal" started.
swift build & test (macOS)	Test (the suite, minus the hammer)	2026-09-29T14:11:34.6345880Z ◇ Test "nothing AFTER the cancel survives — gated defiance, event-gated end to end" started.
swift build & test (macOS)	Test (the suite, minus the hammer)	2026-09-29T14:11:34.6346420Z ◇ Test "a REVISING stream: true tokens out, then one honest failure, never the rewrite" started.
swift build & test (macOS)	Test (the suite, minus the hammer)	2026-09-29T14:11:34.6347090Z ◇ Test "a body that ends before the deadline feeds its answer back; the reply ends .complete, the sleeper is gone" started.
swift build & test (macOS)	Test (the suite, minus the hammer)	2026-09-29T14:11:34.6349110Z ◇ Test "one request lists, one per file moves; one byte fraction, 1.0 once; then .installed with a manifest" started.
swift build & test (macOS)	Test (the suite, minus the hammer)	2026-09-29T14:11:34.6349720Z ◇ Test "runsEach of zero measures nothing — it does not halt the process" started.
swift build & test (macOS)	Test (the suite, minus the hammer)	2026-09-29T14:11:34.6350240Z ◇ Test "every configuration is prepared before it is measured, every run" started.
swift build & test (macOS)	Test (the suite, minus the hammer)	2026-09-29T14:11:34.6350760Z ◇ Test "the two decoders do NOT get the same cushion" started.
swift build & test (macOS)	Test (the suite, minus the hammer)	2026-09-29T14:11:34.6351140Z ◇ Test "a reply that never spoke prints an em dash, never 0 ms" started.
swift build & test (macOS)	Test (the suite, minus the hammer)	2026-09-29T14:11:34.6351580Z ◇ Test "an explicit lead still wins — the derivation is a default, not a law" started.
swift build & test (macOS)	Test (the suite, minus the hammer)	2026-09-29T14:11:34.6352090Z ◇ Test "rate limiting, concurrency, decoding, guides: each one honest .failed" started.
swift build & test (macOS)	Test (the suite, minus the hammer)	2026-09-29T14:11:34.6352650Z ◇ Test "reset happens AFTER prepare — the row counts the run, not the setup" started.
swift build & test (macOS)	Test (the suite, minus the hammer)	2026-09-29T14:11:34.6355320Z ◇ Test "measuredRealTimeFactor provides platform-calibrated values" started.
swift build & test (macOS)	Test (the suite, minus the hammer)	2026-09-29T14:11:34.6355880Z ◇ Test "`.stepped` needs one — it decodes slower than real time" started.
swift build & test (macOS)	Test (the suite, minus the hammer)	2026-09-29T14:11:34.6356290Z ◇ Test "a device that cannot answer prints an em dash, never 0 MB" started.
swift build & test (macOS)	Test (the suite, minus the hammer)	2026-09-29T14:11:34.6356760Z ◇ Test "`.fused` needs no cushion — it decodes faster than the ear drinks" started.
swift build & test (macOS)	Test (the suite, minus the hammer)	2026-09-29T14:11:34.6357240Z ◇ Test "the CONSTANT is `.fused`'s cushion, and passing it to `.stepped` is the bug" started.
swift build & test (macOS)	Test (the suite, minus the hammer)	2026-09-29T14:11:34.6357670Z ◇ Test "a completed sweep restores exactly once" started.
swift build & test (macOS)	Test (the suite, minus the hammer)	2026-09-29T14:11:34.6358050Z ◇ Test "a stage that throws mid-sweep still gets its settings back" started.
swift build & test (macOS)	Test (the suite, minus the hammer)	2026-09-29T14:11:34.6358430Z ◇ Test "durations render as whole milliseconds" started.
swift build & test (macOS)	Test (the suite, minus the hammer)	2026-09-29T14:11:34.6358890Z ◇ Test "a throw part-way keeps every row already measured" started.
swift build & test (macOS)	Test (the suite, minus the hammer)	2026-09-29T14:11:34.6359290Z ◇ Test "the table is the shape INSTRUMENTS already uses" started.
swift build & test (macOS)	Test (the suite, minus the hammer)	2026-09-29T14:11:34.6359830Z ◇ Test "each row is prepare → reset → sample → measure, in that order" started.
swift build & test (macOS)	Test (the suite, minus the hammer)	2026-09-29T14:11:34.6360520Z ◇ Test "the row being measured when the cancel lands is DROPPED, not published" started.
swift build & test (macOS)	Test (the suite, minus the hammer)	2026-09-29T14:11:34.6363180Z ◇ Test "a row carries the conditions sampled for that row, not the sweep's first" started.
swift build & test (macOS)	Test (the suite, minus the hammer)	2026-09-29T14:11:34.6364800Z ◇ Test "with the mind resident it refuses, and changes nothing" started.
swift build & test (macOS)	Test (the suite, minus the hammer)	2026-09-29T14:11:34.6367980Z ◇ Test "the phone sweep does not include a decoder that cannot load there" started.
swift build & test (macOS)	Test (the suite, minus the hammer)	2026-09-29T14:11:34.6368530Z ◇ Test "all-silent audio reports nothing rather than dividing by zero" started.
swift build & test (macOS)	Test (the suite, minus the hammer)	2026-09-29T14:11:34.6369050Z ◇ Test "a gap inside the speech is found, with its length" started.
swift build & test (macOS)	Test (the suite, minus the hammer)	2026-09-29T14:11:34.6398480Z ◇ Test "the cushion's own silence is not counted against it" started.
swift build & test (macOS)	Test (the suite, minus the hammer)	2026-09-29T14:11:34.6400160Z ◇ Test "many small gaps are counted and summed — the starvation shape" started.
swift build & test (macOS)	Test (the suite, minus the hammer)	2026-09-29T14:11:34.6401530Z ◇ Test "quiet speech is speech, not a dropout" started.
swift build & test (macOS)	Test (the suite, minus the hammer)	2026-09-29T14:11:34.6410810Z ◇ Test "a zero minimum still needs a real run, not every sample boundary" started.
swift build & test (macOS)	Test (the suite, minus the hammer)	2026-09-29T14:11:34.6413210Z ◇ Test "runs below the minimum are not gaps" started.
swift build & test (macOS)	Test (the suite, minus the hammer)	2026-09-29T14:11:34.6424350Z ◇ Test "continuous speech has no dropouts" started.
swift build & test (macOS)	Test (the suite, minus the hammer)	2026-09-29T14:11:34.6427620Z ◇ Test "a warning ends EVERY live run on the weights" started.
swift build & test (macOS)	Test (the suite, minus the hammer)	2026-09-29T14:11:34.6429150Z ◇ Test "a .critical ends the run AND retires the weights; the next reply opens again" started.
swift build & test (macOS)	Test (the suite, minus the hammer)	2026-09-29T14:11:34.6431640Z ◇ Test "a .warning mid-generation ends the run's stream with NO terminal and no later token" started.
swift build & test (macOS)	Test (the suite, minus the hammer)	2026-09-29T14:11:34.6433130Z ◇ Test "cancellation keeps the rows already measured, and still restores" started.
swift build & test (macOS)	Test (the suite, minus the hammer)	2026-09-29T14:11:34.6434290Z ◇ Test ".normal does nothing: the generation keeps running" started.
swift build & test (macOS)	Test (the suite, minus the hammer)	2026-09-29T14:11:34.6435530Z ◇ Test "a run that finished leaves the registry, and a later warning finds nothing" started.
swift build & test (macOS)	Test (the suite, minus the hammer)	2026-09-29T14:11:34.6437020Z ◇ Test "the system source subscribes and cancels without a level ever arriving" started.
swift build & test (macOS)	Test (the suite, minus the hammer)	2026-09-29T14:11:34.6444870Z ◇ Test "a run opened AFTER the warning runs clean" started.
swift build & test (macOS)	Test (the suite, minus the hammer)	2026-09-29T14:11:34.6445430Z ◇ Test "per-call instructions reach the real model (AC-232)" started.
swift build & test (macOS)	Test (the suite, minus the hammer)	2026-09-29T14:11:34.6445870Z ◇ Test "a per-call budget bounds the real reply (AC-233)" started.
swift build & test (macOS)	Test (the suite, minus the hammer)	2026-09-29T14:11:34.6446400Z ◇ Test "cancel() ends with no terminal and releases the sleeper (AC-264)" started.
swift build & test (macOS)	Test (the suite, minus the hammer)	2026-09-29T14:11:34.6447030Z ◇ Test "reply(to:) returns Reply("", .deadline) when the clock ends a silent reply (AC-264)" started.
swift build & test (macOS)	Test (the suite, minus the hammer)	2026-09-29T14:11:34.6447740Z ◇ Test "deadline then finish, and finish then deadline: the second ending is a no-op (AC-264)" started.
swift build & test (macOS)	Test (the suite, minus the hammer)	2026-09-29T14:11:34.6448440Z ◇ Test "the deadline and the last snapshot at once: exactly one terminal (AC-264, the latch)" started.
swift build & test (macOS)	Test (the suite, minus the hammer)	2026-09-29T14:11:34.6449180Z ◇ Test "a source that finishes first ends .finished(.unreported) and releases the sleeper (AC-264)" started.
swift build & test (macOS)	Test (the suite, minus the hammer)	2026-09-29T14:11:34.6453950Z ◇ Test "a .critical with nothing running still retires — the weights, not the run, are the target" started.
swift build & test (macOS)	Test (the suite, minus the hammer)	2026-09-29T14:11:34.6455290Z ◇ Test "the model subscribes once at birth and cancels when it dies" started.
swift build & test (macOS)	Test (the suite, minus the hammer)	2026-09-29T14:11:34.6456050Z ◇ Test "no deadline arms no sleeper (AC-264, AC-265)" started.
swift build & test (macOS)	Test (the suite, minus the hammer)	2026-09-29T14:11:34.6456660Z ◇ Test "words before the call are spoken; the call's arguments arrive typed — the model's 2 is a number" started.
swift build & test (macOS)	Test (the suite, minus the hammer)	2026-09-29T14:11:34.6457280Z ◇ Test "a call still buffered at end of sequence is parsed by finish()" started.
swift build & test (macOS)	Test (the suite, minus the hammer)	2026-09-29T14:11:34.6457930Z ◇ Test "a tagged call is collected silently and emitted whole when its end tag arrives" started.
swift build & test (macOS)	Test (the suite, minus the hammer)	2026-09-29T14:11:34.6458440Z ◇ Test "reply(to:) RETURNS a refusal as Reply(text:, stop: .refused) — D-104" started.
swift build & test (macOS)	Test (the suite, minus the hammer)	2026-09-29T14:11:34.6459080Z ◇ Test "a brace that was not a call is text after all, flushed at the end" started.
swift build & test (macOS)	Test (the suite, minus the hammer)	2026-09-29T14:11:34.6461140Z ◇ Test "an error the vendor's enum does not own is .unexplained, with its words (AC-322)" started.
swift build & test (macOS)	Test (the suite, minus the hammer)	2026-09-29T14:11:34.6461660Z ◇ Test "no vendor case with a name becomes .unexplained (AC-322)" started.
swift build & test (macOS)	Test (the suite, minus the hammer)	2026-09-29T14:11:34.6462110Z ◇ Test "an unsupported language is .unsupportedLanguage" started.
swift build & test (macOS)	Test (the suite, minus the hammer)	2026-09-29T14:11:34.6462780Z ◇ Test "a never-finishing source ends .finished(.deadline) with the snapshots so far (AC-264)" started.
swift build & test (macOS)	Test (the suite, minus the hammer)	2026-09-29T14:11:34.6467600Z ◇ Test "plain text passes through as tokens, one per piece" started.
swift build & test (macOS)	Test (the suite, minus the hammer)	2026-09-29T14:11:34.6468030Z ◇ Test "the context window overflowing stays .contextWindowExceeded" started.
swift build & test (macOS)	Test (the suite, minus the hammer)	2026-09-29T14:11:34.6468500Z ◇ Test "a refusal after partial text keeps what was already spoken — D-104" started.
swift build & test (macOS)	Test (the suite, minus the hammer)	2026-09-29T14:11:34.6468990Z ◇ Test "rate limiting and a concurrent request are both .busy" started.
swift build & test (macOS)	Test (the suite, minus the hammer)	2026-09-29T14:11:34.6479080Z ◇ Test "the tripwire keeps its name: a revised text is .engine, never .unexplained (AC-322)" started.
swift build & test (macOS)	Test (the suite, minus the hammer)	2026-09-29T14:11:34.6479630Z ◇ Test "an empty refusal sentence yields no token, only the ending — D-104" started.
swift build & test (macOS)	Test (the suite, minus the hammer)	2026-09-29T14:11:34.6480100Z ◇ Test "a refusal is spoken and ends .finished(.refused) — D-104" started.
swift build & test (macOS)	Test (the suite, minus the hammer)	2026-09-29T14:11:34.6481140Z ◇ Test "this library's own failures keep their names: a declaration the vendor refuses is .engine (AC-322)" started.
swift build & test (macOS)	Test (the suite, minus the hammer)	2026-09-29T14:11:34.6483100Z ◇ Test "weights without a voice are not installed" started.
swift build & test (macOS)	Test (the suite, minus the hammer)	2026-09-29T14:11:34.6483900Z ◇ Test "a truncated weight file is not installed, however present it looks" started.
swift build & test (macOS)	Test (the suite, minus the hammer)	2026-09-29T14:11:34.6484420Z ◇ Test "a directory with a space in its name is still checked correctly" started.
swift build & test (macOS)	Test (the suite, minus the hammer)	2026-09-29T14:11:34.6484870Z ◇ Test "damage is reported, a not-yet-built cast is not" started.
swift build & test (macOS)	Test (the suite, minus the hammer)	2026-09-29T14:11:34.6485240Z ◇ Test "an empty directory is not installed" started.
swift build & test (macOS)	Test (the suite, minus the hammer)	2026-09-29T14:11:34.6485850Z ◇ Test "fp16 is not installed until the cast copy exists" started.
swift build & test (macOS)	Test (the suite, minus the hammer)	2026-09-29T14:11:34.6486190Z ◇ Test "each precision has its own file" started.
swift build & test (macOS)	Test (the suite, minus the hammer)	2026-09-29T14:11:34.6486530Z ◇ Test "an incomplete download names both sizes" started.
swift build & test (macOS)	Test (the suite, minus the hammer)	2026-09-29T14:11:34.6487110Z ◇ Test "fp32 is installed as soon as both downloads are whole" started.
swift build & test (macOS)	Test (the suite, minus the hammer)	2026-09-29T14:11:34.6490410Z ◇ Test "a failure re-seeds the next turn from the memory, and the trace says why (AC-307)" started.
swift build & test (macOS)	Test (the suite, minus the hammer)	2026-09-29T14:11:34.6490940Z ◇ Test "a real reading reports both a number and that it is measuring" started.
swift build & test (macOS)	Test (the suite, minus the hammer)	2026-09-29T14:11:34.6491440Z ◇ Test "exhausted and unavailable are never the same answer" started.
swift build & test (macOS)	Test (the suite, minus the hammer)	2026-09-29T14:11:34.6491920Z ◇ Test "every unavailable reason is distinct — a caller can tell them apart" started.
swift build & test (macOS)	Test (the suite, minus the hammer)	2026-09-29T14:11:34.6492350Z ◇ Test "on this Mac the reader refuses to invent a number" started.
swift build & test (macOS)	Test (the suite, minus the hammer)	2026-09-29T14:11:34.6492820Z ◇ Test "the REAL model calls `session` and its reply carries the session's numbers" started.
swift build & test (macOS)	Test (the suite, minus the hammer)	2026-09-29T14:11:34.6493290Z ◇ Test "enough audio queued starts playback" started.
swift build & test (macOS)	Test (the suite, minus the hammer)	2026-09-29T14:11:34.6493740Z ◇ Test "an abandoned reply starts nothing, before or after the target" started.
swift build & test (macOS)	Test (the suite, minus the hammer)	2026-09-29T14:11:34.6494730Z ◇ Test "playback starts exactly once, however much more arrives" started.
swift build & test (macOS)	Test (the suite, minus the hammer)	2026-09-29T14:11:34.6495320Z ◇ Test "a decoding failure and an unsupported guide are .engine — the honest rest" started.
swift build & test (macOS)	Test (the suite, minus the hammer)	2026-09-29T14:11:34.6497250Z ◇ Test "a caller can COUNT: two scripted .busy runs are two" started.
swift build & test (macOS)	Test (the suite, minus the hammer)	2026-09-29T14:11:34.6500270Z ◇ Test "a reply that ends before the lead still plays" started.
swift build & test (macOS)	Test (the suite, minus the hammer)	2026-09-29T14:11:34.6501010Z ◇ Test "the exact boundary starts — the target is a floor, not a fence" started.
swift build & test (macOS)	Test (the suite, minus the hammer)	2026-09-29T14:11:34.6501780Z ◇ Test "the end of the reply cannot re-start an already-playing reply" started.
swift build & test (macOS)	Test (the suite, minus the hammer)	2026-09-29T14:11:34.6502350Z ◇ Test "empty audio moves nothing" started.
swift build & test (macOS)	Test (the suite, minus the hammer)	2026-09-29T14:11:34.6502830Z ◇ Test "below the target waits, however many buffers arrive" started.
swift build & test (macOS)	Test (the suite, minus the hammer)	2026-09-29T14:11:34.6503210Z ◇ Test "a decoder that keeps ahead needs no lead at all" started.
swift build & test (macOS)	Test (the suite, minus the hammer)	2026-09-29T14:11:34.6503540Z ◇ Test "a silent reply starts nothing" started.
swift build & test (macOS)	Test (the suite, minus the hammer)	2026-09-29T14:11:34.6503950Z ◇ Test "stop() ends the conversation's memory (F-4 = A)" started.
swift build & test (macOS)	Test (the suite, minus the hammer)	2026-09-29T14:11:34.6504480Z ◇ Test "Barge-in during speaking: defiant synthesizer's late 'finished' cannot complete the dead turn" started.
swift build & test (macOS)	Test (the suite, minus the hammer)	2026-09-29T14:11:34.6515870Z ◇ Test "THE MILESTONE: a thought spoken in two sentences reaches the generator whole" started.
swift build & test (macOS)	Test (the suite, minus the hammer)	2026-09-29T14:11:34.6519230Z ◇ Test "A stale final during the gate is dropped at the door; the armed reply survives it" started.
swift build & test (macOS)	Test (the suite, minus the hammer)	2026-09-29T14:11:34.6520580Z ◇ Test "Lifecycle negative space: a second run() returns at once; stop() is idempotent; after stop the state is idle and listeners finish immediately" started.
swift build & test (macOS)	Test (the suite, minus the hammer)	2026-09-29T14:11:34.6521490Z ◇ Test "CRITICAL: a synthesizer that throws AFTER an interruption must not fail the turn twice" started.
swift build & test (macOS)	Test (the suite, minus the hammer)	2026-09-29T14:11:34.6522250Z ◇ Test "A final arriving BEFORE its own speechStarted waits, then drives the turn; a duplicate final is dropped at the door" started.
swift build & test (macOS)	Test (the suite, minus the hammer)	2026-09-29T14:11:34.6523030Z ◇ Test "A synthesizer failure mid-speech ends the turn; the reply run AND the mouth are cancelled" started.
swift build & test (macOS)	Test (the suite, minus the hammer)	2026-09-29T14:11:34.6523600Z ◇ Test "THE MILESTONE: the second turn is shown the first, in roles (AC-190/AC-191)" started.
swift build & test (macOS)	Test (the suite, minus the hammer)	2026-09-29T14:11:34.6527650Z ◇ Test "a zero target reproduces the un-buffered behaviour exactly" started.
swift build & test (macOS)	Test (the suite, minus the hammer)	2026-09-29T14:11:34.6528430Z ◇ Test "A stale settled final never opens thinking; a future final waits for its onset — identity decides, deterministically" started.
swift build & test (macOS)	Test (the suite, minus the hammer)	2026-09-29T14:11:34.6529300Z ◇ Test "A barge moves the thought into the conversation, not into the next question (D-089)" started.
swift build & test (macOS)	Test (the suite, minus the hammer)	2026-09-29T14:11:34.6530050Z ◇ Test "Turn latency = final accepted → the started evidence: exact on a manual clock" started.
swift build & test (macOS)	Test (the suite, minus the hammer)	2026-09-29T14:11:34.6530690Z ◇ Test "clearMemory() forgets the past and leaves the thought alone" started.
swift build & test (macOS)	Test (the suite, minus the hammer)	2026-09-29T14:11:34.6531420Z ◇ Test "Input exhaustion ends the loop gracefully: run() returns and listeners finish, no stop() needed" started.
swift build & test (macOS)	Test (the suite, minus the hammer)	2026-09-29T14:11:34.6532160Z ◇ Test "a failed turn is never remembered, and keeps its words (AC-194)" started.
swift build & test (macOS)	Test (the suite, minus the hammer)	2026-09-29T14:11:34.6532910Z ◇ Test "An interruption ends the live turn like a failure — not a barge" started.
swift build & test (macOS)	Test (the suite, minus the hammer)	2026-09-29T14:11:34.6533450Z ◇ Test "A final STASHED before an interruption is not replayed after resume" started.
swift build & test (macOS)	Test (the suite, minus the hammer)	2026-09-29T14:11:34.6538580Z ◇ Test "Barge-in during thinking, before any token: the dead turn's ghost tokens never surface" started.
swift build & test (macOS)	Test (the suite, minus the hammer)	2026-09-29T14:11:34.6540630Z ◇ Test "The app's context bound reaches the ledger and drops the oldest through the loop" started.
swift build & test (macOS)	Test (the suite, minus the hammer)	2026-09-29T14:11:34.6541800Z ◇ Test "An empty final is NOT rescued into a reply by a full ledger (AC-87)" started.
swift build & test (macOS)	Test (the suite, minus the hammer)	2026-09-29T14:11:34.6542320Z ◇ Test "Rapid double barge: two dead turns, the third completes; exact event sequence" started.
swift build & test (macOS)	Test (the suite, minus the hammer)	2026-09-29T14:11:34.6542900Z ◇ Test "REGRESSION: a final that beat its own onset is answered ONCE, never twice" started.
swift build & test (macOS)	Test (the suite, minus the hammer)	2026-09-29T14:11:34.6543440Z ◇ Test "A whitespace-only final produces no reply: back to idle, generator untouched" started.
swift build & test (macOS)	Test (the suite, minus the hammer)	2026-09-29T14:11:34.6543990Z ◇ Test "A generator failure ends the turn, not the coordinator; the next turn runs clean" started.
swift build & test (macOS)	Test (the suite, minus the hammer)	2026-09-29T14:11:34.6544540Z ◇ Test "A completed reply forgets the thought; the next turn starts clean (AC-89)" started.
swift build & test (macOS)	Test (the suite, minus the hammer)	2026-09-29T14:11:34.6545100Z ◇ Test "The gate holds the generator shut, then expiry opens thinking at the exact instant" started.
swift build & test (macOS)	Test (the suite, minus the hammer)	2026-09-29T14:11:34.6545610Z ◇ Test "The context bound is the app's number, and its default is stated" started.
swift build & test (macOS)	Test (the suite, minus the hammer)	2026-09-29T14:11:34.6546120Z ◇ Test "A pre-interruption final arriving AFTER resume must not rejoin the thought" started.
swift build & test (macOS)	Test (the suite, minus the hammer)	2026-09-29T14:11:34.6546880Z ◇ Test "MEMBERSHIP (AC-86): partials, ceilings and failures put nothing in the thought" started.
swift build & test (macOS)	Test (the suite, minus the hammer)	2026-09-29T14:11:34.6547580Z ◇ Test "The synthesizer refuses to open: turnFailed with the reason, the reply run is cancelled, the next turn runs clean" started.
swift build & test (macOS)	Test (the suite, minus the hammer)	2026-09-29T14:11:34.6548220Z ◇ Test "the sizing rule covers a measured deficit" started.
swift build & test (macOS)	Test (the suite, minus the hammer)	2026-09-29T14:11:34.6548770Z ◇ Test "A reply that fails MID-STREAM while speaking: turnFailed, the mouth is cancelled, the next turn runs clean" started.
swift build & test (macOS)	Test (the suite, minus the hammer)	2026-09-29T14:11:34.6558660Z ◇ Test "THE DESYNC REGRESSION (D-034): an onset this listener never saw cannot corrupt later turns" started.
swift build & test (macOS)	Test (the suite, minus the hammer)	2026-09-29T14:11:34.6567530Z ◇ Test "Interrupting while idle publishes nothing at all" started.
swift build & test (macOS)	Test (the suite, minus the hammer)	2026-09-29T14:11:34.6569030Z ◇ Test "One full turn: listening → thinking → speaking → idle, tokens included, exact sequence" started.
swift build & test (macOS)	Test (the suite, minus the hammer)	2026-09-29T14:11:34.6571460Z ◇ Test "stop() during the gate: clean end, no generator, no sleeping child left behind" started.
swift build & test (macOS)	Test (the suite, minus the hammer)	2026-09-29T14:11:34.6573060Z ◇ Test "A ZERO-TOKEN reply also forgets the thought — F-2's second clear site" started.
swift build & test (macOS)	Test (the suite, minus the hammer)	2026-09-29T14:11:34.6574390Z ◇ Test "run() returns after an interruption even when the inputs ended first" started.
swift build & test (macOS)	Test (the suite, minus the hammer)	2026-09-29T14:11:34.6575590Z ◇ Test "a barge before the first token loses nothing (F-5 = A)" started.
swift build & test (macOS)	Test (the suite, minus the hammer)	2026-09-29T14:11:34.6576720Z ◇ Test "completion forgets and remembers in the same step (AC-195)" started.
swift build & test (macOS)	Test (the suite, minus the hammer)	2026-09-29T14:11:34.6578100Z ◇ Test "An onset during the gate kills the pending reply silently; the next final gates again" started.
swift build & test (macOS)	Test (the suite, minus the hammer)	2026-09-29T14:11:34.6582700Z ◇ Test "Barge-in MID-GENERATION: tokens flowing, mouth open but still silent — both runs die; a ghost 'started' cannot flip the new turn" started.
swift build & test (macOS)	Test (the suite, minus the hammer)	2026-09-29T14:11:34.6583730Z ◇ Test "A reply that finishes with zero tokens completes the turn; speaking never happens" started.
swift build & test (macOS)	Test (the suite, minus the hammer)	2026-09-29T14:11:34.6584370Z ◇ Test "A defiant token AFTER the reply finished is dropped: not published, not fed to the mouth" started.
swift build & test (macOS)	Test (the suite, minus the hammer)	2026-09-29T14:11:34.6585240Z ◇ Test "the coordinator passes the default options (AC-231)" started.
swift build & test (macOS)	Test (the suite, minus the hammer)	2026-09-29T14:11:34.6585750Z ◇ Test "a reply of no tokens is answered, and not remembered" started.
swift build & test (macOS)	Test (the suite, minus the hammer)	2026-09-29T14:11:34.6586270Z ◇ Test "The interrupted thought SURVIVES — nothing answered it (D-040 F-2 inherited)" started.
swift build & test (macOS)	Test (the suite, minus the hammer)	2026-09-29T14:11:34.6586840Z ◇ Test "Every adjacent state pair across a multi-turn run is in the legal table" started.
swift build & test (macOS)	Test (the suite, minus the hammer)	2026-09-29T14:11:34.6587400Z ◇ Test "stop() mid-accumulation ends clean and publishes nothing after (AC-90)" started.
swift build & test (macOS)	Test (the suite, minus the hammer)	2026-09-29T14:11:34.6587940Z ◇ Test "an interruption keeps the conversation and drops the thought (AC-196)" started.
swift build & test (macOS)	Test (the suite, minus the hammer)	2026-09-29T14:11:34.6588600Z ◇ Test "The user's utterance itself fails to become text: the turn ends as transcriptionFailed, the loop lives on" started.
swift build & test (macOS)	Test (the suite, minus the hammer)	2026-09-29T14:11:34.6589310Z ◇ Test "stop() mid-speaking: streams finish, both stage runs are cancelled, nothing publishes after" started.
swift build & test (macOS)	Test (the suite, minus the hammer)	2026-09-29T14:11:34.6589940Z ◇ Test "resume() forgets the thought — a call is a break in the conversation (F-5)" started.
swift build & test (macOS)	Test (the suite, minus the hammer)	2026-09-29T14:11:34.6590510Z ◇ Test "A dead turn cannot speak after an interruption — defiant stages included" started.
swift build & test (macOS)	Test (the suite, minus the hammer)	2026-09-29T14:11:34.6591300Z ◇ Test "The default gate is zero — 4a byte for byte (the untouched suite is the proof; this pins the default)" started.
swift build & test (macOS)	Test (the suite, minus the hammer)	2026-09-29T14:11:34.6593450Z ◇ Test "An onset one tick before expiry wins the race" started.
swift build & test (macOS)	Test (the suite, minus the hammer)	2026-09-29T14:11:34.6595060Z ◇ Test "Cancel latency is exactly zero in mock time — teardown has no clock waits; a dead turn reports nothing" started.
swift build & test (macOS)	Test (the suite, minus the hammer)	2026-09-29T14:11:34.6597690Z ◇ Test "A failed turn keeps its words — nothing answered them (AC-89)" started.
swift build & test (macOS)	Test (the suite, minus the hammer)	2026-09-29T14:11:34.6598290Z ◇ Test "zero window is the old behaviour — the first onset kills the reply" started.
swift build & test (macOS)	Test (the suite, minus the hammer)	2026-09-29T14:11:34.6598740Z ◇ Test "a 480 ms burst — the echo's exact fingerprint — does NOT barge" started.
swift build & test (macOS)	Test (the suite, minus the hammer)	2026-09-29T14:11:34.6600430Z ◇ Test "CRITICAL: a generator that throws AFTER an interruption must not fail the turn twice" started.
swift build & test (macOS)	Test (the suite, minus the hammer)	2026-09-29T14:11:34.6601040Z ◇ Test "the measured window cannot swallow the shortest real utterance" started.
swift build & test (macOS)	Test (the suite, minus the hammer)	2026-09-29T14:11:34.6601570Z ◇ Test "a leak that ended cannot barge later on somebody else's audio" started.
swift build & test (macOS)	Test (the suite, minus the hammer)	2026-09-29T14:11:34.6602040Z ◇ Test "just over the window barges — it opens, it does not merely delay" started.
swift build & test (macOS)	Test (the suite, minus the hammer)	2026-09-29T14:11:34.6602590Z ◇ Test "a 1160 ms utterance — the shortest real one ever logged — DOES barge" started.
swift build & test (macOS)	Test (the suite, minus the hammer)	2026-09-29T14:11:34.6603030Z ◇ Test "one final, then silence, then the stream ends" started.
swift build & test (macOS)	Test (the suite, minus the hammer)	2026-09-29T14:11:34.6603550Z ◇ Test "The refused final contributes content and still triggers nothing (AC-87)" started.
swift build & test (macOS)	Test (the suite, minus the hammer)	2026-09-29T14:11:34.6604050Z ◇ Test "partials come before the final, never after" started.
swift build & test (macOS)	Test (the suite, minus the hammer)	2026-09-29T14:11:34.6604430Z ◇ Test "just under the window does not barge" started.
swift build & test (macOS)	Test (the suite, minus the hammer)	2026-09-29T14:11:34.6605640Z ◇ Test "the way back: a whole number is an int, the rest are themselves, containers recurse" started.
swift build & test (macOS)	Test (the suite, minus the hammer)	2026-09-29T14:11:34.6606160Z ◇ Test "a call with no arguments is a request with none — the spike's read" started.
swift build & test (macOS)	Test (the suite, minus the hammer)	2026-09-29T14:11:34.6606860Z ◇ Test "each JSON kind becomes its ToolValue: numbers to .number, containers carried for the door to refuse" started.
swift build & test (macOS)	Test (the suite, minus the hammer)	2026-09-29T14:11:34.6607410Z ◇ Test "cancel ends the stream without a final" started.
swift build & test (macOS)	Test (the suite, minus the hammer)	2026-09-29T14:11:34.6607830Z ◇ Test "the vendor's ToolCall becomes the seam's request, name kept, arguments typed" started.
swift build & test (macOS)	Test (the suite, minus the hammer)	2026-09-29T14:11:34.6614770Z ◇ Test "84 as an int and 84.0 as a double are one value (F-13 b)" started.
swift build & test (macOS)	Test (the suite, minus the hammer)	2026-09-29T14:11:34.6617120Z ◇ Test emptyChunkIsIgnored() started.
swift build & test (macOS)	Test (the suite, minus the hammer)	2026-09-29T14:11:34.6617860Z ◇ Test firstLoudChunkStartsSpeech() started.
swift build & test (macOS)	Test (the suite, minus the hammer)	2026-09-29T14:11:34.6618310Z ◇ Test subWindowBurstProducesNothingEver() started.
swift build & test (macOS)	Test (the suite, minus the hammer)	2026-09-29T14:11:34.6618650Z ◇ Test fullConversationSequence() started.
swift build & test (macOS)	Test (the suite, minus the hammer)	2026-09-29T14:11:34.6618980Z ◇ Test quietKillsTheCandidate() started.
swift build & test (macOS)	Test (the suite, minus the hammer)	2026-09-29T14:11:34.6619300Z ◇ Test defaultWindowIsZeroAndOff() started.
swift build & test (macOS)	Test (the suite, minus the hammer)	2026-09-29T14:11:34.6619930Z ◇ Test oneBigChunkCompletesTheWindowAlone() started.
swift build & test (macOS)	Test (the suite, minus the hammer)	2026-09-29T14:11:34.6622310Z ◇ Test fullSequenceWithTransientsAroundARealWord() started.
swift build & test (macOS)	Test (the suite, minus the hammer)	2026-09-29T14:11:34.6623420Z ◇ Test hangoverIsUntouchedByTheWindow() started.
swift build & test (macOS)	Test (the suite, minus the hammer)	2026-09-29T14:11:34.6624370Z ◇ Test onsetBoundaryIsExact() started.
swift build & test (macOS)	Test (the suite, minus the hammer)	2026-09-29T14:11:34.6625520Z ◇ Test shortGapInsideHangoverKeepsSpeaking() started.
swift build & test (macOS)	Test (the suite, minus the hammer)	2026-09-29T14:11:34.6628800Z ◇ Test silenceProducesNothing() started.
swift build & test (macOS)	Test (the suite, minus the hammer)	2026-09-29T14:11:34.6629270Z ◇ Test hangoverBoundaryIsExact() started.
swift build & test (macOS)	Test (the suite, minus the hammer)	2026-09-29T14:11:34.6629570Z ◇ Test loudChunkResetsTheHangoverBudget() started.
swift build & test (macOS)	Test (the suite, minus the hammer)	2026-09-29T14:11:34.6630300Z ◇ Test exactThresholdCountsAsLoud() started.
swift build & test (macOS)	Test (the suite, minus the hammer)	2026-09-29T14:11:34.6630970Z ◇ Test "forget empties the window — no lengths survive a decoder change" started.
swift build & test (macOS)	Test (the suite, minus the hammer)	2026-09-29T14:11:34.6632630Z ◇ Test "a long reply raises the cushion, and four short ones retire it" started.
swift build & test (macOS)	Test (the suite, minus the hammer)	2026-09-29T14:11:34.6633470Z ◇ Test "the RTF stays latest-wins while the length is windowed" started.
swift build & test (macOS)	Test (the suite, minus the hammer)	2026-09-29T14:11:34.6634600Z ◇ Test "the reply's LENGTH reaches the window — the assertion §48 was missing" started.
swift build & test (macOS)	Test (the suite, minus the hammer)	2026-09-29T14:11:34.6636200Z ◇ Test "the window is the MEAN of the last four lengths" started.
swift build & test (macOS)	Test (the suite, minus the hammer)	2026-09-29T14:11:34.6637700Z ◇ Test "a complete download writes manifest.json listing every file at its byte count" started.
swift build & test (macOS)	Test (the suite, minus the hammer)	2026-09-29T14:11:34.6639450Z ◇ Test "a .tooHot door fails the turn honestly; the next turn runs clean; memory is not poisoned" started.
swift build & test (macOS)	Test (the suite, minus the hammer)	2026-09-29T14:11:34.6641310Z ◇ Test "an injected policy is the one asked, and the refusal carries the state it saw" started.
swift build & test (macOS)	Test (the suite, minus the hammer)	2026-09-29T14:11:34.6642690Z ◇ Test "the refusal is one typed case a caller can count" started.
swift build & test (macOS)	Test (the suite, minus the hammer)	2026-09-29T14:11:34.6644160Z ◇ Test "the public constructor's defaults are the system thermometer and the shipped policy" started.
swift build & test (macOS)	Test (the suite, minus the hammer)	2026-09-29T14:11:34.6645910Z ◇ Test "the thermometer is read every time — a phone that cools is admitted on the next turn" started.
swift build & test (macOS)	Test (the suite, minus the hammer)	2026-09-29T14:11:34.6647670Z ◇ Test "heat is asked before readiness: a hot phone with no weights hears .tooHot, not .unavailable" started.
swift build & test (macOS)	Test (the suite, minus the hammer)	2026-09-29T14:11:34.6649340Z ◇ Test "the default policy opens at nominal, fair and serious, and refuses at critical" started.
swift build & test (macOS)	Test (the suite, minus the hammer)	2026-09-29T14:11:34.6650830Z ◇ Test "both variants resolve to the SAME tokenizer folder" started.
swift build & test (macOS)	Test (the suite, minus the hammer)	2026-09-29T14:11:34.6651960Z ◇ Test "the folder ends in the vendor's constant, quoted" started.
swift build & test (macOS)	Test (the suite, minus the hammer)	2026-09-29T14:11:34.6653430Z ◇ Test "the core door hands the tag through untouched — the escape is the MLX seam's alone" started.
swift build & test (macOS)	Test (the suite, minus the hammer)	2026-09-29T14:11:34.6658920Z ◇ Test "the text handed to the MLX chat for such a result carries no closing tag — the bytes are pinned" started.
swift build & test (macOS)	Test (the suite, minus the hammer)	2026-09-29T14:11:34.6661340Z ◇ Test "the pure function: only the closing tag is touched; text without it is unchanged; every occurrence goes" started.
swift build & test (macOS)	Test (the suite, minus the hammer)	2026-09-29T14:11:34.6663490Z ◇ Test "a temperature alone is passed through, and sampling stays the vendor's" started.
swift build & test (macOS)	Test (the suite, minus the hammer)	2026-09-29T14:11:34.6666150Z ◇ Test "the default budget is 1024 — set even when the caller says nothing (AC-233, F-6 = A)" started.
swift build & test (macOS)	Test (the suite, minus the hammer)	2026-09-29T14:11:34.6667470Z ◇ Test "a seed is .random(top: 50, seed:) (AC-234)" started.
swift build & test (macOS)	Test (the suite, minus the hammer)	2026-09-29T14:11:34.6668820Z ◇ Test "temperature 0 beside a seed: greedy wins — there is no randomness to seed" started.
swift build & test (macOS)	Test (the suite, minus the hammer)	2026-09-29T14:11:34.6670300Z ◇ Test "a thrown tool's words are escaped the same way" started.
swift build & test (macOS)	Test (the suite, minus the hammer)	2026-09-29T14:11:34.6672690Z ◇ Test "a per-call budget reaches maximumResponseTokens (AC-233)" started.
swift build & test (macOS)	Test (the suite, minus the hammer)	2026-09-29T14:11:34.6674400Z ◇ Test "the whole options struct travels to the source untouched (AC-231's seam, read here)" started.
swift build & test (macOS)	Test (the suite, minus the hammer)	2026-09-29T14:11:34.6676360Z ◇ Test "temperature 0 is .greedy (AC-234)" started.
swift build & test (macOS)	Test (the suite, minus the hammer)	2026-09-29T14:11:34.6677910Z ◇ Test "a bad per-call table throws ReplyFailure.engine with the typed error's words from openReply; no run opens" started.
swift build & test (macOS)	Test (the suite, minus the hammer)	2026-09-29T14:11:34.6679950Z ◇ Test "no per-call instructions: the generator's own are used (AC-232)" started.
swift build & test (macOS)	Test (the suite, minus the hammer)	2026-09-29T14:11:34.6681480Z ◇ Test "a clean default table builds: .empty, and a tool with parameters" started.
swift build & test (macOS)	Test (the suite, minus the hammer)	2026-09-29T14:11:34.6683170Z ◇ Test "a bad default table throws the typed error from the generator's init — internal seam and public door" started.
swift build & test (macOS)	Test (the suite, minus the hammer)	2026-09-29T14:11:34.6684720Z ◇ Test "a clean per-call table opens a run as before" started.
swift build & test (macOS)	Test (the suite, minus the hammer)	2026-09-29T14:11:34.6689230Z ◇ Test "a bad per-call table is refused before the heat and the verdict: critical and absent hear the table's error" started.
swift build & test (macOS)	Test (the suite, minus the hammer)	2026-09-29T14:11:34.6691390Z ◇ Test "the configurations that never starved all read keepsUp" started.
swift build & test (macOS)	Test (the suite, minus the hammer)	2026-09-29T14:11:34.6725290Z ◇ Test "exactly real time is not keeping up" started.
swift build & test (macOS)	Test (the suite, minus the hammer)	2026-09-29T14:11:34.6727070Z ◇ Test "the configurations that DID starve all read not-keepsUp" started.
swift build & test (macOS)	Test (the suite, minus the hammer)	2026-09-29T14:11:34.6728130Z ◇ Test "a decode can keep up on average and still have needed a cushion" started.
swift build & test (macOS)	Test (the suite, minus the hammer)	2026-09-29T14:11:34.6728820Z ◇ Test "one final, then silence, then the stream ends (model required; skips if absent)" started.
swift build & test (macOS)	Test (the suite, minus the hammer)	2026-09-29T14:11:34.6730100Z ◇ Test "the app's listeners are open before any loop publishes (AC-202)" started.
swift build & test (macOS)	Test (the suite, minus the hammer)	2026-09-29T14:11:34.6731630Z ◇ Test "per-call instructions replace the generator's own (AC-232)" started.
swift build & test (macOS)	Test (the suite, minus the hammer)	2026-09-29T14:11:34.6733140Z ◇ Test "other writing systems are speakable" started.
swift build & test (macOS)	Test (the suite, minus the hammer)	2026-09-29T14:11:34.6734140Z ◇ Test "digits are speakable — a number is a word out loud" started.
swift build & test (macOS)	Test (the suite, minus the hammer)	2026-09-29T14:11:34.6735370Z ◇ Test "whitespace alone is not speakable — the case that hung the suite" started.
swift build & test (macOS)	Test (the suite, minus the hammer)	2026-09-29T14:11:34.6736860Z ◇ Test "a reply that ends before its deadline leaves NO sleeper on the clock" started.
swift build & test (macOS)	Test (the suite, minus the hammer)	2026-09-29T14:11:34.6738610Z ◇ Test "a reply that never finishes ends .finished(.deadline) with the tokens so far when the clock reaches 200 ms" started.
swift build & test (macOS)	Test (the suite, minus the hammer)	2026-09-29T14:11:34.6741160Z ◇ Test "punctuation alone is not speakable" started.
swift build & test (macOS)	Test (the suite, minus the hammer)	2026-09-29T14:11:34.6741540Z ◇ Test "with no deadline the run arms nothing on the clock" started.
swift build & test (macOS)	Test (the suite, minus the hammer)	2026-09-29T14:11:34.6742140Z ◇ Test "reply(to:) returns the partial text with stop == .deadline — a stop reason, not a failure" started.
swift build & test (macOS)	Test (the suite, minus the hammer)	2026-09-29T14:11:34.6743990Z ◇ Test "a cancel before the deadline ends with no terminal and no sleeper" started.
swift build & test (macOS)	Test (the suite, minus the hammer)	2026-09-29T14:11:34.6745470Z ◇ Test "a token the source yields after the deadline is never heard" started.
swift build & test (macOS)	Test (the suite, minus the hammer)	2026-09-29T14:11:34.6747420Z ◇ Test "an absent model's verdict is typed, and the door throws it as ReplyFailure.unavailable" started.
swift build & test (macOS)	Test (the suite, minus the hammer)	2026-09-29T14:11:34.6749180Z ◇ Test "the door's needs are the platform's floor and NO memory claim" started.
swift build & test (macOS)	Test (the suite, minus the hammer)	2026-09-29T14:11:34.6750630Z ◇ Test "a RESIDENT model claims no memory, and retire() gives the claim back" started.
swift build & test (macOS)	Test (the suite, minus the hammer)	2026-09-29T14:11:34.6752110Z ◇ Test "a memory-tight phone that has not loaded yet still opens the door" started.
swift build & test (macOS)	Test (the suite, minus the hammer)	2026-09-29T14:11:34.6753520Z ◇ Test "a verdict's words never say Simulator on a machine that is not one" started.
swift build & test (macOS)	Test (the suite, minus the hammer)	2026-09-29T14:11:34.6755040Z ◇ Test "the working-set estimate is 0 for absent weights — no claim on a number we do not have" started.
swift build & test (macOS)	Test (the suite, minus the hammer)	2026-09-29T14:11:34.6757970Z ◇ Test "the working-set estimate saturates instead of trapping, like the manifest's own sum" started.
swift build & test (macOS)	Test (the suite, minus the hammer)	2026-09-29T14:11:34.6759690Z ◇ Test "the working-set estimate is the safetensors bytes × 1.5 — the measured phone peaks" started.
swift build & test (macOS)	Test (the suite, minus the hammer)	2026-09-29T14:11:34.6761020Z ◇ Test "a report that trips two rules gets the first one" started.
swift build & test (macOS)	Test (the suite, minus the hammer)	2026-09-29T14:11:34.6762090Z ◇ Test "only the Simulator verdict says Simulator" started.
swift build & test (macOS)	Test (the suite, minus the hammer)	2026-09-29T14:11:34.6763090Z ◇ Test "a mind that claims no memory is never refused for memory" started.
swift build & test (macOS)	Test (the suite, minus the hammer)	2026-09-29T14:11:34.6764380Z ◇ Test "an unknown headroom with a memory need is NOT a refusal" started.
swift build & test (macOS)	Test (the suite, minus the hammer)	2026-09-29T14:11:34.6765480Z ◇ Test "an unverified install counts as installed" started.
swift build & test (macOS)	Test (the suite, minus the hammer)	2026-09-29T14:11:34.6767120Z ◇ Test "the floor is rendered with the report's platform name" started.
swift build & test (macOS)	Test (the suite, minus the hammer)	2026-09-29T14:11:34.6768130Z ◇ Test "versions compare as numbers, not as words" started.
swift build & test (macOS)	Test (the suite, minus the hammer)	2026-09-29T14:11:34.6769070Z ◇ Test "headroom exactly equal to the need is enough" started.
swift build & test (macOS)	Test (the suite, minus the hammer)	2026-09-29T14:11:34.6770180Z ◇ Test "every verdict, one row each, and the healthy phone is ready" started.
swift build & test (macOS)	Test (the suite, minus the hammer)	2026-09-29T14:11:34.6771490Z ◇ Test "the platform knows both floors: the library's and the Apple mind's" started.
swift build & test (macOS)	Test (the suite, minus the hammer)	2026-09-29T14:11:34.6773180Z ◇ Test "cancel ends the stream without a final (model required; skips if absent)" started.
swift build & test (macOS)	Test (the suite, minus the hammer)	2026-09-29T14:11:34.6774300Z ◇ Test "ten turns, one session (AC-303)" started.
swift build & test (macOS)	Test (the suite, minus the hammer)	2026-09-29T14:11:34.6775420Z ◇ Test "Input ending mid-decode still delivers the final, then run() returns" started.
swift build & test (macOS)	Test (the suite, minus the hammer)	2026-09-29T14:11:34.6776880Z ◇ Test "stop() cancels settling batch runs; nothing is published after" started.
swift build & test (macOS)	Test (the suite, minus the hammer)	2026-09-29T14:11:34.6778270Z ◇ Test "written run: started once, finished once, in order (MMK_LIVE_SYNTH=1)" started.
swift build & test (macOS)	Test (the suite, minus the hammer)	2026-09-29T14:11:34.6784180Z ◇ Test "A batch final arriving after the next utterance began is published, tagged with its own utterance" started.
swift build & test (macOS)	Test (the suite, minus the hammer)	2026-09-29T14:11:34.6786070Z ◇ Test "one entry per step, carrying the audio that step produced" started.
swift build & test (macOS)	Test (the suite, minus the hammer)	2026-09-29T14:11:34.6787370Z ◇ Test "The ceiling truncates a feeding batch run; its final still arrives" started.
swift build & test (macOS)	Test (the suite, minus the hammer)	2026-09-29T14:11:34.6788620Z ◇ Test "a 0 Hz format is refused by name, not by crashing" started.
swift build & test (macOS)	Test (the suite, minus the hammer)	2026-09-29T14:11:34.6789640Z ◇ Test "the microphone host still refuses when it is not capturing" started.
swift build & test (macOS)	Test (the suite, minus the hammer)	2026-09-29T14:11:34.6790290Z ◇ Test "a sane format passes the check — the guard is not simply always-no" started.
swift build & test (macOS)	Test (the suite, minus the hammer)	2026-09-29T14:11:34.6790980Z ◇ Test "the refusal carries the numbers, so a report says what was wrong" started.
swift build & test (macOS)	Test (the suite, minus the hammer)	2026-09-29T14:11:34.6791510Z ◇ Test "nil per-call instructions leave the source's own as the system message" started.
swift build & test (macOS)	Test (the suite, minus the hammer)	2026-09-29T14:11:34.6792090Z ◇ Test "nil on both sides is NO system message at all — the voice path, unchanged" started.
swift build & test (macOS)	Test (the suite, minus the hammer)	2026-09-29T14:11:34.6938380Z ◇ Test "the caller's per-call instruction is the system message — Aura's G1" started.
swift build & test (macOS)	Test (the suite, minus the hammer)	2026-09-29T14:11:34.6940930Z ◇ Test "between its markers the handler is the one hop: no await of its own, no MLX call, no work" started.
swift build & test (macOS)	Test (the suite, minus the hammer)	2026-09-29T14:11:34.6943080Z ◇ Test "the past arrives in roles, and a barged reply ends in the ellipsis" started.
swift build & test (macOS)	Test (the suite, minus the hammer)	2026-09-29T14:11:34.6944330Z ◇ Test "the model is the only subscriber in the module" started.
swift build & test (macOS)	Test (the suite, minus the hammer)	2026-09-29T14:11:34.6946120Z ◇ Test theBoundCountsPiecesNotRecords() started.
swift build & test (macOS)	Test (the suite, minus the hammer)	2026-09-29T14:11:34.6991290Z ◇ Test "the budget reaches maxTokens, and nothing else is invented" started.
swift build & test (macOS)	Test (the suite, minus the hammer)	2026-09-29T14:11:34.6991800Z ◇ Test theBoundDropsTheOldestAndKeepsSpokenOrder() started.
swift build & test (macOS)	Test (the suite, minus the hammer)	2026-09-29T14:11:34.6992260Z ◇ Test "temperature 0 travels as 0 — the greedy path, not a nil that becomes 0.6" started.
swift build & test (macOS)	Test (the suite, minus the hammer)	2026-09-29T14:11:34.6992780Z ◇ Test "temperature and seed reach the vendor when the caller gives them" started.
swift build & test (macOS)	Test (the suite, minus the hammer)	2026-09-29T14:11:34.6993260Z ◇ Test aLateOldPieceCannotEvictANewerOneItPredates() started.
swift build & test (macOS)	Test (the suite, minus the hammer)	2026-09-29T14:11:34.6993740Z ◇ Test oneUtteranceContributesOnce() started.
swift build & test (macOS)	Test (the suite, minus the hammer)	2026-09-29T14:11:34.6994160Z ◇ Test oneFinalIsExactlyItsOwnText() started.
swift build & test (macOS)	Test (the suite, minus the hammer)	2026-09-29T14:11:34.6994620Z ◇ Test textIsTrimmedAtTheEdgesAndJoinedBySingleSpaces() started.
swift build & test (macOS)	Test (the suite, minus the hammer)	2026-09-29T14:11:34.6995350Z ◇ Test clearForgetsEverything() started.
swift build & test (macOS)	Test (the suite, minus the hammer)	2026-09-29T14:11:34.7005410Z ◇ Test aRepeatedIdentityDoesNotReorderTheThought() started.
swift build & test (macOS)	Test (the suite, minus the hammer)	2026-09-29T14:11:34.7006600Z ◇ Test outOfOrderArrivalStillReadsInSpokenOrder() started.
swift build & test (macOS)	Test (the suite, minus the hammer)	2026-09-29T14:11:34.7007480Z ◇ Test whitespaceIsNotSpeech() started.
swift build & test (macOS)	Test (the suite, minus the hammer)	2026-09-29T14:11:34.7008180Z ◇ Test piecesJoinInSpokenOrder() started.
swift build & test (macOS)	Test (the suite, minus the hammer)	2026-09-29T14:11:34.7009090Z ◇ Test "no speech at all is refused rather than guessed" started.
swift build & test (macOS)	Test (the suite, minus the hammer)	2026-09-29T14:11:34.7009990Z ◇ Test "ordinary text is speakable" started.
swift build & test (macOS)	Test (the suite, minus the hammer)	2026-09-29T14:11:34.7014540Z ◇ Test "the gate always sits strictly below the speech it must pass" started.
swift build & test (macOS)	Test (the suite, minus the hammer)	2026-09-29T14:11:34.7016860Z ◇ Test "exactly the minimum ratio is accepted" started.
swift build & test (macOS)	Test (the suite, minus the hammer)	2026-09-29T14:11:34.7017830Z ◇ Test "a voice barely above the room cannot carry a gate" started.
swift build & test (macOS)	Test (the suite, minus the hammer)	2026-09-29T14:11:34.7018860Z ◇ Test "a perfectly silent room still yields a usable gate" started.
swift build & test (macOS)	Test (the suite, minus the hammer)	2026-09-29T14:11:34.7019950Z ◇ Test "the midpoint is geometric — equally clear of both mistakes" started.
swift build & test (macOS)	Test (the suite, minus the hammer)	2026-09-29T14:11:34.7021180Z ◇ Test "a quiet room and a normal voice put the gate between them" started.
swift build & test (macOS)	Test (the suite, minus the hammer)	2026-09-29T14:11:34.7022400Z ◇ Test "A late health listener hears only what comes next — no replay" started.
swift build & test (macOS)	Test (the suite, minus the hammer)	2026-09-29T14:11:34.7023530Z ◇ Test "Ring drops are mirrored exactly, where and as reported" started.
swift build & test (macOS)	Test (the suite, minus the hammer)	2026-09-29T14:11:34.7024550Z ◇ Test "Settling count publishes only on change" started.
swift build & test (macOS)	Test (the suite, minus the hammer)	2026-09-29T14:11:34.7025630Z ◇ Test "A slow listener's losses become visible to everyone else" started.
swift build & test (macOS)	Test (the suite, minus the hammer)	2026-09-29T14:11:34.7026880Z ◇ Test "The baseline is published on start, then every transition, in order" started.
swift build & test (macOS)	Test (the suite, minus the hammer)	2026-09-29T14:11:34.7028210Z ◇ Test "the door is asked EVERY time — weights can arrive between turns" started.
swift build & test (macOS)	Test (the suite, minus the hammer)	2026-09-29T14:11:34.7029800Z ◇ Test "a source that finishes AFTER the cancel still reports no terminal" started.
swift build & test (macOS)	Test (the suite, minus the hammer)	2026-09-29T14:11:34.7031090Z ◇ Test "promise 3 — nothing AFTER the cancel survives, gated defiance" started.
swift build & test (macOS)	Test (the suite, minus the hammer)	2026-09-29T14:11:34.7032400Z ◇ Test "an EMPTY token is never spoken — the incomplete-character case" started.
swift build & test (macOS)	Test (the suite, minus the hammer)	2026-09-29T14:11:34.7033680Z ◇ Test "the FIRST .stopped is terminal — a later token or reason is not heard" started.
swift build & test (macOS)	Test (the suite, minus the hammer)	2026-09-29T14:11:34.7034900Z ◇ Test "promise 5 — a failing generation is ONE .failed, terminal" started.
swift build & test (macOS)	Test (the suite, minus the hammer)	2026-09-29T14:11:34.7036180Z ◇ Test "the door's refusal describes itself in the verdict's honest words, undecorated" started.
swift build & test (macOS)	Test (the suite, minus the hammer)	2026-09-29T14:11:34.7037540Z ◇ Test "promise 4 — openReply hands off; generation never blocks the opener" started.
swift build & test (macOS)	Test (the suite, minus the hammer)	2026-09-29T14:11:34.7038750Z ◇ Test "promise 1 — tokens in birth order, then exactly one terminal" started.
swift build & test (macOS)	Test (the suite, minus the hammer)	2026-09-29T14:11:34.7039980Z ◇ Test "promise 2 — a cancelled reply ends its stream WITHOUT a terminal" started.
swift build & test (macOS)	Test (the suite, minus the hammer)	2026-09-29T14:11:34.7041390Z ◇ Test "stop() finishes every health stream; run() returns when the provider ends" started.
swift build & test (macOS)	Test (the suite, minus the hammer)	2026-09-29T14:11:34.7042600Z ◇ Test "no flags means base, untouched — lead stays derivable" started.
swift build & test (macOS)	Test (the suite, minus the hammer)	2026-09-29T14:11:34.7043740Z ◇ Test "the hint is stored as given, and absent by default" started.
swift build & test (macOS)	Test (the suite, minus the hammer)	2026-09-29T14:11:34.7045260Z ◇ Test "each voice reports its own levers, not the other's" started.
swift build & test (macOS)	Test (the suite, minus the hammer)	2026-09-29T14:11:34.7045770Z ◇ Test "when the picker and the built voice disagree, the voice wins" started.
swift build & test (macOS)	Test (the suite, minus the hammer)	2026-09-29T14:11:34.7046230Z ◇ Test "every lever reaches the voice that gets built" started.
swift build & test (macOS)	Test (the suite, minus the hammer)	2026-09-29T14:11:34.7046660Z ◇ Test "the small model parses with the token the phone persists" started.
swift build & test (macOS)	Test (the suite, minus the hammer)	2026-09-29T14:11:34.7048620Z ◇ Test "a measured cushion is labelled as measured, a typed one is not" started.
swift build & test (macOS)	Test (the suite, minus the hammer)	2026-09-29T14:11:34.7049210Z ◇ Test "the phone's default is not a decoder the phone cannot load" started.
swift build & test (macOS)	Test (the suite, minus the hammer)	2026-09-29T14:11:34.7049690Z ◇ Test "the model reaches the voice, and the display names it" started.
swift build & test (macOS)	Test (the suite, minus the hammer)	2026-09-29T14:11:34.7050080Z ◇ Test "the voice lever parses in both directions" started.
swift build & test (macOS)	Test (the suite, minus the hammer)	2026-09-29T14:11:34.7050530Z ◇ Test "the factory builds the voice the lever names" started.
swift build & test (macOS)	Test (the suite, minus the hammer)	2026-09-29T14:11:34.7051120Z ◇ Test "an unreadable number is refused, not shrugged into the default" started.
swift build & test (macOS)	Test (the suite, minus the hammer)	2026-09-29T14:11:34.7052150Z ◇ Test "every flag reaches the levers, in the app's own tokens" started.
swift build & test (macOS)	Test (the suite, minus the hammer)	2026-09-29T14:11:34.7052570Z ◇ Test "a voice that cannot keep up shows the cushion in milliseconds" started.
swift build & test (macOS)	Test (the suite, minus the hammer)	2026-09-29T14:11:34.7053030Z ◇ Test "--mouth is still not this lever's flag" started.
swift build & test (macOS)	Test (the suite, minus the hammer)	2026-09-29T14:11:34.7053390Z ◇ Test "the default voice is Kokoro, which is what D-084 ruled" started.
swift build & test (macOS)	Test (the suite, minus the hammer)	2026-09-29T14:11:34.7053800Z ◇ Test "an unknown voice is refused in our words, never guessed" started.
swift build & test (macOS)	Test (the suite, minus the hammer)	2026-09-29T14:11:34.7054180Z ◇ Test "a voice that keeps up says it needs no cushion" started.
swift build & test (macOS)	Test (the suite, minus the hammer)	2026-09-29T14:11:34.7054580Z ◇ Test "--decoder=banana is refused in our words, never silently .fused" started.
swift build & test (macOS)	Test (the suite, minus the hammer)	2026-09-29T14:11:34.7055240Z ◇ Test "CONTROL: .fused really does load here, so an iOS refusal means something" started.
swift build & test (macOS)	Test (the suite, minus the hammer)	2026-09-29T14:11:34.7055710Z ◇ Test "no lead given means the cushion is still derived, not zeroed" started.
swift build & test (macOS)	Test (the suite, minus the hammer)	2026-09-29T14:11:34.7056170Z ◇ Test "the refusal names the flag, the wrong value, and the allowed tokens" started.
swift build & test (macOS)	Test (the suite, minus the hammer)	2026-09-29T14:11:34.7056630Z ◇ Test "every unavailability reason describes itself in honest words" started.
swift build & test (macOS)	Test (the suite, minus the hammer)	2026-09-29T14:11:34.7057070Z ◇ Test "what is in force names every lever that was actually built" started.
swift build & test (macOS)	Test (the suite, minus the hammer)	2026-09-29T14:11:34.7057620Z ◇ Test "inside the band — the edges included — the body runs; a coerced text is checked against the band too" started.
swift build & test (macOS)	Test (the suite, minus the hammer)	2026-09-29T14:11:34.7073910Z ◇ Test "choosing Kokoro keeps Qwen's knobs untouched" started.
swift build & test (macOS)	Test (the suite, minus the hammer)	2026-09-29T14:11:34.7074740Z ◇ Test "an argument the tool never declared is stripped before the body and counted (F-7 C)" started.
swift build & test (macOS)	Test (the suite, minus the hammer)	2026-09-29T14:11:34.7075230Z ◇ Test "a band on an integer parameter is checked the same way" started.
swift build & test (macOS)	Test (the suite, minus the hammer)	2026-09-29T14:11:34.7075940Z ◇ Test "a clean table passes: four distinct parameters, a tool with none, the empty table, names apart by case" started.
swift build & test (macOS)	Test (the suite, minus the hammer)	2026-09-29T14:11:34.7076660Z ◇ Test "a required parameter absent: the body does not run, the model is told, the count says .missing" started.
swift build & test (macOS)	Test (the suite, minus the hammer)	2026-09-29T14:11:34.7077350Z ◇ Test "two tools with one name are not the check's business: the lookup rule already defines them" started.
swift build & test (macOS)	Test (the suite, minus the hammer)	2026-09-29T14:11:34.7078030Z ◇ Test "a value outside the declared band is refused before the body, told in words, and counted under its own name" started.
swift build & test (macOS)	Test (the suite, minus the hammer)	2026-09-29T14:11:34.7078710Z ◇ Test "two tables with one declaration and different bodies are equal; one parameter apart, not (F-13 c)" started.
swift build & test (macOS)	Test (the suite, minus the hammer)	2026-09-29T14:11:34.7079340Z ◇ Test ""7" for an integer and "true" for a boolean are coerced and counted; "7.5" for an integer is not" started.
swift build & test (macOS)	Test (the suite, minus the hammer)	2026-09-29T14:11:34.7079910Z ◇ Test "a thrown tool's own words reach the model verbatim (F-13 e) — under the same cap" started.
swift build & test (macOS)	Test (the suite, minus the hammer)	2026-09-29T14:11:34.7080460Z ◇ Test ""nan" and "inf" for a number parameter are refused (F-8 C closes the hole)" started.
swift build & test (macOS)	Test (the suite, minus the hammer)	2026-09-29T14:11:34.7081060Z ◇ Test "two parameters of one tool with one name: the check throws the typed error naming tool and parameter" started.
swift build & test (macOS)	Test (the suite, minus the hammer)	2026-09-29T14:11:34.7081700Z ◇ Test "a nested value for a .string parameter is wrong kind, counted (F-13 i) — a list and an object" started.
swift build & test (macOS)	Test (the suite, minus the hammer)	2026-09-29T14:11:34.7082230Z ◇ Test "null for a required parameter is absence, counted .missing (F-13 j)" started.
swift build & test (macOS)	Test (the suite, minus the hammer)	2026-09-29T14:11:34.7082720Z ◇ Test "the first offence in table order, then declaration order, is the one named" started.
swift build & test (macOS)	Test (the suite, minus the hammer)	2026-09-29T14:11:34.7083290Z ◇ Test "a value of a kind the parameter cannot read: refused as wrong kind, the body does not run" started.
swift build & test (macOS)	Test (the suite, minus the hammer)	2026-09-29T14:11:34.7083800Z ◇ Test "84.5 for an integer parameter is refused as wrong kind (F-13 b)" started.
swift build & test (macOS)	Test (the suite, minus the hammer)	2026-09-29T14:11:34.7084340Z ◇ Test ""84" for a number parameter reads 84, the body runs, and the coercion is counted (F-8 C)" started.
swift build & test (macOS)	Test (the suite, minus the hammer)	2026-09-29T14:11:34.7084970Z ◇ Test "84 parsed on the MLX side and 84.0 read on the Apple side are ONE ToolValue, and the door reads both alike" started.
swift build & test (macOS)	Test (the suite, minus the hammer)	2026-09-29T14:11:34.7085600Z ◇ Test ""shown to the model" and "checked by the table" are two switches: the parameter carries both" started.
swift build & test (macOS)	Test (the suite, minus the hammer)	2026-09-29T14:11:34.7086620Z ◇ Test "an optional parameter not given, or given as null, is simply not there for the body" started.
swift build & test (macOS)	Test (the suite, minus the hammer)	2026-09-29T14:11:34.7087350Z ◇ Test "the accessors after the door: they read what the door let in, and throw a typed failure for anything else" started.
swift build & test (macOS)	Test (the suite, minus the hammer)	2026-09-29T14:11:34.7087920Z ◇ Test "a name no tool has: the sentence the MLX run has always fed back (AC-276)" started.
swift build & test (macOS)	Test (the suite, minus the hammer)	2026-09-29T14:11:34.7088520Z ◇ Test "a number for a string parameter is refused: the leniency is one way (F-8 C keeps the branch's asymmetry)" started.
swift build & test (macOS)	Test (the suite, minus the hammer)	2026-09-29T14:11:34.7089090Z ◇ Test "an answer of exactly the cap, and a short one, reach the model unchanged" started.
swift build & test (macOS)	Test (the suite, minus the hammer)	2026-09-29T14:11:34.7089810Z ◇ Test "the spike's no-argument tool: an extra is stripped, the body runs with nothing (AC-283)" started.
swift build & test (macOS)	Test (the suite, minus the hammer)	2026-09-29T14:11:34.7090420Z ◇ Test "an answer longer than the cap reaches the model cut at the cap with the marker, and the cut is counted" started.
swift build & test (macOS)	Test (the suite, minus the hammer)	2026-09-29T14:11:34.7090940Z ◇ Test chainedSleepsLandExactlyInsideOneAdvance() started.
swift build & test (macOS)	Test (the suite, minus the hammer)	2026-09-29T14:11:34.7091390Z ◇ Test "AC-224: a barge lands while a tool call is pending; the late answer goes nowhere" started.
swift build & test (macOS)	Test (the suite, minus the hammer)	2026-09-29T14:11:34.7091810Z ◇ Test sleeperWakesAtItsExactMoment() started.
swift build & test (macOS)	Test (the suite, minus the hammer)	2026-09-29T14:11:34.7092170Z ◇ Test sleepOnAnAlreadyCancelledTaskThrowsImmediately() started.
swift build & test (macOS)	Test (the suite, minus the hammer)	2026-09-29T14:11:34.7092530Z ◇ Test timeStandsStillUntilAdvanced() started.
swift build & test (macOS)	Test (the suite, minus the hammer)	2026-09-29T14:11:34.7092860Z ◇ Test earlierDeadlinesWakeFirstWithTheirOwnMoments() started.
swift build & test (macOS)	Test (the suite, minus the hammer)	2026-09-29T14:11:34.7093230Z ◇ Test sleepingIntoThePastReturnsImmediately() started.
swift build & test (macOS)	Test (the suite, minus the hammer)	2026-09-29T14:11:34.7093570Z ◇ Test "Every listener receives the same sequence" started.
swift build & test (macOS)	Test (the suite, minus the hammer)	2026-09-29T14:11:34.7094000Z ◇ Test "Listeners are counted while they exist, and forgotten when their stream dies" started.
swift build & test (macOS)	Test (the suite, minus the hammer)	2026-09-29T14:11:34.7094480Z ◇ Test "A slow listener never affects what another listener sees" started.
swift build & test (macOS)	Test (the suite, minus the hammer)	2026-09-29T14:11:34.7094920Z ◇ Test "A slow listener loses the oldest events, and the loss is counted" started.
swift build & test (macOS)	Test (the suite, minus the hammer)	2026-09-29T14:11:34.7095370Z ◇ Test "Listening after finish gets a stream that is already over" started.
swift build & test (macOS)	Test (the suite, minus the hammer)	2026-09-29T14:11:34.7095810Z ◇ Test "finish() ends every listener's stream, and is safe to call twice" started.
swift build & test (macOS)	Test (the suite, minus the hammer)	2026-09-29T14:11:34.7096310Z ◇ Test "a remembered tool call is replayed as a CALL and an OUTPUT, not as prose (AC-305)" started.
swift build & test (macOS)	Test (the suite, minus the hammer)	2026-09-29T14:11:34.7096860Z ◇ Test "the door reads a checked table exactly as before: the same knock, the same answer" started.
swift build & test (macOS)	Test (the suite, minus the hammer)	2026-09-29T14:11:34.7097340Z ◇ Test "the plan is the VENDOR's file set, not a list written here" started.
swift build & test (macOS)	Test (the suite, minus the hammer)	2026-09-29T14:11:34.7097750Z ◇ Test "A late listener hears only what comes next — no replay" started.
swift build & test (macOS)	Test (the suite, minus the hammer)	2026-09-29T14:11:34.7098260Z ◇ Test "both files arrive under one fraction, never decreasing, 1.0 once; then it is installed" started.
swift build & test (macOS)	Test (the suite, minus the hammer)	2026-09-29T14:11:34.7098850Z ◇ Test "a turn where a tool ran and the mind said nothing is kept: the act is the answer (D-119)" started.
swift build & test (macOS)	Test (the suite, minus the hammer)	2026-09-29T14:11:34.7099480Z ➜ Test "each variant still costs what this library says it costs" skipped: "set MMK_LIVE_HUB=1 to ask huggingface.co"
swift build & test (macOS)	Test (the suite, minus the hammer)	2026-09-29T14:11:34.7099990Z ◇ Test cancellationClaimsTheSleeperExactlyOnce() started.
swift build & test (macOS)	Test (the suite, minus the hammer)	2026-09-29T14:11:34.7100360Z ◇ Test "a smaller cap cuts the same reply into more decodes" started.
swift build & test (macOS)	Test (the suite, minus the hammer)	2026-09-29T14:11:34.7100840Z ◇ Test "a prompt that fills or exceeds the window is refused — nothing could be said" started.
swift build & test (macOS)	Test (the suite, minus the hammer)	2026-09-29T14:11:34.7101320Z ◇ Test "a prompt that leaves room for one reply token fits" started.
swift build & test (macOS)	Test (the suite, minus the hammer)	2026-09-29T14:11:34.7101790Z ◇ Test "the window is read from config.json's max_position_embeddings, and absent is nil" started.
swift build & test (macOS)	Test (the suite, minus the hammer)	2026-09-29T14:11:34.7102310Z ◇ Test "a real reply with a 200 ms deadline ends .finished(.deadline) (AC-264)" started.
swift build & test (macOS)	Test (the suite, minus the hammer)	2026-09-29T14:11:34.7102770Z ◇ Test "an unchanged snapshot is nothing to say, not a violation" started.
swift build & test (macOS)	Test (the suite, minus the hammer)	2026-09-29T14:11:34.7103260Z ◇ Test "no window number means no refusal — the library does not refuse on a number it lacks" started.
swift build & test (macOS)	Test (the suite, minus the hammer)	2026-09-29T14:11:34.7109110Z ◇ Test "multi-byte text diffs at character boundaries, not bytes" started.
swift build & test (macOS)	Test (the suite, minus the hammer)	2026-09-29T14:11:34.7110940Z ◇ Test "a SHRUNKEN snapshot throws — shorter cannot extend" started.
swift build & test (macOS)	Test (the suite, minus the hammer)	2026-09-29T14:11:34.7112790Z ◇ Test "cumulative snapshots become exactly their new suffixes" started.
swift build & test (macOS)	Test (the suite, minus the hammer)	2026-09-29T14:11:34.7114110Z ◇ Test "a REWRITE of emitted text throws, carrying both sides" started.
swift build & test (macOS)	Test (the suite, minus the hammer)	2026-09-29T14:11:34.7116220Z ◇ Test "after a violation the differ vouches for nothing new" started.
swift build & test (macOS)	Test (the suite, minus the hammer)	2026-09-29T14:11:34.7118030Z ◇ Test "the first snapshot is emitted whole, even when empty" started.
swift build & test (macOS)	Test (the suite, minus the hammer)	2026-09-29T14:11:34.7118620Z ◇ Test "the credential scan reports a credential attached the ordinary way" started.
swift build & test (macOS)	Test (the suite, minus the hammer)	2026-09-29T14:11:34.7129210Z ◇ Test "CONTROL — the shipped zero lead finishes even when tokens close after the decode" started.
swift build & test (macOS)	Test (the suite, minus the hammer)	2026-09-29T14:11:34.7130300Z ◇ Test "the proofs block names the file each check lives in" started.
swift build & test (macOS)	Test (the suite, minus the hammer)	2026-09-29T14:11:34.7130870Z ◇ Test "a credential cannot hide a host, and a substring is not a match" started.
swift build & test (macOS)	Test (the suite, minus the hammer)	2026-09-29T14:11:34.7131490Z ◇ Test "the manifest guard names a new library product that declares none" started.
swift build & test (macOS)	Test (the suite, minus the hammer)	2026-09-29T14:11:34.7132160Z ◇ Test "the list names the hub the MLX weight fetch reaches, which no literal in Sources/ names" started.
swift build & test (macOS)	Test (the suite, minus the hammer)	2026-09-29T14:11:34.7132800Z ◇ Test "a declared host is either named in Sources/ or declared as never called" started.
swift build & test (macOS)	Test (the suite, minus the hammer)	2026-09-29T14:11:34.7133330Z ◇ Test "the scanner reports a host the document does not name" started.
swift build & test (macOS)	Test (the suite, minus the hammer)	2026-09-29T14:11:34.7133880Z ◇ Test "the required-reason cross-check accepts a used API that IS declared" started.
swift build & test (macOS)	Test (the suite, minus the hammer)	2026-09-29T14:11:34.7138340Z ◇ Test "a host is a host: ports and trailing punctuation are stripped" started.
swift build & test (macOS)	Test (the suite, minus the hammer)	2026-09-29T14:11:34.7138870Z ◇ Test "the host list states the credential caveat AC-254 cannot prove away" started.
swift build & test (macOS)	Test (the suite, minus the hammer)	2026-09-29T14:11:34.7139520Z ◇ Test "a combining mark landing on spoken text fires the tripwire" started.
swift build & test (macOS)	Test (the suite, minus the hammer)	2026-09-29T14:11:34.7140070Z ◇ Test "a declared required-reason category is one the source actually uses" started.
swift build & test (macOS)	Test (the suite, minus the hammer)	2026-09-29T14:11:34.7140780Z ◇ Test "no module supplies a credential or reads an identifier" started.
swift build & test (macOS)	Test (the suite, minus the hammer)	2026-09-29T14:11:34.7141460Z ◇ Test "every linked module ships a privacy manifest, declared in Package.swift" started.
swift build & test (macOS)	Test (the suite, minus the hammer)	2026-09-29T14:11:34.7142050Z ◇ Test "the weight URLs carry no identifier — no query, no user, no fragment" started.
swift build & test (macOS)	Test (the suite, minus the hammer)	2026-09-29T14:11:34.7142700Z ◇ Test "a REAL reply that ends on its own is .finished(.complete)" started.
swift build & test (macOS)	Test (the suite, minus the hammer)	2026-09-29T14:11:34.7143160Z ◇ Test "each manifest declares no collection and no tracking" started.
swift build & test (macOS)	Test (the suite, minus the hammer)	2026-09-29T14:11:34.7143880Z ◇ Test "no table on the call, none on the generator: the prompt is the bytes captured before 4z, and after" started.
swift build & test (macOS)	Test (the suite, minus the hammer)	2026-09-29T14:11:34.7144560Z ◇ Test "every host in Sources/ is named in docs/HOSTS.md" started.
swift build & test (macOS)	Test (the suite, minus the hammer)	2026-09-29T14:11:34.7145100Z ◇ Test "first-token latency, with and without the tool in the session (AC-228, Mac half)" started.
swift build & test (macOS)	Test (the suite, minus the hammer)	2026-09-29T14:11:34.7145840Z ◇ Test "the real mind calls a tool with a parameter, and the body reads the number (AC-269, Apple half)" started.
swift build & test (macOS)	Test (the suite, minus the hammer)	2026-09-29T14:11:34.7146530Z ◇ Test "the real mind calls the session tool and speaks its answer (AC-223)" started.
swift build & test (macOS)	Test (the suite, minus the hammer)	2026-09-29T14:11:34.7147090Z ◇ Test "a voice that was never retired still opens (the eyes control)" started.
swift build & test (macOS)	Test (the suite, minus the hammer)	2026-09-29T14:11:37.5007460Z ◇ Test "a throwing tool is answered in words and the real reply still ends .finished (AC-276, F-4 = B)" started.
swift build & test (macOS)	Test (the suite, minus the hammer)	2026-09-29T14:11:37.5098030Z ◇ Test "a retired voice refuses ensureModel without loading either" started.
swift build & test (macOS)	Test (the suite, minus the hammer)	2026-09-29T14:11:37.5122690Z ◇ Test "retiring a speaking voice cancels the reply in flight (model + MMK_LIVE_SYNTH=1)" started.
swift build & test (macOS)	Test (the suite, minus the hammer)	2026-09-29T14:11:37.5280150Z ◇ Test "retiring twice is safe, and the second changes nothing" started.
swift build & test (macOS)	Test (the suite, minus the hammer)	2026-09-29T14:11:37.5415360Z ◇ Test wraparoundKeepsOrderAcrossTheSeam() started.
swift build & test (macOS)	Test (the suite, minus the hammer)	2026-09-29T14:11:37.5544160Z ◇ Test stressAccountingBalancesAndOrderSurvives() started.
swift build & test (macOS)	Test (the suite, minus the hammer)	2026-09-29T14:11:37.5673690Z ◇ Test emptyReadReturnsNothing() started.
swift build & test (macOS)	Test (the suite, minus the hammer)	2026-09-29T14:11:37.5800780Z ◇ Test roundtripPreservesOrderAndValues() started.
swift build & test (macOS)	Test (the suite, minus the hammer)	2026-09-29T14:11:37.5975420Z ◇ Test "a retired voice refuses to open an utterance WITHOUT reaching for the models" started.
swift build & test (macOS)	Test (the suite, minus the hammer)	2026-09-29T14:11:37.6112840Z ◇ Test droppedFramesAccumulateAcrossOverruns() started.
swift build & test (macOS)	Test (the suite, minus the hammer)	2026-09-29T14:11:37.6218440Z ◇ Test partialReadsDeliverInOrder() started.
swift build & test (macOS)	Test (the suite, minus the hammer)	2026-09-29T14:11:37.6551250Z ◇ Test capacityRoundsUpToPowerOfTwo() started.
swift build & test (macOS)	Test (the suite, minus the hammer)	2026-09-29T14:11:37.6555320Z ◇ Test overflowOverwritesOldestAndCountsExactly() started.
swift build & test (macOS)	Test (the suite, minus the hammer)	2026-09-29T14:11:37.6664610Z ◇ Test "both coordinator doors refuse a bad number with the same error (AC-241)" started.
swift build & test (macOS)	Test (the suite, minus the hammer)	2026-09-29T14:11:37.6769150Z ◇ Test "a ledger bound of zero is refused by AIRuntime.init, not trapped in run() (AC-241)" started.
swift build & test (macOS)	Test (the suite, minus the hammer)	2026-09-29T14:11:37.6888490Z ◇ Test "the clockless coordinator with a reply gate throws .replyGateNeedsAClock (AC-241)" started.
swift build & test (macOS)	Test (the suite, minus the hammer)	2026-09-29T14:11:37.6990240Z ◇ Test "validate() passes the default and the legal zero-depth memory (AC-197)" started.
swift build & test (macOS)	Test (the suite, minus the hammer)	2026-09-29T14:11:37.7093340Z ◇ Test "a mouth without a mind throws .mouthWithoutMind, at init, before any loop (AC-241)" started.
swift build & test (macOS)	Test (the suite, minus the hammer)	2026-09-29T14:11:37.7197920Z ◇ Test "the coordinator's errors name the number they refuse" started.
swift build & test (macOS)	Test (the suite, minus the hammer)	2026-09-29T14:11:37.7300160Z ◇ Test "listen-only still has its turns numbers checked at the door (AC-241)" started.
swift build & test (macOS)	Test (the suite, minus the hammer)	2026-09-29T14:11:37.7403400Z ◇ Test "both organs, or neither, is a valid configuration and does not throw (F-3 = B)" started.
swift build & test (macOS)	Test (the suite, minus the hammer)	2026-09-29T14:11:37.7507060Z ◇ Test "the runtime's error says what to do in plain words" started.
swift build & test (macOS)	Test (the suite, minus the hammer)	2026-09-29T14:11:37.7609530Z ◇ Test "a mind without a mouth throws .mindWithoutMouth, at init, before any loop (AC-241)" started.
swift build & test (macOS)	Test (the suite, minus the hammer)	2026-09-29T14:11:37.7638030Z ◇ Test "the clockless door reports the gate before the bounds" started.
swift build & test (macOS)	Test (the suite, minus the hammer)	2026-09-29T14:11:37.7640080Z ◇ Test "GenerationOptions.deadline defaults to nil and is a value (AC-264, AC-265)" started.
swift build & test (macOS)	Test (the suite, minus the hammer)	2026-09-29T14:11:37.7756230Z ◇ Test "GenerationOptions.deadline ends a slow reply on the injected clock — Reply(partial, .deadline) (AC-264)" started.
swift build & test (macOS)	Test (the suite, minus the hammer)	2026-09-29T14:11:37.7800810Z ◇ Test "a reply finished before its deadline ends .complete, and releases the clock's sleeper (AC-264)" started.
swift build & test (macOS)	Test (the suite, minus the hammer)	2026-09-29T14:11:37.7904710Z ◇ Test "the clockless coordinator with the default (zero) gate does not throw" started.
swift build & test (macOS)	Test (the suite, minus the hammer)	2026-09-29T14:11:37.8010300Z ◇ Test "A read never returns a mix of old and in-flight frames" started.
swift build & test (macOS)	Test (the suite, minus the hammer)	2026-09-29T14:11:37.8167470Z ◇ Test "a counting caller sees two .tooHot across three attempts (AC-260, the AC-236 shape)" started.
swift build & test (macOS)	Test (the suite, minus the hammer)	2026-09-29T14:11:37.8268550Z ◇ Test "StopReason is complete / tokenBudget / unreported / refused / deadline — F-4 = A" started.
swift build & test (macOS)	Test (the suite, minus the hammer)	2026-09-29T14:11:37.8370380Z ◇ Test "openReply throws ReplyFailure.tooHot(.critical) at the door, and opens no run (AC-260)" started.
swift build & test (macOS)	Test (the suite, minus the hammer)	2026-09-29T14:11:37.8482680Z ◇ Test "an injected policy overrules the default: refusing at .serious" started.
swift build & test (macOS)	Test (the suite, minus the hammer)	2026-09-29T14:11:37.8640010Z ◇ Test "no deadline means no sleeper: the clock cannot end a reply that carries nil (AC-264, AC-265)" started.
swift build & test (macOS)	Test (the suite, minus the hammer)	2026-09-29T14:11:37.8752130Z ◇ Test "openReply opens at .nominal, .fair and .serious (AC-260)" started.
swift build & test (macOS)	Test (the suite, minus the hammer)	2026-09-29T14:11:37.8873350Z ◇ Test "DefaultGenerationThermalPolicy refuses at .critical only (F-2 = A)" started.
swift build & test (macOS)	Test (the suite, minus the hammer)	2026-09-29T14:11:37.8874350Z ◇ Test "ReplyFailure gained .tooHot — and still has no .refused (D-104)" started.
swift build & test (macOS)	Test (the suite, minus the hammer)	2026-09-29T14:11:37.8980050Z ◇ Test "the transcription policy's table is untouched — D-028 stands" started.
swift build & test (macOS)	Test (the suite, minus the hammer)	2026-09-29T14:11:37.9090470Z ◇ Test "anything else the vendor throws is still .engine(String)" started.
swift build & test (macOS)	Test (the suite, minus the hammer)	2026-09-29T14:11:37.9353060Z ◇ Test "tooHot describes itself in plain words, naming the state" started.
swift build & test (macOS)	Test (the suite, minus the hammer)	2026-09-29T14:11:37.9482630Z ◇ Test ".length is .tokenBudget — the cap cut it" started.
swift build & test (macOS)	Test (the suite, minus the hammer)	2026-09-29T14:11:37.9668320Z ◇ Test ".stop is .complete — the model ended its own turn" started.
swift build & test (macOS)	Test (the suite, minus the hammer)	2026-09-29T14:11:37.9997620Z ◇ Test "contextWindowExceeded thrown by the source is .failed(.contextWindowExceeded)" started.
swift build & test (macOS)	Test (the suite, minus the hammer)	2026-09-29T14:11:38.0135380Z ◇ Test ".cancelled is nil — a cancelled run has no terminal to report" started.
swift build & test (macOS)	Test (the suite, minus the hammer)	2026-09-29T14:11:38.0261600Z ◇ Test "an unflagged tool needs no yes: the diet app's act-at-once is the flag left off" started.
swift build & test (macOS)	Test (the suite, minus the hammer)	2026-09-29T14:11:38.0710620Z ◇ Test "the arguments are checked BEFORE the flag is read: a bad call is refused as a bad call, not told to ask" started.
swift build & test (macOS)	Test (the suite, minus the hammer)	2026-09-29T14:11:38.1371500Z ◇ Test "the name in the call's confirmed set: the body runs exactly once; the yes rides THAT call only" started.
swift build & test (macOS)	Test (the suite, minus the hammer)	2026-09-29T14:11:38.1610150Z ◇ Test "a flagged tool on the model's first call: the body does not run, the model is told to ask, counted" started.
swift build & test (macOS)	Test (the suite, minus the hammer)	2026-09-29T14:11:38.1717700Z ◇ Test "`confirmed: true` in the ARGUMENTS does not run the body — the model cannot confirm itself" started.
swift build & test (macOS)	Test (the suite, minus the hammer)	2026-09-29T14:11:38.1839140Z ◇ Test "fractions never decrease and end at exactly one 1.0; every file lands complete" started.
swift build & test (macOS)	Test (the suite, minus the hammer)	2026-09-29T14:11:38.2001410Z ◇ Test "Aura's spoken confirmation: refused and asked on turn 0, run once on turn 1 with the yes on the options" started.
swift build & test (macOS)	Test (the suite, minus the hammer)	2026-09-29T14:11:38.2136310Z ◇ Test "the diet app's act-at-once: an unflagged write runs on the model's first call" started.
swift build & test (macOS)	Test (the suite, minus the hammer)	2026-09-29T14:11:38.2259060Z ◇ Test "an expected total at the edge of Int64 is not a trap" started.
swift build & test (macOS)	Test (the suite, minus the hammer)	2026-09-29T14:11:38.2486170Z ◇ Test "a NaN fraction is 0, never a trap" started.
swift build & test (macOS)	Test (the suite, minus the hammer)	2026-09-29T14:11:38.2598600Z ◇ Test "a silent reply completes without speaking (runs everywhere)" started.
swift build & test (macOS)	Test (the suite, minus the hammer)	2026-09-29T14:11:38.2704890Z ◇ Test "with an expected total, received is fraction × expected" started.
swift build & test (macOS)	Test (the suite, minus the hammer)	2026-09-29T14:11:38.2842370Z ◇ Test "a deficit repaid before the end still had to be banked" started.
swift build & test (macOS)	Test (the suite, minus the hammer)	2026-09-29T14:11:38.2970000Z ◇ Test "a decoder faster than the ear waits only for its first buffer" started.
swift build & test (macOS)	Test (the suite, minus the hammer)	2026-09-29T14:11:38.3105770Z ◇ Test "a uniformly slow decode asks for its accumulated deficit" started.
swift build & test (macOS)	Test (the suite, minus the hammer)	2026-09-29T14:11:38.3215520Z ◇ Test "no steps at all is zero, not a guess" started.
swift build & test (macOS)	Test (the suite, minus the hammer)	2026-09-29T14:11:38.3336930Z ◇ Test "the peak is measured before the slow step delivers, not after" started.
swift build & test (macOS)	Test (the suite, minus the hammer)	2026-09-29T14:11:38.3448490Z ◇ Test "consecutive small overruns accumulate — the worst STEP would miss them" started.
swift build & test (macOS)	Test (the suite, minus the hammer)	2026-09-29T14:11:38.3600880Z ◇ Test "heat is asked before the availability verdict (AC-260)" started.
swift build & test (macOS)	Test (the suite, minus the hammer)	2026-09-29T14:11:38.3719410Z ◇ Test "the fraction is clamped to 0…1 — the client has reported outside it" started.
swift build & test (macOS)	Test (the suite, minus the hammer)	2026-09-29T14:11:38.3854800Z ◇ Test "a long prefill delays the start and is NOT banked as cushion" started.
swift build & test (macOS)	Test (the suite, minus the hammer)	2026-09-29T14:11:38.3982800Z ◇ Test "the public initialiser defaults to the real thermometer and the shipped policy (AC-260)" started.
swift build & test (macOS)	Test (the suite, minus the hammer)	2026-09-29T14:11:38.4334260Z ◇ Test "the thermometer is read once per door, and refusals count (AC-260)" started.
swift build & test (macOS)	Test (the suite, minus the hammer)	2026-09-29T14:11:38.4335610Z ◇ Test "the default refuses at .critical only — each state scripted (AC-260, F-2 = A)" started.
swift build & test (macOS)	Test (the suite, minus the hammer)	2026-09-29T14:11:38.4447950Z ◇ Test "an app's stricter policy refuses at .serious — the INJECTED policy decides (AC-260)" started.
swift build & test (macOS)	Test (the suite, minus the hammer)	2026-09-29T14:11:38.4664830Z ◇ Test "without an expected total, both byte fields are nil — a fraction is all that is known" started.
swift build & test (macOS)	Test (the suite, minus the hammer)	2026-09-29T14:11:38.4884120Z ◇ Test "after a retire-during-load the holder is still usable" started.
swift build & test (macOS)	Test (the suite, minus the hammer)	2026-09-29T14:11:38.5023420Z ◇ Test "retire hands back what was held, and the next call builds again" started.
swift build & test (macOS)	Test (the suite, minus the hammer)	2026-09-29T14:11:38.5085430Z ◇ Test "a second call after the first finished does not rebuild" started.
swift build & test (macOS)	Test (the suite, minus the hammer)	2026-09-29T14:11:38.5188190Z ◇ Test "a build that throws leaves nothing resident, and does not wedge the queue" started.
swift build & test (macOS)	Test (the suite, minus the hammer)	2026-09-29T14:11:38.5292450Z ◇ Test "N lever changes leave exactly one resident — AC-145's shape" started.
swift build & test (macOS)	Test (the suite, minus the hammer)	2026-09-29T14:11:38.5407910Z ◇ Test "two callers arriving together get one build, and the same value" started.
swift build & test (macOS)	Test (the suite, minus the hammer)	2026-09-29T14:11:38.5600160Z ◇ Test "THREE concurrent cold callers all get the value — none is stranded" started.
swift build & test (macOS)	Test (the suite, minus the hammer)	2026-09-29T14:11:38.5771210Z ◇ Test "a retire during the build does not strand the queue either" started.
swift build & test (macOS)	Test (the suite, minus the hammer)	2026-09-29T14:11:38.5772510Z ◇ Test "deleting with no reservation held is a no-op, and removes nothing of the system's" started.
swift build & test (macOS)	Test (the suite, minus the hammer)	2026-09-29T14:11:38.5990680Z ◇ Test "the size is nil, always: the system owns these bytes and this library will not guess" started.
swift build & test (macOS)	Test (the suite, minus the hammer)	2026-09-29T14:11:38.5991840Z ➜ Test "base and small still cost what this library says they cost" skipped: "set MMK_LIVE_HUB=1 to ask huggingface.co"
swift build & test (macOS)	Test (the suite, minus the hammer)	2026-09-29T14:11:38.6145600Z ◇ Test "a build that finishes after a retire does NOT come back to life" started.
swift build & test (macOS)	Test (the suite, minus the hammer)	2026-09-29T14:11:38.6288100Z ◇ Test "the options carry the table and the yes, and stay Equatable (AC-282's shape)" started.
swift build & test (macOS)	Test (the suite, minus the hammer)	2026-09-29T14:11:38.6449220Z ◇ Test "a call's table REPLACES the generator's for that call; it does not add to it" started.
swift build & test (macOS)	Test (the suite, minus the hammer)	2026-09-29T14:11:38.6612180Z ◇ Test "a generator with no tools and a call carrying a table: the tool is called; the next call without one cannot" started.
swift build & test (macOS)	Test (the suite, minus the hammer)	2026-09-29T14:11:38.6715070Z ◇ Test "a tree that matches its manifest is .installed" started.
swift build & test (macOS)	Test (the suite, minus the hammer)	2026-09-29T14:11:38.6816040Z ◇ Test "the library's own models know their size; the app's model does not pretend to" started.
swift build & test (macOS)	Test (the suite, minus the hammer)	2026-09-29T14:11:38.6951640Z ◇ Test "a variant this library never measured answers nil, not a guess" started.
swift build & test (macOS)	Test (the suite, minus the hammer)	2026-09-29T14:11:38.7053850Z ◇ Test "a failure after the move over a caller's tree keeps that tree, and never locks the model out" started.
swift build & test (macOS)	Test (the suite, minus the hammer)	2026-09-29T14:11:38.7160300Z ◇ Test "asking a model-backed engine anything costs no network and no download" started.
swift build & test (macOS)	Test (the suite, minus the hammer)	2026-09-29T14:11:38.7280770Z ◇ Test "CONTROL: a true verdict passes the guard — the tripwire behind it fires instead" started.
swift build & test (macOS)	Test (the suite, minus the hammer)	2026-09-29T14:11:38.7466590Z ◇ Test "the error names the variant and the reason, in our words" started.
swift build & test (macOS)	Test (the suite, minus the hammer)	2026-09-29T14:11:38.7624170Z ◇ Test "a refused variant throws OUR error and never reaches for the models" started.
swift build & test (macOS)	Test (the suite, minus the hammer)	2026-09-29T14:11:38.7794460Z ◇ Test "openUtterance refuses through the same door" started.
swift build & test (macOS)	Test (the suite, minus the hammer)	2026-09-29T14:11:38.7933170Z ◇ Test "a generator built WITH a table and a call carrying .empty: no tool this turn" started.
swift build & test (macOS)	Test (the suite, minus the hammer)	2026-09-29T14:11:38.8246560Z ◇ Test "platform-refused AND retired says the platform's no — order is load-bearing" started.
swift build & test (macOS)	Test (the suite, minus the hammer)	2026-09-29T14:11:38.8349840Z ◇ Test "the removed-gate control — a foreign vocabulary lets the reasoning through" started.
swift build & test (macOS)	Test (the suite, minus the hammer)	2026-09-29T14:11:38.8455970Z ◇ Test "nil verdict defaults to the vendor, which says yes on this Mac" started.
swift build & test (macOS)	Test (the suite, minus the hammer)	2026-09-29T14:11:38.8570000Z ◇ Test "a stray close with no open is harmless, not a crash" started.
swift build & test (macOS)	Test (the suite, minus the hammer)	2026-09-29T14:11:38.8685250Z ◇ Test "an unclosed thought swallows to the end, and SAYS that it is still holding" started.
swift build & test (macOS)	Test (the suite, minus the hammer)	2026-09-29T14:11:38.8882620Z ◇ Test "the markers themselves never reach the mouth — punctuation, not words" started.
swift build & test (macOS)	Test (the suite, minus the hammer)	2026-09-29T14:11:38.9082080Z ◇ Test "a DEFIANT <think> is swallowed — layer 1 is a convention, this is the net" started.
swift build & test (macOS)	Test (the suite, minus the hammer)	2026-09-29T14:11:38.9199490Z ◇ Test "A sub-window transient publishes nothing — nothing for the turn loop to barge on" started.
swift build & test (macOS)	Test (the suite, minus the hammer)	2026-09-29T14:11:38.9311450Z ◇ Test "Frames lost to a full ring appear as a dropped event with the exact count" started.
swift build & test (macOS)	Test (the suite, minus the hammer)	2026-09-29T14:11:38.9418410Z ◇ Test "Latency from capture to speechStarted is exact audio time" started.
swift build & test (macOS)	Test (the suite, minus the hammer)	2026-09-29T14:11:38.9522850Z ◇ Test "With the window wired per the F-4 law, the word is not beheaded" started.
swift build & test (macOS)	Test (the suite, minus the hammer)	2026-09-29T14:11:38.9782890Z ◇ Test "Only the last two held chunks are pre-rolled, and they arrive before the live audio" started.
swift build & test (macOS)	Test (the suite, minus the hammer)	2026-09-29T14:11:38.9885970Z ◇ Test "A partial chunk waits for the next poll instead of being padded or judged" started.
swift build & test (macOS)	Test (the suite, minus the hammer)	2026-09-29T14:11:39.0000400Z ◇ Test "a template that already opened the thought starts inside it" started.
swift build & test (macOS)	Test (the suite, minus the hammer)	2026-09-29T14:11:39.0102500Z ◇ Test "stop() alone ends the loop — no cancellation, no clock advance" started.
swift build & test (macOS)	Test (the suite, minus the hammer)	2026-09-29T14:11:39.0204600Z ◇ Test "The pump parks on the injected clock, wakes on each poll, and leaves nothing behind" started.
swift build & test (macOS)	Test (the suite, minus the hammer)	2026-09-29T14:11:39.0308240Z ◇ Test "A scripted utterance produces the exact event sequence, in timeline order" started.
swift build & test (macOS)	Test (the suite, minus the hammer)	2026-09-29T14:11:39.0426470Z ◇ Test "cancel before anything spoken: silent end, host untouched" started.
swift build & test (macOS)	Test (the suite, minus the hammer)	2026-09-29T14:11:39.0534690Z ◇ Test "Two listeners receive identical sequences" started.
swift build & test (macOS)	Test (the suite, minus the hammer)	2026-09-29T14:11:39.0640420Z ◇ Test "an unspeakable reply terminates without touching write() or the host" started.
swift build & test (macOS)	Test (the suite, minus the hammer)	2026-09-29T14:11:39.0740930Z ◇ Test "a cancelled REAL reply ends without a terminal" started.
swift build & test (macOS)	Test (the suite, minus the hammer)	2026-09-29T14:11:39.0869270Z ◇ Test "a missing model is refused at the door, not discovered mid-reply" started.
swift build & test (macOS)	Test (the suite, minus the hammer)	2026-09-29T14:11:39.0972610Z ◇ Test "a REAL reply: tokens then one terminal, and NO reasoning is spoken" started.
swift build & test (macOS)	Test (the suite, minus the hammer)	2026-09-29T14:11:39.1176440Z ◇ Test "the model reports honestly whether it is installed — asking triggers nothing" started.
swift build & test (macOS)	Test (the suite, minus the hammer)	2026-09-29T14:11:39.1286690Z ◇ Test "the REAL source is wired to the door — it refuses what is not installed" started.
swift build & test (macOS)	Test (the suite, minus the hammer)	2026-09-29T14:11:39.1404220Z ◇ Test "WARM, the first token is fast — the cold 1.9 s is the load, not the model" started.
swift build & test (macOS)	Test (the suite, minus the hammer)	2026-09-29T14:11:39.1511050Z ◇ Test "the runtime guard answers, and says WHERE it found the shaders" started.
swift build & test (macOS)	Test (the suite, minus the hammer)	2026-09-29T14:11:39.1610560Z ➜ Test "ensureModel(progress:) on an installed variant: one 1.0, then a loaded pipeline" skipped: "install Whisper base (swift run bakeoff fetch) to make this row real"
swift build & test (macOS)	Test (the suite, minus the hammer)	2026-09-29T14:11:39.1788510Z ◇ Test "clear deletes from EVERY directory and reports each with its place" started.
swift build & test (macOS)	Test (the suite, minus the hammer)	2026-09-29T14:11:39.1896150Z ◇ Test "a matching SYMLINK is not ours to delete, and the target survives" started.
swift build & test (macOS)	Test (the suite, minus the hammer)	2026-09-29T14:11:39.2004800Z ◇ Test "a plain FILE is measured at its real size, not zero" started.
swift build & test (macOS)	Test (the suite, minus the hammer)	2026-09-29T14:11:39.2108370Z ◇ Test "the survey reaches every directory, and an entry says where it was found" started.
swift build & test (macOS)	Test (the suite, minus the hammer)	2026-09-29T14:11:39.2214680Z ◇ Test "the same directory passed twice is surveyed once" started.
swift build & test (macOS)	Test (the suite, minus the hammer)	2026-09-29T14:11:39.2318970Z ◇ Test "an unreadable directory is named even beside a success" started.
swift build & test (macOS)	Test (the suite, minus the hammer)	2026-09-29T14:11:39.2459490Z ◇ Test "an empty directory holds: [nothing] — the line C rests on" started.
swift build & test (macOS)	Test (the suite, minus the hammer)	2026-09-29T14:11:39.2570550Z ◇ Test "a directory the control cannot read is reported as such, not as empty" started.
swift build & test (macOS)	Test (the suite, minus the hammer)	2026-09-29T14:11:39.2673140Z ◇ Test "a clear in which every delete failed never says 'cleared'" started.
swift build & test (macOS)	Test (the suite, minus the hammer)	2026-09-29T14:11:39.2774430Z ◇ Test "the report names every matching directory and its bytes" started.
swift build & test (macOS)	Test (the suite, minus the hammer)	2026-09-29T14:11:39.2876660Z ◇ Test "absence is said in words, and it names EVERY neighbourhood" started.
swift build & test (macOS)	Test (the suite, minus the hammer)	2026-09-29T14:11:39.2982670Z ◇ Test "the hub client's crashing background switch is asked for nowhere in the MLX module" started.
swift build & test (macOS)	Test (the suite, minus the hammer)	2026-09-29T14:11:39.3087540Z ◇ Test "the download's doc comment states that the transfer survives the background, and what a stopped one keeps" started.
swift build & test (macOS)	Test (the suite, minus the hammer)	2026-09-29T14:11:39.3252680Z ◇ Test "the default fetcher is the background one, and it moves bytes through ModelDownloader" started.
swift build & test (macOS)	Test (the suite, minus the hammer)	2026-09-29T14:11:39.3354730Z ◇ Test case passing 2 arguments value → 84, expected → .int(84) to "the way back: a whole number is an int, the rest are themselves, containers recurse" started.
swift build & test (macOS)	Test (the suite, minus the hammer)	2026-09-29T14:11:39.3575930Z ◇ Test case passing 2 arguments value → .string("today"), expected → "today" to "each JSON kind becomes its ToolValue: numbers to .number, containers carried for the door to refuse" started.
swift build & test (macOS)	Test (the suite, minus the hammer)	2026-09-29T14:11:39.3580470Z ◇ Test case passing 2 arguments value → .int(84), expected → 84 to "each JSON kind becomes its ToolValue: numbers to .number, containers carried for the door to refuse" started.
swift build & test (macOS)	Test (the suite, minus the hammer)	2026-09-29T14:11:39.3739510Z ◇ Test case passing 2 arguments value → .double(83.5), expected → 83.5 to "each JSON kind becomes its ToolValue: numbers to .number, containers carried for the door to refuse" started.
swift build & test (macOS)	Test (the suite, minus the hammer)	2026-09-29T14:11:39.3842800Z ◇ Test case passing 2 arguments value → .double(0.25), expected → 0.25 to "each JSON kind becomes its ToolValue: numbers to .number, containers carried for the door to refuse" started.
swift build & test (macOS)	Test (the suite, minus the hammer)	2026-09-29T14:11:39.3958860Z ◇ Test case passing 2 arguments value → .bool(true), expected → true to "each JSON kind becomes its ToolValue: numbers to .number, containers carried for the door to refuse" started.
swift build & test (macOS)	Test (the suite, minus the hammer)	2026-09-29T14:11:39.4069940Z ◇ Test case passing 2 arguments value → .bool(false), expected → false to "each JSON kind becomes its ToolValue: numbers to .number, containers carried for the door to refuse" started.
swift build & test (macOS)	Test (the suite, minus the hammer)	2026-09-29T14:11:39.4174750Z ◇ Test case passing 2 arguments value → .null, expected → null to "each JSON kind becomes its ToolValue: numbers to .number, containers carried for the door to refuse" started.
swift build & test (macOS)	Test (the suite, minus the hammer)	2026-09-29T14:11:39.4279160Z ◇ Test case passing 2 arguments value → 83.5, expected → .double(83.5) to "the way back: a whole number is an int, the rest are themselves, containers recurse" started.
swift build & test (macOS)	Test (the suite, minus the hammer)	2026-09-29T14:11:39.4383220Z ◇ Test case passing 2 arguments value → "today", expected → .string("today") to "the way back: a whole number is an int, the rest are themselves, containers recurse" started.
swift build & test (macOS)	Test (the suite, minus the hammer)	2026-09-29T14:11:39.4445020Z ◇ Test case passing 2 arguments value → null, expected → .null to "the way back: a whole number is an int, the rest are themselves, containers recurse" started.
swift build & test (macOS)	Test (the suite, minus the hammer)	2026-09-29T14:11:39.4569580Z ◇ Test case passing 2 arguments value → true, expected → .bool(true) to "the way back: a whole number is an int, the rest are themselves, containers recurse" started.
swift build & test (macOS)	Test (the suite, minus the hammer)	2026-09-29T14:11:39.4786070Z ◇ Test case passing 2 arguments value → .array([MLXLMCommon.JSONValue.int(1), MLXLMCommon.JSONValue.string("b")]), expected → a list to "each JSON kind becomes its ToolValue: numbers to .number, containers carried for the door to refuse" started.
swift build & test (macOS)	Test (the suite, minus the hammer)	2026-09-29T14:11:39.4921190Z ◇ Test case passing 2 arguments value → .object(["zebra": MLXLMCommon.JSONValue.int(1), "apple": MLXLMCommon.JSONValue.string("x")]), expected → an object to "each JSON kind becomes its ToolValue: numbers to .number, containers carried for the door to refuse" started.
swift build & test (macOS)	Test (the suite, minus the hammer)	2026-09-29T14:11:39.5040930Z ◇ Test case passing 1 argument state → .nominal to "the default policy opens at nominal, fair and serious, and refuses at critical" started.
swift build & test (macOS)	Test (the suite, minus the hammer)	2026-09-29T14:11:39.5154130Z ◇ Test case passing 1 argument state → .fair to "the default policy opens at nominal, fair and serious, and refuses at critical" started.
swift build & test (macOS)	Test (the suite, minus the hammer)	2026-09-29T14:11:39.5257240Z ◇ Test case passing 1 argument state → .serious to "the default policy opens at nominal, fair and serious, and refuses at critical" started.
swift build & test (macOS)	Test (the suite, minus the hammer)	2026-09-29T14:11:39.5360410Z ◇ Test case passing 1 argument state → .critical to "the default policy opens at nominal, fair and serious, and refuses at critical" started.
swift build & test (macOS)	Test (the suite, minus the hammer)	2026-09-29T14:11:39.5556630Z ◇ Test case passing 2 arguments value → a list, expected → .array([MLXLMCommon.JSONValue.int(1), MLXLMCommon.JSONValue.string("b")]) to "the way back: a whole number is an int, the rest are themselves, containers recurse" started.
swift build & test (macOS)	Test (the suite, minus the hammer)	2026-09-29T14:11:39.5865470Z ◇ Test case passing 2 arguments value → an object, expected → .object(["a": MLXLMCommon.JSONValue.double(0.5)]) to "the way back: a whole number is an int, the rest are themselves, containers recurse" started.
swift build & test (macOS)	Test (the suite, minus the hammer)	2026-09-29T14:11:39.6054210Z ◇ Test case passing 2 arguments turns → Config(listenerBufferCapacity: 64, replyGate: 0.0 seconds, maxContextPieces: 0, bargeWindow: 0.0 seconds, maxMemoryTurns: 8, maxMemoryCharacters: 600), expected → maxContextPieces must be at least 1: a ledger that can hold nothing loses the sentence being spoken to "a ledger bound of zero is refused by AIRuntime.init, not trapped in run() (AC-241)" started.
swift build & test (macOS)	Test (the suite, minus the hammer)	2026-09-29T14:11:39.6080240Z ◇ Test case passing 2 arguments turns → Config(listenerBufferCapacity: 64, replyGate: 0.0 seconds, maxContextPieces: 16, bargeWindow: 0.0 seconds, maxMemoryTurns: -1, maxMemoryCharacters: 600), expected → maxMemoryTurns must be 0 or more: 0 turns the memory off, a negative depth is not a bound to "a ledger bound of zero is refused by AIRuntime.init, not trapped in run() (AC-241)" started.
swift build & test (macOS)	Test (the suite, minus the hammer)	2026-09-29T14:11:39.6328460Z ◇ Test case passing 2 arguments turns → Config(listenerBufferCapacity: 64, replyGate: 0.0 seconds, maxContextPieces: 16, bargeWindow: 0.0 seconds, maxMemoryTurns: 8, maxMemoryCharacters: 0), expected → maxMemoryCharacters must be at least 1: a memory with no room cannot hold half a word to "a ledger bound of zero is refused by AIRuntime.init, not trapped in run() (AC-241)" started.
swift build & test (macOS)	Test (the suite, minus the hammer)	2026-09-29T14:11:39.6468800Z ✔ Test "nil instructions keep the source's own" passed after 3.153 seconds.
swift build & test (macOS)	Test (the suite, minus the hammer)	2026-09-29T14:11:39.6676240Z ✔ Test "per-call instructions replace the source's own for that call" passed after 3.173 seconds.
swift build & test (macOS)	Test (the suite, minus the hammer)	2026-09-29T14:11:39.6677270Z ✔ Test "nil on both sides means NO system message, as before 4v" passed after 3.174 seconds.
swift build & test (macOS)	Test (the suite, minus the hammer)	2026-09-29T14:11:39.6677910Z ✔ Test "per-call maxTokens replaces the source's own" passed after 3.174 seconds.
swift build & test (macOS)	Test (the suite, minus the hammer)	2026-09-29T14:11:39.6678660Z ✔ Test "nil maxTokens keeps the source's default — 1024 since F-6 = A" passed after 3.174 seconds.
swift build & test (macOS)	Test (the suite, minus the hammer)	2026-09-29T14:11:39.6679540Z ✔ Test "temperature and seed travel; nil leaves the vendor's default untouched" passed after 3.174 seconds.
swift build & test (macOS)	Test (the suite, minus the hammer)	2026-09-29T14:11:39.6680240Z ✔ Test "a phase with real samples gets no announcement — one sample included" passed after 3.175 seconds.
swift build & test (macOS)	Test (the suite, minus the hammer)	2026-09-29T14:11:39.6681050Z ✔ Test "the whole resolution is one Equatable value — the door hands it on, whole" passed after 3.175 seconds.
swift build & test (macOS)	Test (the suite, minus the hammer)	2026-09-29T14:11:39.6681810Z ✔ Test "zero samples means the phase measured nothing, and the line says why" passed after 3.175 seconds.
swift build & test (macOS)	Test (the suite, minus the hammer)	2026-09-29T14:11:39.6682580Z ✔ Test "the library's session is a background session — except in the simulator, which has none" passed after 3.176 seconds.
swift build & test (macOS)	Test (the suite, minus the hammer)	2026-09-29T14:11:39.6683390Z ✔ Test "after a reply, the voice uses what THIS machine managed" passed after 3.175 seconds.
swift build & test (macOS)	Test (the suite, minus the hammer)	2026-09-29T14:11:39.6683970Z ✔ Test "it knows nothing until something has been decoded" passed after 3.175 seconds.
swift build & test (macOS)	Test (the suite, minus the hammer)	2026-09-29T14:11:39.6684600Z ✔ Test "a machine that keeps up is given no cushion at all" passed after 3.175 seconds.
swift build & test (macOS)	Test (the suite, minus the hammer)	2026-09-29T14:11:39.6685180Z ✔ Test "the most recent reply wins — a bad sample costs one reply, not a session" passed after 3.175 seconds.
swift build & test (macOS)	Test (the suite, minus the hammer)	2026-09-29T14:11:39.6685870Z ✔ Test "before any reply, the voice uses the decoder's constant" passed after 3.175 seconds.
swift build & test (macOS)	Test (the suite, minus the hammer)	2026-09-29T14:11:39.6686370Z ✔ Test "forget puts it back to knowing nothing" passed after 3.175 seconds.
swift build & test (macOS)	Test (the suite, minus the hammer)	2026-09-29T14:11:39.6686980Z ✔ Test "`lead` still reports what the voice was born with" passed after 3.175 seconds.
swift build & test (macOS)	Test (the suite, minus the hammer)	2026-09-29T14:11:39.6687640Z ✔ Test "a human's number outranks the machine's — D-068 D" passed after 3.175 seconds.
swift build & test (macOS)	Test (the suite, minus the hammer)	2026-09-29T14:11:39.6688150Z ✔ Test "no exchanges renders exactly the 4r chat" passed after 3.175 seconds.
swift build & test (macOS)	Test (the suite, minus the hammer)	2026-09-29T14:11:39.6688980Z ✔ Test "the iPhone's measured 1.21 asks for about 1.26 s, not 396 ms" passed after 3.176 seconds.
swift build & test (macOS)	Test (the suite, minus the hammer)	2026-09-29T14:11:39.6689830Z SKIPPED (no MMK_MLX_MODEL or no metallib) — set MMK_MLX_MODEL and run Scripts/metallib.sh to make this test REAL
swift build & test (macOS)	Test (the suite, minus the hammer)	2026-09-29T14:11:39.6690950Z ✔ Test "two exchanges keep their order — the template pairs a call with its result by order" passed after 3.178 seconds.
swift build & test (macOS)	Test (the suite, minus the hammer)	2026-09-29T14:11:39.6691770Z ✔ Test "a decoder that keeps up gets no first-reply cushion either" passed after 3.187 seconds.
swift build & test (macOS)	Test (the suite, minus the hammer)	2026-09-29T14:11:39.6692530Z ✔ Test "one exchange is an assistant turn carrying the call, then a tool turn carrying the answer" passed after 3.189 seconds.
swift build & test (macOS)	Test (the suite, minus the hammer)	2026-09-29T14:11:39.6693680Z ✔ Test "the Mac's first reply is under-cushioned, by a number we know" passed after 3.187 seconds.
swift build & test (macOS)	Test (the suite, minus the hammer)	2026-09-29T14:11:39.6694250Z ✔ Test "a fresh learner offers no cushion at all" passed after 3.187 seconds.
swift build & test (macOS)	Test (the suite, minus the hammer)	2026-09-29T14:11:39.6694920Z ✔ Test "the size sums exactly the files the download's glob would fetch" passed after 3.187 seconds.
swift build & test (macOS)	Test (the suite, minus the hammer)	2026-09-29T14:11:39.6756200Z ✔ Test "a caller's fake drives a complete install, with progress and a manifest" passed after 3.187 seconds.
swift build & test (macOS)	Test (the suite, minus the hammer)	2026-09-29T14:11:39.6757260Z ✔ Test "detaching a node that was never attached is harmless" passed after 3.187 seconds.
swift build & test (macOS)	Test (the suite, minus the hammer)	2026-09-29T14:11:39.6757930Z ✔ Test "a plain engine host attaches, renders, and gives the node back" passed after 3.187 seconds.
swift build & test (macOS)	Test (the suite, minus the hammer)	2026-09-29T14:11:39.6762530Z ✔ Test "a host that made its own engine stops it" passed after 3.187 seconds.
swift build & test (macOS)	Test (the suite, minus the hammer)	2026-09-29T14:11:39.6763130Z ✔ Test "tearing down after the engine stopped is safe" passed after 3.187 seconds.
swift build & test (macOS)	Test (the suite, minus the hammer)	2026-09-29T14:11:39.6763840Z ✔ Test "a host takes several replies in turn" passed after 3.187 seconds.
swift build & test (macOS)	Test (the suite, minus the hammer)	2026-09-29T14:11:39.6764890Z ✔ Test "detaching a node the engine already dropped is a no-op, not a crash" passed after 3.186 seconds.
swift build & test (macOS)	Test (the suite, minus the hammer)	2026-09-29T14:11:39.6765530Z ✔ Test "a host that borrowed an engine never stops it" passed after 3.186 seconds.
swift build & test (macOS)	Test (the suite, minus the hammer)	2026-09-29T14:11:39.6875170Z ✔ Test "a microphone that has not started is not watching, and says so" passed after 3.187 seconds.
swift build & test (macOS)	Test (the suite, minus the hammer)	2026-09-29T14:11:39.6977730Z ✔ Test "the steps run in the order they were given" passed after 3.187 seconds.
swift build & test (macOS)	Test (the suite, minus the hammer)	2026-09-29T14:11:39.7095400Z ✔ Test "attaching to a microphone that is not capturing fails loudly" passed after 3.189 seconds.
swift build & test (macOS)	Test (the suite, minus the hammer)	2026-09-29T14:11:39.7207680Z ✔ Test "THE ORDER THAT KILLS: the voice must precede the mind" passed after 3.187 seconds.
swift build & test (macOS)	Test (the suite, minus the hammer)	2026-09-29T14:11:39.7310920Z ✔ Test "it says whether it has run" passed after 3.187 seconds.
swift build & test (macOS)	Test (the suite, minus the hammer)	2026-09-29T14:11:39.7438390Z ✔ Test "a call after it has finished does nothing at all" passed after 3.211 seconds.
swift build & test (macOS)	Test (the suite, minus the hammer)	2026-09-29T14:11:39.7542460Z ✔ Test "HALF a vocabulary throws rather than guesses" passed after 3.215 seconds.
swift build & test (macOS)	Test (the suite, minus the hammer)	2026-09-29T14:11:39.7676850Z ✔ Test "the REAL model's config yields 151667/151668 (model config; skips if absent)" passed after 3.215 seconds.
swift build & test (macOS)	Test (the suite, minus the hammer)	2026-09-29T14:11:39.7784850Z ✔ Test "both markers present — the two ids are read from the vocabulary" passed after 3.216 seconds.
swift build & test (macOS)	Test (the suite, minus the hammer)	2026-09-29T14:11:39.7887050Z ✔ Test "a file that is not a tokenizer configuration is refused" passed after 3.216 seconds.
swift build & test (macOS)	Test (the suite, minus the hammer)	2026-09-29T14:11:39.8015190Z ✔ Test "a model that does not reason out loud is nil, not an error" passed after 3.216 seconds.
swift build & test (macOS)	Test (the suite, minus the hammer)	2026-09-29T14:11:39.8117660Z ✔ Test "the cushion RISES when the machine slows — latest-wins in the harmful direction" passed after 3.241 seconds.
swift build & test (macOS)	Test (the suite, minus the hammer)	2026-09-29T14:11:39.8232130Z ✔ Test "a failed run teaches nothing — its truncated length stays out of the window" passed after 3.242 seconds.
swift build & test (macOS)	Test (the suite, minus the hammer)	2026-09-29T14:11:39.8335440Z ✔ Test "a failed run before any finished one leaves the learner empty" passed after 3.242 seconds.
swift build & test (macOS)	Test (the suite, minus the hammer)	2026-09-29T14:11:39.8439390Z ✔ Test "an unfinished reply still teaches nothing" passed after 3.876 seconds.
swift build & test (macOS)	Test (the suite, minus the hammer)	2026-09-29T14:11:39.8542590Z ✔ Test "no step record means no learned cushion, not a guessed one" passed after 3.876 seconds.
swift build & test (macOS)	Test (the suite, minus the hammer)	2026-09-29T14:11:39.8645780Z ✔ Test "a stall repaid by the end still sizes the cushion" passed after 3.880 seconds.
swift build & test (macOS)	Test (the suite, minus the hammer)	2026-09-29T14:11:39.8747870Z ✔ Test "a uniformly slow decode sizes the same as it always did" passed after 3.880 seconds.
swift build & test (macOS)	Test (the suite, minus the hammer)	2026-09-29T14:11:39.8849540Z ✔ Test "a decoder that keeps up is asked for no cushion" passed after 3.880 seconds.
swift build & test (macOS)	Test (the suite, minus the hammer)	2026-09-29T14:11:39.8958830Z ✔ Test "a short reply after a long one lowers the cushion — the known cost" passed after 3.881 seconds.
swift build & test (macOS)	Test (the suite, minus the hammer)	2026-09-29T14:11:39.9064360Z ✔ Test "a table the check passed renders exactly the pinned bytes — the rendering never sees a duplicate" passed after 3.889 seconds.
swift build & test (macOS)	Test (the suite, minus the hammer)	2026-09-29T14:11:39.9173590Z ✔ Test "a band with showsRange renders minimum and maximum in the property" passed after 3.889 seconds.
swift build & test (macOS)	Test (the suite, minus the hammer)	2026-09-29T14:11:39.9281740Z ✔ Test "all-optional parameters render properties and no `required` key" passed after 3.889 seconds.
swift build & test (macOS)	Test (the suite, minus the hammer)	2026-09-29T14:11:39.9444320Z ✔ Test "one tool renders as a function spec with an empty object of parameters" passed after 3.889 seconds.
swift build & test (macOS)	Test (the suite, minus the hammer)	2026-09-29T14:11:39.9572740Z ✔ Test "an empty table renders nil, not []; a table renders one spec per tool" passed after 3.889 seconds.
swift build & test (macOS)	Test (the suite, minus the hammer)	2026-09-29T14:11:39.9717580Z ✔ Test "parameters render one property each with its JSON type and sentence, and `required` names the required ones" passed after 3.889 seconds.
swift build & test (macOS)	Test (the suite, minus the hammer)	2026-09-29T14:11:39.9833320Z ✔ Test "a band with showsRange false renders nothing of it" passed after 3.889 seconds.
swift build & test (macOS)	Test (the suite, minus the hammer)	2026-09-29T14:11:39.9975250Z ✔ Test "runsEach of zero measures nothing — it does not halt the process" passed after 3.903 seconds.
swift build & test (macOS)	Test (the suite, minus the hammer)	2026-09-29T14:11:40.0079700Z ✔ Test "every configuration is prepared before it is measured, every run" passed after 3.903 seconds.
swift build & test (macOS)	Test (the suite, minus the hammer)	2026-09-29T14:11:40.0241910Z ✔ Test "the two decoders do NOT get the same cushion" passed after 3.903 seconds.
swift build & test (macOS)	Test (the suite, minus the hammer)	2026-09-29T14:11:40.0376750Z ✔ Test "a reply that never spoke prints an em dash, never 0 ms" passed after 3.903 seconds.
swift build & test (macOS)	Test (the suite, minus the hammer)	2026-09-29T14:11:40.0480780Z ✔ Test "an explicit lead still wins — the derivation is a default, not a law" passed after 3.904 seconds.
swift build & test (macOS)	Test (the suite, minus the hammer)	2026-09-29T14:11:40.0593800Z ✔ Test "reset happens AFTER prepare — the row counts the run, not the setup" passed after 3.904 seconds.
swift build & test (macOS)	Test (the suite, minus the hammer)	2026-09-29T14:11:40.0697030Z ✔ Test "`.stepped` needs one — it decodes slower than real time" passed after 3.904 seconds.
swift build & test (macOS)	Test (the suite, minus the hammer)	2026-09-29T14:11:40.0800130Z ✔ Test "measuredRealTimeFactor provides platform-calibrated values" passed after 3.904 seconds.
swift build & test (macOS)	Test (the suite, minus the hammer)	2026-09-29T14:11:40.0908430Z ✔ Test "a device that cannot answer prints an em dash, never 0 MB" passed after 3.904 seconds.
swift build & test (macOS)	Test (the suite, minus the hammer)	2026-09-29T14:11:40.1013140Z ✔ Test "`.fused` needs no cushion — it decodes faster than the ear drinks" passed after 3.904 seconds.
swift build & test (macOS)	Test (the suite, minus the hammer)	2026-09-29T14:11:40.1129550Z ✔ Test "a completed sweep restores exactly once" passed after 3.904 seconds.
swift build & test (macOS)	Test (the suite, minus the hammer)	2026-09-29T14:11:40.1232150Z ✔ Test "a stage that throws mid-sweep still gets its settings back" passed after 3.904 seconds.
swift build & test (macOS)	Test (the suite, minus the hammer)	2026-09-29T14:11:40.1337930Z ✔ Test "the CONSTANT is `.fused`'s cushion, and passing it to `.stepped` is the bug" passed after 3.904 seconds.
swift build & test (macOS)	Test (the suite, minus the hammer)	2026-09-29T14:11:40.1444730Z ✔ Test "durations render as whole milliseconds" passed after 3.904 seconds.
swift build & test (macOS)	Test (the suite, minus the hammer)	2026-09-29T14:11:40.1575460Z ✔ Test "a throw part-way keeps every row already measured" passed after 3.904 seconds.
swift build & test (macOS)	Test (the suite, minus the hammer)	2026-09-29T14:11:40.1687560Z ✔ Test "the table is the shape INSTRUMENTS already uses" passed after 3.904 seconds.
swift build & test (macOS)	Test (the suite, minus the hammer)	2026-09-29T14:11:40.1802620Z ✔ Test "each row is prepare → reset → sample → measure, in that order" passed after 3.904 seconds.
swift build & test (macOS)	Test (the suite, minus the hammer)	2026-09-29T14:11:40.1959520Z ✔ Test "a host that is torn down keeps no nodes" passed after 3.916 seconds.
swift build & test (macOS)	Test (the suite, minus the hammer)	2026-09-29T14:11:40.2073690Z ➜ Test "the row being measured when the cancel lands is DROPPED, not published" was cancelled after 3.904 seconds.
swift build & test (macOS)	Test (the suite, minus the hammer)	2026-09-29T14:11:40.2220090Z ✔ Test "a row carries the conditions sampled for that row, not the sweep's first" passed after 3.904 seconds.
swift build & test (macOS)	Test (the suite, minus the hammer)	2026-09-29T14:11:40.2344200Z ✔ Test "the phone sweep does not include a decoder that cannot load there" passed after 3.904 seconds.
swift build & test (macOS)	Test (the suite, minus the hammer)	2026-09-29T14:11:40.2446980Z ✔ Test "with the mind resident it refuses, and changes nothing" passed after 3.904 seconds.
swift build & test (macOS)	Test (the suite, minus the hammer)	2026-09-29T14:11:40.2447730Z ✔ Test "a gap inside the speech is found, with its length" passed after 3.904 seconds.
swift build & test (macOS)	Test (the suite, minus the hammer)	2026-09-29T14:11:40.2585910Z ✔ Test "the cushion's own silence is not counted against it" passed after 3.904 seconds.
swift build & test (macOS)	Test (the suite, minus the hammer)	2026-09-29T14:11:40.2688420Z ✔ Test "all-silent audio reports nothing rather than dividing by zero" passed after 3.904 seconds.
swift build & test (macOS)	Test (the suite, minus the hammer)	2026-09-29T14:11:40.2811220Z ✔ Test "many small gaps are counted and summed — the starvation shape" passed after 3.904 seconds.
swift build & test (macOS)	Test (the suite, minus the hammer)	2026-09-29T14:11:40.2990270Z ✔ Test "quiet speech is speech, not a dropout" passed after 3.904 seconds.
swift build & test (macOS)	Test (the suite, minus the hammer)	2026-09-29T14:11:40.3108830Z ✔ Test "runs below the minimum are not gaps" passed after 3.904 seconds.
swift build & test (macOS)	Test (the suite, minus the hammer)	2026-09-29T14:11:40.3136200Z ✔ Test "a zero minimum still needs a real run, not every sample boundary" passed after 3.904 seconds.
swift build & test (macOS)	Test (the suite, minus the hammer)	2026-09-29T14:11:40.3279950Z ✔ Test "continuous speech has no dropouts" passed after 3.904 seconds.
swift build & test (macOS)	Test (the suite, minus the hammer)	2026-09-29T14:11:40.3389580Z ➜ Test "cancellation keeps the rows already measured, and still restores" was cancelled after 3.905 seconds.
swift build & test (macOS)	Test (the suite, minus the hammer)	2026-09-29T14:11:40.3517410Z SKIPPED (this device cannot run the on-device model) — an OS-26 machine with the on-device model ready makes this test REAL
swift build & test (macOS)	Test (the suite, minus the hammer)	2026-09-29T14:11:40.3519830Z SKIPPED (this device cannot run the on-device model) — an OS-26 machine with the on-device model ready makes this test REAL
swift build & test (macOS)	Test (the suite, minus the hammer)	2026-09-29T14:11:40.3663600Z ✔ Test "a call still buffered at end of sequence is parsed by finish()" passed after 3.925 seconds.
swift build & test (macOS)	Test (the suite, minus the hammer)	2026-09-29T14:11:40.3767770Z ✔ Test "a tagged call is collected silently and emitted whole when its end tag arrives" passed after 3.925 seconds.
swift build & test (macOS)	Test (the suite, minus the hammer)	2026-09-29T14:11:40.3871960Z ✔ Test "words before the call are spoken; the call's arguments arrive typed — the model's 2 is a number" passed after 3.926 seconds.
swift build & test (macOS)	Test (the suite, minus the hammer)	2026-09-29T14:11:40.3976140Z ✔ Test "plain text passes through as tokens, one per piece" passed after 3.926 seconds.
swift build & test (macOS)	Test (the suite, minus the hammer)	2026-09-29T14:11:40.4089280Z ✔ Test "a brace that was not a call is text after all, flushed at the end" passed after 3.987 seconds.
swift build & test (macOS)	Test (the suite, minus the hammer)	2026-09-29T14:11:40.4234550Z ✔ Test "a real reading reports both a number and that it is measuring" passed after 3.985 seconds.
swift build & test (macOS)	Test (the suite, minus the hammer)	2026-09-29T14:11:40.4349320Z ✔ Test "every unavailable reason is distinct — a caller can tell them apart" passed after 3.985 seconds.
swift build & test (macOS)	Test (the suite, minus the hammer)	2026-09-29T14:11:40.4471540Z ✔ Test "on this Mac the reader refuses to invent a number" passed after 3.985 seconds.
swift build & test (macOS)	Test (the suite, minus the hammer)	2026-09-29T14:11:40.4582540Z ✔ Test "enough audio queued starts playback" passed after 3.985 seconds.
swift build & test (macOS)	Test (the suite, minus the hammer)	2026-09-29T14:11:40.4624270Z ✔ Test "exhausted and unavailable are never the same answer" passed after 3.986 seconds.
swift build & test (macOS)	Test (the suite, minus the hammer)	2026-09-29T14:11:40.4832030Z ✔ Test "playback starts exactly once, however much more arrives" passed after 3.985 seconds.
swift build & test (macOS)	Test (the suite, minus the hammer)	2026-09-29T14:11:40.4969040Z ✔ Test "an abandoned reply starts nothing, before or after the target" passed after 3.985 seconds.
swift build & test (macOS)	Test (the suite, minus the hammer)	2026-09-29T14:11:40.5250000Z ✔ Test "the exact boundary starts — the target is a floor, not a fence" passed after 3.985 seconds.
swift build & test (macOS)	Test (the suite, minus the hammer)	2026-09-29T14:11:40.5325170Z ✔ Test "a reply that ends before the lead still plays" passed after 3.985 seconds.
swift build & test (macOS)	Test (the suite, minus the hammer)	2026-09-29T14:11:40.5466450Z ✔ Test "the end of the reply cannot re-start an already-playing reply" passed after 3.985 seconds.
swift build & test (macOS)	Test (the suite, minus the hammer)	2026-09-29T14:11:40.5613890Z ✔ Test "below the target waits, however many buffers arrive" passed after 3.985 seconds.
swift build & test (macOS)	Test (the suite, minus the hammer)	2026-09-29T14:11:40.5616470Z ✔ Test "empty audio moves nothing" passed after 3.985 seconds.
swift build & test (macOS)	Test (the suite, minus the hammer)	2026-09-29T14:11:40.5722150Z ✔ Test "a silent reply starts nothing" passed after 3.985 seconds.
swift build & test (macOS)	Test (the suite, minus the hammer)	2026-09-29T14:11:40.5833210Z ✔ Test "a decoder that keeps ahead needs no lead at all" passed after 3.985 seconds.
swift build & test (macOS)	Test (the suite, minus the hammer)	2026-09-29T14:11:40.5953980Z ✔ Test "a zero target reproduces the un-buffered behaviour exactly" passed after 3.985 seconds.
swift build & test (macOS)	Test (the suite, minus the hammer)	2026-09-29T14:11:40.6104610Z SKIPPED (no MMK_MLX_MODEL or no metallib) — set MMK_MLX_MODEL and run Scripts/metallib.sh to make this test REAL
swift build & test (macOS)	Test (the suite, minus the hammer)	2026-09-29T14:11:40.6243150Z ✔ Test "the sizing rule covers a measured deficit" passed after 4.014 seconds.
swift build & test (macOS)	Test (the suite, minus the hammer)	2026-09-29T14:11:40.6355700Z ✔ Test "the measured window cannot swallow the shortest real utterance" passed after 4.014 seconds.
swift build & test (macOS)	Test (the suite, minus the hammer)	2026-09-29T14:11:40.6460360Z ✔ Test "the way back: a whole number is an int, the rest are themselves, containers recurse" with 7 test cases passed after 4.015 seconds.
swift build & test (macOS)	Test (the suite, minus the hammer)	2026-09-29T14:11:40.6595720Z ✔ Test "each JSON kind becomes its ToolValue: numbers to .number, containers carried for the door to refuse" with 9 test cases passed after 4.015 seconds.
swift build & test (macOS)	Test (the suite, minus the hammer)	2026-09-29T14:11:40.6738220Z ✔ Test "the vendor's ToolCall becomes the seam's request, name kept, arguments typed" passed after 4.015 seconds.
swift build & test (macOS)	Test (the suite, minus the hammer)	2026-09-29T14:11:40.6841200Z ✔ Test "a call with no arguments is a request with none — the spike's read" passed after 4.014 seconds.
swift build & test (macOS)	Test (the suite, minus the hammer)	2026-09-29T14:11:40.6944920Z ✔ Test "84 as an int and 84.0 as a double are one value (F-13 b)" passed after 4.015 seconds.
swift build & test (macOS)	Test (the suite, minus the hammer)	2026-09-29T14:11:40.7055100Z ✔ Test "forget empties the window — no lengths survive a decoder change" passed after 4.038 seconds.
swift build & test (macOS)	Test (the suite, minus the hammer)	2026-09-29T14:11:40.7074480Z ✔ Test "a long reply raises the cushion, and four short ones retire it" passed after 4.039 seconds.
swift build & test (macOS)	Test (the suite, minus the hammer)	2026-09-29T14:11:40.7240810Z ✔ Test "the RTF stays latest-wins while the length is windowed" passed after 4.039 seconds.
swift build & test (macOS)	Test (the suite, minus the hammer)	2026-09-29T14:11:40.7343520Z ✔ Test "the reply's LENGTH reaches the window — the assertion §48 was missing" passed after 4.039 seconds.
swift build & test (macOS)	Test (the suite, minus the hammer)	2026-09-29T14:11:40.7447630Z ✔ Test "the window is the MEAN of the last four lengths" passed after 4.039 seconds.
swift build & test (macOS)	Test (the suite, minus the hammer)	2026-09-29T14:11:40.7597210Z ✔ Test "both variants resolve to the SAME tokenizer folder" passed after 4.041 seconds.
swift build & test (macOS)	Test (the suite, minus the hammer)	2026-09-29T14:11:40.7707260Z ✔ Test "the folder ends in the vendor's constant, quoted" passed after 4.041 seconds.
swift build & test (macOS)	Test (the suite, minus the hammer)	2026-09-29T14:11:40.7787990Z ✔ Test "exactly real time is not keeping up" passed after 4.045 seconds.
swift build & test (macOS)	Test (the suite, minus the hammer)	2026-09-29T14:11:40.7894320Z ✔ Test "the configurations that DID starve all read not-keepsUp" passed after 4.053 seconds.
swift build & test (macOS)	Test (the suite, minus the hammer)	2026-09-29T14:11:40.8027750Z ✔ Test "a decode can keep up on average and still have needed a cushion" passed after 4.053 seconds.
swift build & test (macOS)	Test (the suite, minus the hammer)	2026-09-29T14:11:40.8137520Z ✔ Test "the configurations that never starved all read keepsUp" passed after 4.053 seconds.
swift build & test (macOS)	Test (the suite, minus the hammer)	2026-09-29T14:11:40.8245810Z ✔ Test "other writing systems are speakable" passed after 4.053 seconds.
swift build & test (macOS)	Test (the suite, minus the hammer)	2026-09-29T14:11:40.8366400Z ✔ Test "digits are speakable — a number is a word out loud" passed after 4.053 seconds.
swift build & test (macOS)	Test (the suite, minus the hammer)	2026-09-29T14:11:40.8460980Z ✔ Test "whitespace alone is not speakable — the case that hung the suite" passed after 4.053 seconds.
swift build & test (macOS)	Test (the suite, minus the hammer)	2026-09-29T14:11:40.8583560Z ✔ Test "punctuation alone is not speakable" passed after 4.053 seconds.
swift build & test (macOS)	Test (the suite, minus the hammer)	2026-09-29T14:11:40.8696320Z ✔ Test "a complete download writes manifest.json listing every file at its byte count" passed after 4.056 seconds.
swift build & test (macOS)	Test (the suite, minus the hammer)	2026-09-29T14:11:40.8806880Z ✔ Test "the door's needs are the platform's floor and NO memory claim" passed after 4.053 seconds.
swift build & test (macOS)	Test (the suite, minus the hammer)	2026-09-29T14:11:40.8907660Z ✔ Test "a memory-tight phone that has not loaded yet still opens the door" passed after 4.053 seconds.
swift build & test (macOS)	Test (the suite, minus the hammer)	2026-09-29T14:11:40.9031060Z ✔ Test "detaching a node that is attached but wired to nothing is a no-op" passed after 4.081 seconds.
swift build & test (macOS)	Test (the suite, minus the hammer)	2026-09-29T14:11:40.9154240Z ✔ Test "a RESIDENT model claims no memory, and retire() gives the claim back" passed after 4.053 seconds.
swift build & test (macOS)	Test (the suite, minus the hammer)	2026-09-29T14:11:40.9269920Z ✔ Test "the working-set estimate is 0 for absent weights — no claim on a number we do not have" passed after 4.053 seconds.
swift build & test (macOS)	Test (the suite, minus the hammer)	2026-09-29T14:11:40.9407380Z ✔ Test "the working-set estimate saturates instead of trapping, like the manifest's own sum" passed after 4.053 seconds.
swift build & test (macOS)	Test (the suite, minus the hammer)	2026-09-29T14:11:40.9511150Z ✔ Test "a report that trips two rules gets the first one" passed after 4.053 seconds.
swift build & test (macOS)	Test (the suite, minus the hammer)	2026-09-29T14:11:40.9625230Z ✔ Test "the working-set estimate is the safetensors bytes × 1.5 — the measured phone peaks" passed after 4.053 seconds.
swift build & test (macOS)	Test (the suite, minus the hammer)	2026-09-29T14:11:40.9729090Z ✔ Test "a mind that claims no memory is never refused for memory" passed after 4.053 seconds.
swift build & test (macOS)	Test (the suite, minus the hammer)	2026-09-29T14:11:41.0012860Z ✔ Test "an unknown headroom with a memory need is NOT a refusal" passed after 4.053 seconds.
swift build & test (macOS)	Test (the suite, minus the hammer)	2026-09-29T14:11:41.0143920Z ✔ Test "the floor is rendered with the report's platform name" passed after 4.054 seconds.
swift build & test (macOS)	Test (the suite, minus the hammer)	2026-09-29T14:11:41.0263650Z ✔ Test "versions compare as numbers, not as words" passed after 4.054 seconds.
swift build & test (macOS)	Test (the suite, minus the hammer)	2026-09-29T14:11:41.0428290Z ✔ Test "only the Simulator verdict says Simulator" passed after 4.053 seconds.
swift build & test (macOS)	Test (the suite, minus the hammer)	2026-09-29T14:11:41.0827320Z ✔ Test "headroom exactly equal to the need is enough" passed after 4.054 seconds.
swift build & test (macOS)	Test (the suite, minus the hammer)	2026-09-29T14:11:41.1013350Z ✔ Test "every verdict, one row each, and the healthy phone is ready" passed after 4.054 seconds.
swift build & test (macOS)	Test (the suite, minus the hammer)	2026-09-29T14:11:41.1294420Z ✔ Test "the platform knows both floors: the library's and the Apple mind's" passed after 4.054 seconds.
swift build & test (macOS)	Test (the suite, minus the hammer)	2026-09-29T14:11:41.1555680Z ✔ Test "an unverified install counts as installed" passed after 4.056 seconds.
swift build & test (macOS)	Test (the suite, minus the hammer)	2026-09-29T14:11:41.1676880Z ✔ Test "a 0 Hz format is refused by name, not by crashing" passed after 4.075 seconds.
swift build & test (macOS)	Test (the suite, minus the hammer)	2026-09-29T14:11:41.1796230Z ✔ Test "the microphone host still refuses when it is not capturing" passed after 4.075 seconds.
swift build & test (macOS)	Test (the suite, minus the hammer)	2026-09-29T14:11:41.1930100Z ✔ Test "a sane format passes the check — the guard is not simply always-no" passed after 4.075 seconds.
swift build & test (macOS)	Test (the suite, minus the hammer)	2026-09-29T14:11:41.2135010Z ✔ Test "the refusal carries the numbers, so a report says what was wrong" passed after 4.076 seconds.
swift build & test (macOS)	Test (the suite, minus the hammer)	2026-09-29T14:11:41.2294860Z ✔ Test "nil per-call instructions leave the source's own as the system message" passed after 4.076 seconds.
swift build & test (macOS)	Test (the suite, minus the hammer)	2026-09-29T14:11:41.2449960Z ✔ Test "nil on both sides is NO system message at all — the voice path, unchanged" passed after 4.076 seconds.
swift build & test (macOS)	Test (the suite, minus the hammer)	2026-09-29T14:11:41.2754860Z ✔ Test "the caller's per-call instruction is the system message — Aura's G1" passed after 4.076 seconds.
swift build & test (macOS)	Test (the suite, minus the hammer)	2026-09-29T14:11:41.2757120Z ✔ Test "between its markers the handler is the one hop: no await of its own, no MLX call, no work" passed after 4.076 seconds.
swift build & test (macOS)	Test (the suite, minus the hammer)	2026-09-29T14:11:41.2945120Z ✔ Test "the past arrives in roles, and a barged reply ends in the ellipsis" passed after 4.076 seconds.
swift build & test (macOS)	Test (the suite, minus the hammer)	2026-09-29T14:11:41.3070210Z ✔ Test "the model is the only subscriber in the module" passed after 4.076 seconds.
swift build & test (macOS)	Test (the suite, minus the hammer)	2026-09-29T14:11:41.3211690Z ✔ Test "the budget reaches maxTokens, and nothing else is invented" passed after 4.077 seconds.
swift build & test (macOS)	Test (the suite, minus the hammer)	2026-09-29T14:11:41.3344660Z ✔ Test "temperature 0 travels as 0 — the greedy path, not a nil that becomes 0.6" passed after 4.086 seconds.
swift build & test (macOS)	Test (the suite, minus the hammer)	2026-09-29T14:11:41.3473030Z ✔ Test "temperature and seed reach the vendor when the caller gives them" passed after 4.086 seconds.
swift build & test (macOS)	Test (the suite, minus the hammer)	2026-09-29T14:11:41.3661720Z ✔ Test "no speech at all is refused rather than guessed" passed after 4.087 seconds.
swift build & test (macOS)	Test (the suite, minus the hammer)	2026-09-29T14:11:41.3791430Z ✔ Test "ordinary text is speakable" passed after 4.091 seconds.
swift build & test (macOS)	Test (the suite, minus the hammer)	2026-09-29T14:11:41.3948610Z ✔ Test "the gate always sits strictly below the speech it must pass" passed after 4.087 seconds.
swift build & test (macOS)	Test (the suite, minus the hammer)	2026-09-29T14:11:41.4110560Z ✔ Test "exactly the minimum ratio is accepted" passed after 4.089 seconds.
swift build & test (macOS)	Test (the suite, minus the hammer)	2026-09-29T14:11:41.4447120Z ✔ Test "a voice barely above the room cannot carry a gate" passed after 4.089 seconds.
swift build & test (macOS)	Test (the suite, minus the hammer)	2026-09-29T14:11:41.4664640Z ✔ Test "a perfectly silent room still yields a usable gate" passed after 4.089 seconds.
swift build & test (macOS)	Test (the suite, minus the hammer)	2026-09-29T14:11:41.4794210Z ✔ Test "the midpoint is geometric — equally clear of both mistakes" passed after 4.089 seconds.
swift build & test (macOS)	Test (the suite, minus the hammer)	2026-09-29T14:11:41.4984420Z ✔ Test "a quiet room and a normal voice put the gate between them" passed after 4.089 seconds.
swift build & test (macOS)	Test (the suite, minus the hammer)	2026-09-29T14:11:41.5141350Z ✔ Test "no flags means base, untouched — lead stays derivable" passed after 4.089 seconds.
swift build & test (macOS)	Test (the suite, minus the hammer)	2026-09-29T14:11:41.5492190Z ✔ Test "the hint is stored as given, and absent by default" passed after 4.089 seconds.
swift build & test (macOS)	Test (the suite, minus the hammer)	2026-09-29T14:11:41.5505270Z ✔ Test "each voice reports its own levers, not the other's" passed after 4.089 seconds.
swift build & test (macOS)	Test (the suite, minus the hammer)	2026-09-29T14:11:41.6807000Z ✔ Test "when the picker and the built voice disagree, the voice wins" passed after 4.089 seconds.
swift build & test (macOS)	Test (the suite, minus the hammer)	2026-09-29T14:11:41.7830960Z ✔ Test "every lever reaches the voice that gets built" passed after 4.089 seconds.
swift build & test (macOS)	Test (the suite, minus the hammer)	2026-09-29T14:11:41.8007670Z ✔ Test "the small model parses with the token the phone persists" passed after 4.089 seconds.
swift build & test (macOS)	Test (the suite, minus the hammer)	2026-09-29T14:11:41.8174110Z ✔ Test "a measured cushion is labelled as measured, a typed one is not" passed after 4.090 seconds.
swift build & test (macOS)	Test (the suite, minus the hammer)	2026-09-29T14:11:41.8279600Z ✔ Test "the phone's default is not a decoder the phone cannot load" passed after 4.090 seconds.
swift build & test (macOS)	Test (the suite, minus the hammer)	2026-09-29T14:11:41.8381960Z ✔ Test "the model reaches the voice, and the display names it" passed after 4.090 seconds.
swift build & test (macOS)	Test (the suite, minus the hammer)	2026-09-29T14:11:41.8485300Z ✔ Test "the voice lever parses in both directions" passed after 4.090 seconds.
swift build & test (macOS)	Test (the suite, minus the hammer)	2026-09-29T14:11:41.8622110Z ✔ Test "the factory builds the voice the lever names" passed after 4.090 seconds.
swift build & test (macOS)	Test (the suite, minus the hammer)	2026-09-29T14:11:41.8724440Z ✔ Test "an unreadable number is refused, not shrugged into the default" passed after 4.090 seconds.
swift build & test (macOS)	Test (the suite, minus the hammer)	2026-09-29T14:11:41.8829200Z ✔ Test "every flag reaches the levers, in the app's own tokens" passed after 4.090 seconds.
swift build & test (macOS)	Test (the suite, minus the hammer)	2026-09-29T14:11:41.8958050Z ✔ Test "--mouth is still not this lever's flag" passed after 4.090 seconds.
swift build & test (macOS)	Test (the suite, minus the hammer)	2026-09-29T14:11:41.9064610Z ✔ Test "a voice that cannot keep up shows the cushion in milliseconds" passed after 4.090 seconds.
swift build & test (macOS)	Test (the suite, minus the hammer)	2026-09-29T14:11:41.9167850Z ✔ Test "the default voice is Kokoro, which is what D-084 ruled" passed after 4.090 seconds.
swift build & test (macOS)	Test (the suite, minus the hammer)	2026-09-29T14:11:41.9272540Z ✔ Test "an unknown voice is refused in our words, never guessed" passed after 4.090 seconds.
swift build & test (macOS)	Test (the suite, minus the hammer)	2026-09-29T14:11:41.9417410Z ✔ Test "a voice that keeps up says it needs no cushion" passed after 4.090 seconds.
swift build & test (macOS)	Test (the suite, minus the hammer)	2026-09-29T14:11:41.9589840Z ✔ Test "--decoder=banana is refused in our words, never silently .fused" passed after 4.090 seconds.
swift build & test (macOS)	Test (the suite, minus the hammer)	2026-09-29T14:11:41.9596150Z ✔ Test "CONTROL: .fused really does load here, so an iOS refusal means something" passed after 4.090 seconds.
swift build & test (macOS)	Test (the suite, minus the hammer)	2026-09-29T14:11:41.9700890Z ✔ Test "no lead given means the cushion is still derived, not zeroed" passed after 4.090 seconds.
swift build & test (macOS)	Test (the suite, minus the hammer)	2026-09-29T14:11:41.9807400Z ✔ Test "the refusal names the flag, the wrong value, and the allowed tokens" passed after 4.091 seconds.
swift build & test (macOS)	Test (the suite, minus the hammer)	2026-09-29T14:11:41.9949330Z ✔ Test "every unavailability reason describes itself in honest words" passed after 4.091 seconds.
swift build & test (macOS)	Test (the suite, minus the hammer)	2026-09-29T14:11:42.0195390Z ✔ Test "what is in force names every lever that was actually built" passed after 4.091 seconds.
swift build & test (macOS)	Test (the suite, minus the hammer)	2026-09-29T14:11:42.0196970Z ✔ Test "choosing Kokoro keeps Qwen's knobs untouched" passed after 4.091 seconds.
swift build & test (macOS)	Test (the suite, minus the hammer)	2026-09-29T14:11:42.0477210Z ✔ Test "a prompt that fills or exceeds the window is refused — nothing could be said" passed after 4.100 seconds.
swift build & test (macOS)	Test (the suite, minus the hammer)	2026-09-29T14:11:42.0797070Z ✔ Test "the window is read from config.json's max_position_embeddings, and absent is nil" passed after 4.100 seconds.
swift build & test (macOS)	Test (the suite, minus the hammer)	2026-09-29T14:11:42.0898630Z ✔ Test "a prompt that leaves room for one reply token fits" passed after 4.100 seconds.
swift build & test (macOS)	Test (the suite, minus the hammer)	2026-09-29T14:11:42.1000160Z SKIPPED (this device cannot run the on-device model) — an OS-26 machine with the on-device model ready makes this test REAL
swift build & test (macOS)	Test (the suite, minus the hammer)	2026-09-29T14:11:42.1116310Z ✔ Test "no window number means no refusal — the library does not refuse on a number it lacks" passed after 4.116 seconds.
swift build & test (macOS)	Test (the suite, minus the hammer)	2026-09-29T14:11:42.1214460Z ✔ Test "multi-byte text diffs at character boundaries, not bytes" passed after 4.116 seconds.
swift build & test (macOS)	Test (the suite, minus the hammer)	2026-09-29T14:11:42.1346920Z ✔ Test "a SHRUNKEN snapshot throws — shorter cannot extend" passed after 4.116 seconds.
swift build & test (macOS)	Test (the suite, minus the hammer)	2026-09-29T14:11:42.1448870Z ✔ Test "cumulative snapshots become exactly their new suffixes" passed after 4.116 seconds.
swift build & test (macOS)	Test (the suite, minus the hammer)	2026-09-29T14:11:42.1556450Z ✔ Test "after a violation the differ vouches for nothing new" passed after 4.116 seconds.
swift build & test (macOS)	Test (the suite, minus the hammer)	2026-09-29T14:11:42.1674900Z ✔ Test "the first snapshot is emitted whole, even when empty" passed after 4.116 seconds.
swift build & test (macOS)	Test (the suite, minus the hammer)	2026-09-29T14:11:42.1783380Z ✔ Test "the credential scan reports a credential attached the ordinary way" passed after 4.116 seconds.
swift build & test (macOS)	Test (the suite, minus the hammer)	2026-09-29T14:11:42.1897760Z ✔ Test "an unchanged snapshot is nothing to say, not a violation" passed after 4.117 seconds.
swift build & test (macOS)	Test (the suite, minus the hammer)	2026-09-29T14:11:42.2004060Z ✔ Test "the proofs block names the file each check lives in" passed after 4.124 seconds.
swift build & test (macOS)	Test (the suite, minus the hammer)	2026-09-29T14:11:42.2107350Z ✔ Test "a credential cannot hide a host, and a substring is not a match" passed after 4.124 seconds.
swift build & test (macOS)	Test (the suite, minus the hammer)	2026-09-29T14:11:42.2210430Z ✔ Test "the manifest guard names a new library product that declares none" passed after 4.124 seconds.
swift build & test (macOS)	Test (the suite, minus the hammer)	2026-09-29T14:11:42.2325270Z ✔ Test "the list names the hub the MLX weight fetch reaches, which no literal in Sources/ names" passed after 4.124 seconds.
swift build & test (macOS)	Test (the suite, minus the hammer)	2026-09-29T14:11:42.2436050Z ✔ Test "a declared host is either named in Sources/ or declared as never called" passed after 4.124 seconds.
swift build & test (macOS)	Test (the suite, minus the hammer)	2026-09-29T14:11:42.2541460Z ✔ Test "the scanner reports a host the document does not name" passed after 4.124 seconds.
swift build & test (macOS)	Test (the suite, minus the hammer)	2026-09-29T14:11:42.2671300Z ✔ Test "the required-reason cross-check accepts a used API that IS declared" passed after 4.124 seconds.
swift build & test (macOS)	Test (the suite, minus the hammer)	2026-09-29T14:11:42.2778910Z ✔ Test "a host is a host: ports and trailing punctuation are stripped" passed after 4.125 seconds.
swift build & test (macOS)	Test (the suite, minus the hammer)	2026-09-29T14:11:42.2882690Z ✔ Test "the host list states the credential caveat AC-254 cannot prove away" passed after 4.125 seconds.
swift build & test (macOS)	Test (the suite, minus the hammer)	2026-09-29T14:11:42.2997200Z ✔ Test "a combining mark landing on spoken text fires the tripwire" passed after 4.125 seconds.
swift build & test (macOS)	Test (the suite, minus the hammer)	2026-09-29T14:11:42.3099990Z ✔ Test "a verdict's words never say Simulator on a machine that is not one" passed after 4.138 seconds.
swift build & test (macOS)	Test (the suite, minus the hammer)	2026-09-29T14:11:42.3201770Z ✔ Test "every linked module ships a privacy manifest, declared in Package.swift" passed after 4.124 seconds.
swift build & test (macOS)	Test (the suite, minus the hammer)	2026-09-29T14:11:42.3351670Z ✔ Test "an absent model's verdict is typed, and the door throws it as ReplyFailure.unavailable" passed after 4.138 seconds.
swift build & test (macOS)	Test (the suite, minus the hammer)	2026-09-29T14:11:42.3366280Z ✔ Test "the weight URLs carry no identifier — no query, no user, no fragment" passed after 4.125 seconds.
swift build & test (macOS)	Test (the suite, minus the hammer)	2026-09-29T14:11:42.3474300Z SKIPPED (no MMK_MLX_MODEL or no metallib) — set MMK_MLX_MODEL and run Scripts/metallib.sh to make this test REAL
swift build & test (macOS)	Test (the suite, minus the hammer)	2026-09-29T14:11:42.3584630Z ✔ Test "each manifest declares no collection and no tracking" passed after 4.126 seconds.
swift build & test (macOS)	Test (the suite, minus the hammer)	2026-09-29T14:11:42.3689450Z SKIPPED (no MMK_MLX_MODEL or no metallib) — set MMK_MLX_MODEL and run Scripts/metallib.sh to make this test REAL
swift build & test (macOS)	Test (the suite, minus the hammer)	2026-09-29T14:11:42.3794630Z ✔ Test "every host in Sources/ is named in docs/HOSTS.md" passed after 4.125 seconds.
swift build & test (macOS)	Test (the suite, minus the hammer)	2026-09-29T14:11:42.3897390Z SKIPPED (this device cannot run the on-device model) — an OS-26 machine with the on-device model ready makes this test REAL
swift build & test (macOS)	Test (the suite, minus the hammer)	2026-09-29T14:11:42.3999890Z SKIPPED (this device cannot run the on-device model) — an OS-26 machine with the on-device model ready makes this test REAL
swift build & test (macOS)	Test (the suite, minus the hammer)	2026-09-29T14:11:42.4066990Z ✔ Test "a REWRITE of emitted text throws, carrying both sides" passed after 4.116 seconds.
swift build & test (macOS)	Test (the suite, minus the hammer)	2026-09-29T14:11:42.4171130Z SKIPPED (this device cannot run the on-device model) — an OS-26 machine with the on-device model ready makes this test REAL
swift build & test (macOS)	Test (the suite, minus the hammer)	2026-09-29T14:11:42.4276120Z ✔ Test "a voice that was never retired still opens (the eyes control)" passed after 4.131 seconds.
swift build & test (macOS)	Test (the suite, minus the hammer)	2026-09-29T14:11:42.4383990Z ✔ Test "a retired voice refuses ensureModel without loading either" passed after 4.131 seconds.
swift build & test (macOS)	Test (the suite, minus the hammer)	2026-09-29T14:11:42.4487060Z SKIPPED (this device cannot run the on-device model) — an OS-26 machine with the on-device model ready makes this test REAL
swift build & test (macOS)	Test (the suite, minus the hammer)	2026-09-29T14:11:42.4591450Z ✔ Test "retiring a speaking voice cancels the reply in flight (model + MMK_LIVE_SYNTH=1)" passed after 4.138 seconds.
swift build & test (macOS)	Test (the suite, minus the hammer)	2026-09-29T14:11:42.4694860Z ✔ Test "retiring twice is safe, and the second changes nothing" passed after 4.138 seconds.
swift build & test (macOS)	Test (the suite, minus the hammer)	2026-09-29T14:11:42.4801330Z ✔ Test "a retired voice refuses to open an utterance WITHOUT reaching for the models" passed after 4.138 seconds.
swift build & test (macOS)	Test (the suite, minus the hammer)	2026-09-29T14:11:42.4909050Z ✔ Test ".length is .tokenBudget — the cap cut it" passed after 4.155 seconds.
swift build & test (macOS)	Test (the suite, minus the hammer)	2026-09-29T14:11:42.4988300Z ✔ Test ".cancelled is nil — a cancelled run has no terminal to report" passed after 4.155 seconds.
swift build & test (macOS)	Test (the suite, minus the hammer)	2026-09-29T14:11:42.5103080Z ✔ Test ".stop is .complete — the model ended its own turn" passed after 4.156 seconds.
swift build & test (macOS)	Test (the suite, minus the hammer)	2026-09-29T14:11:42.5224160Z ✔ Test "an expected total at the edge of Int64 is not a trap" passed after 4.156 seconds.
swift build & test (macOS)	Test (the suite, minus the hammer)	2026-09-29T14:11:42.5365370Z ✔ Test "a NaN fraction is 0, never a trap" passed after 4.156 seconds.
swift build & test (macOS)	Test (the suite, minus the hammer)	2026-09-29T14:11:42.5468290Z ✔ Test "with an expected total, received is fraction × expected" passed after 4.156 seconds.
swift build & test (macOS)	Test (the suite, minus the hammer)	2026-09-29T14:11:42.5573190Z ✔ Test "a deficit repaid before the end still had to be banked" passed after 4.157 seconds.
swift build & test (macOS)	Test (the suite, minus the hammer)	2026-09-29T14:11:42.5677430Z ✔ Test "a decoder faster than the ear waits only for its first buffer" passed after 4.158 seconds.
swift build & test (macOS)	Test (the suite, minus the hammer)	2026-09-29T14:11:42.5781410Z ✔ Test "a uniformly slow decode asks for its accumulated deficit" passed after 4.164 seconds.
swift build & test (macOS)	Test (the suite, minus the hammer)	2026-09-29T14:11:42.5901500Z ✔ Test "no steps at all is zero, not a guess" passed after 4.164 seconds.
swift build & test (macOS)	Test (the suite, minus the hammer)	2026-09-29T14:11:42.6008670Z ✔ Test "the peak is measured before the slow step delivers, not after" passed after 4.164 seconds.
swift build & test (macOS)	Test (the suite, minus the hammer)	2026-09-29T14:11:42.6116890Z ✔ Test "consecutive small overruns accumulate — the worst STEP would miss them" passed after 4.165 seconds.
swift build & test (macOS)	Test (the suite, minus the hammer)	2026-09-29T14:11:42.6229470Z ✔ Test "the fraction is clamped to 0…1 — the client has reported outside it" passed after 4.168 seconds.
swift build & test (macOS)	Test (the suite, minus the hammer)	2026-09-29T14:11:42.6332150Z ✔ Test "a long prefill delays the start and is NOT banked as cushion" passed after 4.170 seconds.
swift build & test (macOS)	Test (the suite, minus the hammer)	2026-09-29T14:11:42.6434090Z ✔ Test "without an expected total, both byte fields are nil — a fraction is all that is known" passed after 4.173 seconds.
swift build & test (macOS)	Test (the suite, minus the hammer)	2026-09-29T14:11:42.6535850Z ✔ Test "retire hands back what was held, and the next call builds again" passed after 4.173 seconds.
swift build & test (macOS)	Test (the suite, minus the hammer)	2026-09-29T14:11:42.6639560Z ✔ Test "a second call after the first finished does not rebuild" passed after 4.174 seconds.
swift build & test (macOS)	Test (the suite, minus the hammer)	2026-09-29T14:11:42.6739270Z ✔ Test "a build that throws leaves nothing resident, and does not wedge the queue" passed after 4.175 seconds.
swift build & test (macOS)	Test (the suite, minus the hammer)	2026-09-29T14:11:42.6841260Z ✔ Test "N lever changes leave exactly one resident — AC-145's shape" passed after 4.181 seconds.
swift build & test (macOS)	Test (the suite, minus the hammer)	2026-09-29T14:11:42.6943000Z ✔ Test "a tree that matches its manifest is .installed" passed after 4.186 seconds.
swift build & test (macOS)	Test (the suite, minus the hammer)	2026-09-29T14:11:42.7044240Z ✔ Test "a failure after the move over a caller's tree keeps that tree, and never locks the model out" passed after 4.187 seconds.
swift build & test (macOS)	Test (the suite, minus the hammer)	2026-09-29T14:11:42.7146760Z ✔ Test "CONTROL: a true verdict passes the guard — the tripwire behind it fires instead" passed after 4.189 seconds.
swift build & test (macOS)	Test (the suite, minus the hammer)	2026-09-29T14:11:42.7259440Z ✔ Test "the error names the variant and the reason, in our words" passed after 4.189 seconds.
swift build & test (macOS)	Test (the suite, minus the hammer)	2026-09-29T14:11:42.7367190Z ✔ Test "a refused variant throws OUR error and never reaches for the models" passed after 4.189 seconds.
swift build & test (macOS)	Test (the suite, minus the hammer)	2026-09-29T14:11:42.7471180Z ✔ Test "openUtterance refuses through the same door" passed after 4.188 seconds.
swift build & test (macOS)	Test (the suite, minus the hammer)	2026-09-29T14:11:42.7629020Z ✔ Test "platform-refused AND retired says the platform's no — order is load-bearing" passed after 4.188 seconds.
swift build & test (macOS)	Test (the suite, minus the hammer)	2026-09-29T14:11:42.7733080Z ✔ Test "the removed-gate control — a foreign vocabulary lets the reasoning through" passed after 4.189 seconds.
swift build & test (macOS)	Test (the suite, minus the hammer)	2026-09-29T14:11:42.7838970Z ✔ Test "nil verdict defaults to the vendor, which says yes on this Mac" passed after 4.189 seconds.
swift build & test (macOS)	Test (the suite, minus the hammer)	2026-09-29T14:11:42.7950600Z ✔ Test "a stray close with no open is harmless, not a crash" passed after 4.188 seconds.
swift build & test (macOS)	Test (the suite, minus the hammer)	2026-09-29T14:11:42.7952790Z ✔ Test "the markers themselves never reach the mouth — punctuation, not words" passed after 4.189 seconds.
swift build & test (macOS)	Test (the suite, minus the hammer)	2026-09-29T14:11:42.8119320Z ✔ Test "a DEFIANT <think> is swallowed — layer 1 is a convention, this is the net" passed after 4.189 seconds.
swift build & test (macOS)	Test (the suite, minus the hammer)	2026-09-29T14:11:42.8277990Z ✔ Test "a template that already opened the thought starts inside it" passed after 4.194 seconds.
swift build & test (macOS)	Test (the suite, minus the hammer)	2026-09-29T14:11:42.8411160Z ✔ Test "an unclosed thought swallows to the end, and SAYS that it is still holding" passed after 4.197 seconds.
swift build & test (macOS)	Test (the suite, minus the hammer)	2026-09-29T14:11:42.8513520Z SKIPPED (no MMK_MLX_MODEL or no metallib) — set MMK_MLX_MODEL and run Scripts/metallib.sh to make this test REAL
swift build & test (macOS)	Test (the suite, minus the hammer)	2026-09-29T14:11:42.8680990Z SKIPPED (no MMK_MLX_MODEL or no metallib) — set MMK_MLX_MODEL and run Scripts/metallib.sh to make this test REAL
swift build & test (macOS)	Test (the suite, minus the hammer)	2026-09-29T14:11:42.8902410Z SKIPPED (no MMK_MLX_MODEL) — set MMK_MLX_MODEL and run Scripts/metallib.sh to make this test REAL
swift build & test (macOS)	Test (the suite, minus the hammer)	2026-09-29T14:11:42.9012030Z SKIPPED (no MMK_MLX_MODEL or no metallib) — set MMK_MLX_MODEL and run Scripts/metallib.sh to make this test REAL
swift build & test (macOS)	Test (the suite, minus the hammer)	2026-09-29T14:11:42.9122470Z SKIPPED (no MMK_MLX_MODEL) — set MMK_MLX_MODEL and run Scripts/metallib.sh to make this test REAL
swift build & test (macOS)	Test (the suite, minus the hammer)	2026-09-29T14:11:42.9123590Z ✔ Test "clear deletes from EVERY directory and reports each with its place" passed after 4.230 seconds.
swift build & test (macOS)	Test (the suite, minus the hammer)	2026-09-29T14:11:42.9254130Z ✔ Test "a matching SYMLINK is not ours to delete, and the target survives" passed after 4.230 seconds.
swift build & test (macOS)	Test (the suite, minus the hammer)	2026-09-29T14:11:42.9376250Z ✔ Test "a plain FILE is measured at its real size, not zero" passed after 4.230 seconds.
swift build & test (macOS)	Test (the suite, minus the hammer)	2026-09-29T14:11:42.9489260Z ✔ Test "the survey reaches every directory, and an entry says where it was found" passed after 4.230 seconds.
swift build & test (macOS)	Test (the suite, minus the hammer)	2026-09-29T14:11:42.9597210Z ✔ Test "the same directory passed twice is surveyed once" passed after 4.229 seconds.
swift build & test (macOS)	Test (the suite, minus the hammer)	2026-09-29T14:11:42.9708070Z ✔ Test "a declared required-reason category is one the source actually uses" passed after 4.245 seconds.
swift build & test (macOS)	Test (the suite, minus the hammer)	2026-09-29T14:11:42.9810850Z ✔ Test "an unreadable directory is named even beside a success" passed after 4.229 seconds.
swift build & test (macOS)	Test (the suite, minus the hammer)	2026-09-29T14:11:42.9927290Z ✔ Test "an empty directory holds: [nothing] — the line C rests on" passed after 4.229 seconds.
swift build & test (macOS)	Test (the suite, minus the hammer)	2026-09-29T14:11:43.0057130Z ✔ Test "a directory the control cannot read is reported as such, not as empty" passed after 4.229 seconds.
swift build & test (macOS)	Test (the suite, minus the hammer)	2026-09-29T14:11:43.0159880Z ✔ Test "a clear in which every delete failed never says 'cleared'" passed after 4.227 seconds.
swift build & test (macOS)	Test (the suite, minus the hammer)	2026-09-29T14:11:43.0262390Z ✔ Test "absence is said in words, and it names EVERY neighbourhood" passed after 4.229 seconds.
swift build & test (macOS)	Test (the suite, minus the hammer)	2026-09-29T14:11:43.0377850Z ✔ Test "the report names every matching directory and its bytes" passed after 4.227 seconds.
swift build & test (macOS)	Test (the suite, minus the hammer)	2026-09-29T14:11:43.0483760Z ✔ Test "the download's doc comment states that the transfer survives the background, and what a stopped one keeps" passed after 3.036 seconds.
swift build & test (macOS)	Test (the suite, minus the hammer)	2026-09-29T14:11:43.0586850Z ✔ Test "the hub client's crashing background switch is asked for nowhere in the MLX module" passed after 3.037 seconds.
swift build & test (macOS)	Test (the suite, minus the hammer)	2026-09-29T14:11:43.0690160Z ✔ Test "the default fetcher is the background one, and it moves bytes through ModelDownloader" passed after 3.037 seconds.
swift build & test (macOS)	Test (the suite, minus the hammer)	2026-09-29T14:11:43.0802940Z ✔ Test "no module supplies a credential or reads an identifier" passed after 4.364 seconds.
swift build & test (macOS)	Test (the suite, minus the hammer)	2026-09-29T14:11:43.0903480Z ✔ Suite "AC-232..234 · per-call options resolve against the source's own settings" passed after 4.631 seconds.
swift build & test (macOS)	Test (the suite, minus the hammer)	2026-09-29T14:11:43.1005340Z ✔ Suite "a null probe phase is announced" passed after 4.640 seconds.
swift build & test (macOS)	Test (the suite, minus the hammer)	2026-09-29T14:11:43.1108250Z ✔ Suite "AC-292 · the session is background everywhere it can be" passed after 4.641 seconds.
swift build & test (macOS)	Test (the suite, minus the hammer)	2026-09-29T14:11:43.1212080Z ✔ Suite "the lead learns from the machine" passed after 4.641 seconds.
swift build & test (macOS)	Test (the suite, minus the hammer)	2026-09-29T14:11:43.1311930Z ✔ Suite "4w · the exchanges are appended after the question, in the template's roles" passed after 4.660 seconds.
swift build & test (macOS)	Test (the suite, minus the hammer)	2026-09-29T14:11:43.1422270Z ✔ Suite "the first reply's cushion is stated, not assumed" passed after 4.660 seconds.
swift build & test (macOS)	Test (the suite, minus the hammer)	2026-09-29T14:11:43.1462940Z ✔ Suite "Playback hosts — where a reply is allowed to render" passed after 4.662 seconds.
swift build & test (macOS)	Test (the suite, minus the hammer)	2026-09-29T14:11:43.1565040Z ✔ Suite "AC-125 · the ids come from the model, not from me" passed after 4.662 seconds.
swift build & test (macOS)	Test (the suite, minus the hammer)	2026-09-29T14:11:43.1671840Z ✔ Suite "what the learner refuses to learn" passed after 4.662 seconds.
swift build & test (macOS)	Test (the suite, minus the hammer)	2026-09-29T14:11:43.1826850Z ✔ Suite "the cushion follows the stall" passed after 4.671 seconds.
swift build & test (macOS)	Test (the suite, minus the hammer)	2026-09-29T14:11:43.1930190Z ✔ Suite "4w · the spec the MLX mind renders for a tool" passed after 4.671 seconds.
swift build & test (macOS)	Test (the suite, minus the hammer)	2026-09-29T14:11:43.2034720Z ✔ Suite "the bench sweep" passed after 4.747 seconds.
swift build & test (macOS)	Test (the suite, minus the hammer)	2026-09-29T14:11:43.2142700Z ✔ Suite "the lead follows the decoder" passed after 4.750 seconds.
swift build & test (macOS)	Test (the suite, minus the hammer)	2026-09-29T14:11:43.2245570Z ✔ Suite "digital silence is measured, not estimated" passed after 4.767 seconds.
swift build & test (macOS)	Test (the suite, minus the hammer)	2026-09-29T14:11:43.2367070Z ✔ Suite "4w · the sieve turns decoded pieces into text and .toolCall events" passed after 4.779 seconds.
swift build & test (macOS)	Test (the suite, minus the hammer)	2026-09-29T14:11:43.2469320Z ✔ Suite "AC-132 · the headroom instrument never reports an ambiguous zero" passed after 4.779 seconds.
swift build & test (macOS)	Test (the suite, minus the hammer)	2026-09-29T14:11:43.2572460Z ✔ Suite "The playback lead — when it is safe to start speaking" passed after 4.779 seconds.
swift build & test (macOS)	Test (the suite, minus the hammer)	2026-09-29T14:11:43.2683420Z ✔ Suite "4z · a parsed call's arguments become the contract's values, by kind" passed after 4.781 seconds.
swift build & test (macOS)	Test (the suite, minus the hammer)	2026-09-29T14:11:43.2788130Z ✔ Suite "the lead learns the conversation" passed after 4.784 seconds.
swift build & test (macOS)	Test (the suite, minus the hammer)	2026-09-29T14:11:43.2897320Z ✔ Suite "the tokenizer folder is the one TTSKit asks for" passed after 4.843 seconds.
swift build & test (macOS)	Test (the suite, minus the hammer)	2026-09-29T14:11:43.3018440Z ✔ Suite "keeps-up is a flag, and it stayed one" passed after 4.844 seconds.
swift build & test (macOS)	Test (the suite, minus the hammer)	2026-09-29T14:11:43.3124660Z ✔ Suite "Is there anything worth speaking?" passed after 4.864 seconds.
swift build & test (macOS)	Test (the suite, minus the hammer)	2026-09-29T14:11:43.3227480Z ✔ Suite "AC-238 wiring · the MLX door throws the typed verdict" passed after 4.864 seconds.
swift build & test (macOS)	Test (the suite, minus the hammer)	2026-09-29T14:11:43.3331050Z ✔ Suite "AC-238 · readiness is a pure verdict over a hand-written device report" passed after 4.864 seconds.
swift build & test (macOS)	Test (the suite, minus the hammer)	2026-09-29T14:11:43.3596640Z ✔ Suite "the 0 Hz guard — an invalid format must throw, never abort" passed after 4.864 seconds.
swift build & test (macOS)	Test (the suite, minus the hammer)	2026-09-29T14:11:43.3597480Z ✔ Suite "AC-232 · the resolved instruction becomes the .system message" passed after 4.864 seconds.
swift build & test (macOS)	Test (the suite, minus the hammer)	2026-09-29T14:11:43.3698970Z ✔ Suite "AC-263 · the pressure handler is one hop and nothing else" passed after 4.865 seconds.
swift build & test (macOS)	Test (the suite, minus the hammer)	2026-09-29T14:11:43.3814480Z ✔ Suite "AC-233/AC-234 · the resolved settings become the vendor's parameters" passed after 4.865 seconds.
swift build & test (macOS)	Test (the suite, minus the hammer)	2026-09-29T14:11:43.3915950Z ✔ Suite "Gate calibration — between the room and the voice" passed after 4.865 seconds.
swift build & test (macOS)	Test (the suite, minus the hammer)	2026-09-29T14:11:43.4022130Z ✔ Suite "the voice levers" passed after 4.866 seconds.
swift build & test (macOS)	Test (the suite, minus the hammer)	2026-09-29T14:11:43.4123460Z ✔ Suite WhisperLanguageHintTests passed after 4.868 seconds.
swift build & test (macOS)	Test (the suite, minus the hammer)	2026-09-29T14:11:43.4242400Z ✔ Suite UnavailableWordsTests passed after 4.867 seconds.
swift build & test (macOS)	Test (the suite, minus the hammer)	2026-09-29T14:11:43.4353120Z ✔ Suite "AC-236 · a prompt longer than the window is refused before generation" passed after 4.893 seconds.
swift build & test (macOS)	Test (the suite, minus the hammer)	2026-09-29T14:11:43.4593290Z ✔ Suite SnapshotDifferTests passed after 4.894 seconds.
swift build & test (macOS)	Test (the suite, minus the hammer)	2026-09-29T14:11:43.4733310Z ✔ Suite "4x · the privacy contract, checked against the source" passed after 4.896 seconds.
swift build & test (macOS)	Test (the suite, minus the hammer)	2026-09-29T14:11:43.4734470Z ✔ Suite "a retired voice is terminal" passed after 4.897 seconds.
swift build & test (macOS)	Test (the suite, minus the hammer)	2026-09-29T14:11:43.4961010Z ✔ Suite "AC-235 · the vendor's stop reason maps to the seam's StopReason" passed after 4.913 seconds.
swift build & test (macOS)	Test (the suite, minus the hammer)	2026-09-29T14:11:43.5064770Z ✔ Suite "AC-240 · install progress carries bytes when they are known" passed after 4.913 seconds.
swift build & test (macOS)	Test (the suite, minus the hammer)	2026-09-29T14:11:43.5169170Z ✔ Suite "the cushion is what the bank had to hold" passed after 4.914 seconds.
swift build & test (macOS)	Test (the suite, minus the hammer)	2026-09-29T14:11:43.5272920Z ✔ Suite "the platform's no is honored before CoreML" passed after 4.917 seconds.
swift build & test (macOS)	Test (the suite, minus the hammer)	2026-09-29T14:11:43.5380650Z ✔ Suite "AC-125 · the think gate" passed after 4.918 seconds.
swift build & test (macOS)	Test (the suite, minus the hammer)	2026-09-29T14:11:43.5483120Z ✔ Suite "the compiled-plan cache control does not lie" passed after 4.922 seconds.
swift build & test (macOS)	Test (the suite, minus the hammer)	2026-09-29T14:11:43.5597840Z ✔ Suite "AC-298 · the transfer survives the background, and the source says so" passed after 4.938 seconds.
swift build & test (macOS)	Test (the suite, minus the hammer)	2026-09-29T14:11:43.5710780Z ✔ Test "the thrown failure speaks the verdict's own sentence — the screen and the turn agree" passed after 5.083 seconds.
swift build & test (macOS)	Test (the suite, minus the hammer)	2026-09-29T14:11:43.5819690Z ✔ Test "openReply throws ReplyFailure.unavailable(verdict) at the door, never a run" passed after 5.083 seconds.
swift build & test (macOS)	Test (the suite, minus the hammer)	2026-09-29T14:11:43.5926760Z ✔ Test "no Apple verdict says the word Simulator" passed after 5.087 seconds.
swift build & test (macOS)	Test (the suite, minus the hammer)	2026-09-29T14:11:43.6052860Z ✔ Test "every vendor reason lands on one contract verdict" passed after 5.087 seconds.
swift build & test (macOS)	Test (the suite, minus the hammer)	2026-09-29T14:11:43.6053870Z ✔ Test "below the floor: the verdict names the platform and the Apple mind's floor" passed after 5.088 seconds.
swift build & test (macOS)	Test (the suite, minus the hammer)	2026-09-29T14:11:43.6054580Z ✔ Test "the platform the below-floor sentence names is this binary's" passed after 5.088 seconds.
swift build & test (macOS)	Test (the suite, minus the hammer)	2026-09-29T14:11:43.6174880Z ✔ Test "ConservativeThermalPolicy: allow below .serious, refuse from .serious up" passed after 5.087 seconds.
swift build & test (macOS)	Test (the suite, minus the hammer)	2026-09-29T14:11:43.6278520Z ✔ Test "an Arabic reply with no ASCII punctuation is cut at its own marks" passed after 5.087 seconds.
swift build & test (macOS)	Test (the suite, minus the hammer)	2026-09-29T14:11:43.6383430Z ✔ Test aBurstCanCompleteSeveralPhrasesInOneFeed() passed after 5.087 seconds.
swift build & test (macOS)	Test (the suite, minus the hammer)	2026-09-29T14:11:43.6488200Z ✔ Test "admit(needing:) on this Mac reads no headroom, admits, and the weights are resident after" passed after 5.087 seconds.
swift build & test (macOS)	Test (the suite, minus the hammer)	2026-09-29T14:11:43.6603020Z ✔ Test subwordFragmentsAreJoinedVerbatim() passed after 5.087 seconds.
swift build & test (macOS)	Test (the suite, minus the hammer)	2026-09-29T14:11:43.6724890Z ✔ Test flushWithNothingWorthSayingIsNil() passed after 5.087 seconds.
swift build & test (macOS)	Test (the suite, minus the hammer)	2026-09-29T14:11:43.6830530Z ✔ Test punctuationInsideANumberDoesNotCut() passed after 5.087 seconds.
swift build & test (macOS)	Test (the suite, minus the hammer)	2026-09-29T14:11:43.6933460Z ✔ Test wordTokensSplitAtPunctuation() passed after 5.088 seconds.
swift build & test (macOS)	Test (the suite, minus the hammer)	2026-09-29T14:11:43.7036800Z ✔ Test maxLengthCutsAtTheLastWhitespace() passed after 5.088 seconds.
swift build & test (macOS)	Test (the suite, minus the hammer)	2026-09-29T14:11:43.7140220Z ✔ Test punctuationGluedInsideATokenSplitsCorrectly() passed after 5.088 seconds.
swift build & test (macOS)	Test (the suite, minus the hammer)	2026-09-29T14:11:43.7243010Z ✔ Test emptyAndWhitespaceTokensCompleteNothing() passed after 5.088 seconds.
swift build & test (macOS)	Test (the suite, minus the hammer)	2026-09-29T14:11:43.7345170Z ✔ Test aLimitOfOneStillMakesProgress() passed after 5.088 seconds.
swift build & test (macOS)	Test (the suite, minus the hammer)	2026-09-29T14:11:43.7448450Z ✔ Test oneUnbrokenRunIsCutHardAtTheLimit() passed after 5.088 seconds.
swift build & test (macOS)	Test (the suite, minus the hammer)	2026-09-29T14:11:43.7551490Z ✔ Test noEmittedPhraseIsUnspeakable() passed after 5.088 seconds.
swift build & test (macOS)	Test (the suite, minus the hammer)	2026-09-29T14:11:43.7609880Z ✔ Test everyClauseMarkCuts() passed after 5.088 seconds.
swift build & test (macOS)	Test (the suite, minus the hammer)	2026-09-29T14:11:43.7619460Z ✔ Test "Arabic: tatweel (the stretching mark) is not a letter" passed after 5.088 seconds.
swift build & test (macOS)	Test (the suite, minus the hammer)	2026-09-29T14:11:43.7620450Z ✔ Test "the Arabic question mark ends a phrase exactly like ASCII's" passed after 5.088 seconds.
swift build & test (macOS)	Test (the suite, minus the hammer)	2026-09-29T14:11:43.7621190Z ✔ Test "Arabic: a real substitution still counts" passed after 5.088 seconds.
swift build & test (macOS)	Test (the suite, minus the hammer)	2026-09-29T14:11:43.7708960Z ✔ Test "English normalisation is unchanged by the Arabic rules" passed after 5.088 seconds.
swift build & test (macOS)	Test (the suite, minus the hammer)	2026-09-29T14:11:43.7757210Z ✔ Test "readiness() is askable on any OS and agrees with the vendor on this one" passed after 5.091 seconds.
swift build & test (macOS)	Test (the suite, minus the hammer)	2026-09-29T14:11:43.7759180Z ✔ Test "case and punctuation do not count" passed after 5.088 seconds.
swift build & test (macOS)	Test (the suite, minus the hammer)	2026-09-29T14:11:43.7760770Z ✔ Test "Arabic: taa marbuta and alef maqsura fold to their common spellings" passed after 5.088 seconds.
swift build & test (macOS)	Test (the suite, minus the hammer)	2026-09-29T14:11:43.7763000Z ✔ Test "Arabic: Arabic punctuation does not count" passed after 5.088 seconds.
swift build & test (macOS)	Test (the suite, minus the hammer)	2026-09-29T14:11:43.7782670Z ✔ Test "Arabic: diacritics (tashkeel) do not count" passed after 5.089 seconds.
swift build & test (macOS)	Test (the suite, minus the hammer)	2026-09-29T14:11:43.7783790Z ✔ Test "an empty hypothesis deletes every reference word" passed after 5.089 seconds.
swift build & test (macOS)	Test (the suite, minus the hammer)	2026-09-29T14:11:43.7784530Z ✔ Test "Arabic: the four alef forms are one letter" passed after 5.088 seconds.
swift build & test (macOS)	Test (the suite, minus the hammer)	2026-09-29T14:11:43.7785170Z ✔ Test "identical text scores zero" passed after 5.088 seconds.
swift build & test (macOS)	Test (the suite, minus the hammer)	2026-09-29T14:11:43.7785830Z ✔ Test "a missing word is a deletion; an extra word is an insertion" passed after 5.088 seconds.
swift build & test (macOS)	Test (the suite, minus the hammer)	2026-09-29T14:11:43.7786490Z ✔ Test "digits are spelled out: 20 equals twenty" passed after 5.089 seconds.
swift build & test (macOS)	Test (the suite, minus the hammer)	2026-09-29T14:11:43.7787120Z ✔ Test "one substitution in four words is 0.25 exactly" passed after 5.088 seconds.
swift build & test (macOS)	Test (the suite, minus the hammer)	2026-09-29T14:11:43.7787840Z ◇ Test "asking for the size fetches nothing — and the same recorder DOES record a fetch" started.
swift build & test (macOS)	Test (the suite, minus the hammer)	2026-09-29T14:11:43.7788650Z ◇ Test "a cancel after the second file leaves .absent and KEEPS the partial tree for the next attempt" started.
swift build & test (macOS)	Test (the suite, minus the hammer)	2026-09-29T14:11:43.7789540Z ✔ Test "the resolution rule: nil is the source's own, a table is that table, .empty is none — and renders nil" passed after 5.087 seconds.
swift build & test (macOS)	Test (the suite, minus the hammer)	2026-09-29T14:11:43.7791240Z ✔ Test "the second caller does not return until the sequence is complete" passed after 5.086 seconds.
swift build & test (macOS)	Test (the suite, minus the hammer)	2026-09-29T14:11:43.7792060Z ✔ Test "with no headroom number the model admits, and the load door speaks next" passed after 5.086 seconds.
swift build & test (macOS)	Test (the suite, minus the hammer)	2026-09-29T14:11:43.7792960Z ✔ Test "a need of 0 bytes is NO claim (D-105's shape): admitted with no memory question" passed after 5.086 seconds.
swift build & test (macOS)	Test (the suite, minus the hammer)	2026-09-29T14:11:43.7793750Z ✔ Test "a known headroom below the need refuses, typed, and no load begins" passed after 5.086 seconds.
swift build & test (macOS)	Test (the suite, minus the hammer)	2026-09-29T14:11:43.7794700Z ✔ Test "a headroom EQUAL to the need admits — the refusal is strictly below" passed after 5.086 seconds.
swift build & test (macOS)	Test (the suite, minus the hammer)	2026-09-29T14:11:43.7795800Z ✔ Test "a device that cannot load is refused with its readiness verdict, not a memory number" passed after 5.086 seconds.
swift build & test (macOS)	Test (the suite, minus the hammer)	2026-09-29T14:11:43.7796620Z ✔ Test "two tabs appearing together launch the sequence once, not twice" passed after 5.086 seconds.
swift build & test (macOS)	Test (the suite, minus the hammer)	2026-09-29T14:11:43.7797210Z ✔ Test flushDeliversTheRemainder() passed after 5.090 seconds.
swift build & test (macOS)	Test (the suite, minus the hammer)	2026-09-29T14:11:43.7797810Z ✔ Test "a headroom the phone will not give NEVER refuses — D-092" passed after 5.086 seconds.
swift build & test (macOS)	Test (the suite, minus the hammer)	2026-09-29T14:11:43.7798610Z ✔ Test ".exhausted is a KNOWN zero, and refuses with available 0" passed after 5.086 seconds.
swift build & test (macOS)	Test (the suite, minus the hammer)	2026-09-29T14:11:43.7799380Z ✔ Test "weights already RESIDENT are admitted without the memory question" passed after 5.086 seconds.
swift build & test (macOS)	Test (the suite, minus the hammer)	2026-09-29T14:11:43.7800110Z ✔ Test "whitespace on either side is not an exchange" passed after 5.086 seconds.
swift build & test (macOS)	Test (the suite, minus the hammer)	2026-09-29T14:11:43.7800790Z ✔ Test "two memories holding the same conversation are equal" passed after 5.087 seconds.
swift build & test (macOS)	Test (the suite, minus the hammer)	2026-09-29T14:11:43.7801660Z ✔ Test "the budget bites while the depth still has room" passed after 5.087 seconds.
swift build & test (macOS)	Test (the suite, minus the hammer)	2026-09-29T14:11:43.7802320Z ✔ Test "the person's words and the mind's stay apart" passed after 5.087 seconds.
swift build & test (macOS)	Test (the suite, minus the hammer)	2026-09-29T14:11:43.7802990Z ✔ Test "the budget is paid in whole exchanges" passed after 5.087 seconds.
swift build & test (macOS)	Test (the suite, minus the hammer)	2026-09-29T14:11:43.7803770Z ✔ Test "an exchange with no tool is kept exactly as before (AC-311)" passed after 5.087 seconds.
swift build & test (macOS)	Test (the suite, minus the hammer)	2026-09-29T14:11:43.7804430Z ✔ Test "a depth of zero remembers nothing and says so" passed after 5.087 seconds.
swift build & test (macOS)	Test (the suite, minus the hammer)	2026-09-29T14:11:43.7805220Z ✔ Test "an ordinary exchange cannot reach the cliff at the shipped bound" passed after 5.088 seconds.
swift build & test (macOS)	Test (the suite, minus the hammer)	2026-09-29T14:11:43.7805950Z ✔ Test "past the depth, the oldest whole exchange is dropped" passed after 5.088 seconds.
swift build & test (macOS)	Test (the suite, minus the hammer)	2026-09-29T14:11:43.7806760Z ✔ Test "a completed exchange carries no mark" passed after 5.087 seconds.
swift build & test (macOS)	Test (the suite, minus the hammer)	2026-09-29T14:11:43.7807500Z ✔ Test "the shipped bound is the measured one, and it clears both limits" passed after 5.087 seconds.
swift build & test (macOS)	Test (the suite, minus the hammer)	2026-09-29T14:11:43.7808240Z ✔ Test "clearing forgets everything and stays usable" passed after 5.087 seconds.
swift build & test (macOS)	Test (the suite, minus the hammer)	2026-09-29T14:11:43.7809010Z ✔ Test "a tool's record counts against the budget (D-119, from D-092)" passed after 5.087 seconds.
swift build & test (macOS)	Test (the suite, minus the hammer)	2026-09-29T14:11:43.7817700Z ✔ Test "a turn with neither words nor a tool is still refused (4r's rule, unchanged)" passed after 5.087 seconds.
swift build & test (macOS)	Test (the suite, minus the hammer)	2026-09-29T14:11:43.7818660Z ✔ Test "an exchange in which a tool ran keeps what ran (AC-311)" passed after 5.087 seconds.
swift build & test (macOS)	Test (the suite, minus the hammer)	2026-09-29T14:11:43.7819440Z ✔ Test "an interrupted exchange is kept, and says so" passed after 5.087 seconds.
swift build & test (macOS)	Test (the suite, minus the hammer)	2026-09-29T14:11:43.7820190Z ✔ Test "an exchange the mind answered with silence is not recorded" passed after 5.087 seconds.
swift build & test (macOS)	Test (the suite, minus the hammer)	2026-09-29T14:11:43.7821060Z ✔ Test "the next exchange evicts the oversized one, and the bound holds again" passed after 5.087 seconds.
swift build & test (macOS)	Test (the suite, minus the hammer)	2026-09-29T14:11:43.7821860Z ✔ Test "record says whether the memory took the exchange" passed after 5.087 seconds.
swift build & test (macOS)	Test (the suite, minus the hammer)	2026-09-29T14:11:43.7822680Z ✔ Test emittedChunksFlowThroughTheRingInOrder() passed after 5.087 seconds.
swift build & test (macOS)	Test (the suite, minus the hammer)	2026-09-29T14:11:43.7823370Z ✔ Test stopDisconnectsTheSource() passed after 5.087 seconds.
swift build & test (macOS)	Test (the suite, minus the hammer)	2026-09-29T14:11:43.7826360Z ✔ Test emitBeforeStartDeliversNothing() passed after 5.087 seconds.
swift build & test (macOS)	Test (the suite, minus the hammer)	2026-09-29T14:11:43.7827070Z ✔ Test "No session means the pre-4d path, byte for byte" passed after 5.087 seconds.
swift build & test (macOS)	Test (the suite, minus the hammer)	2026-09-29T14:11:43.7828850Z ✔ Test "The session is activated BEFORE capture, and released after — never left active" passed after 5.087 seconds.
swift build & test (macOS)	Test (the suite, minus the hammer)	2026-09-29T14:11:43.7829760Z ✔ Test "an exchange too large to fit alone is kept alone, over budget" passed after 5.087 seconds.
swift build & test (macOS)	Test (the suite, minus the hammer)	2026-09-29T14:11:43.7830600Z ✔ Test "a silent reply completes without speaking (model required; skips if absent)" passed after 5.087 seconds.
swift build & test (macOS)	Test (the suite, minus the hammer)	2026-09-29T14:11:43.7831500Z ✔ Test "stop() without start() releases nothing" passed after 5.087 seconds.
swift build & test (macOS)	Test (the suite, minus the hammer)	2026-09-29T14:11:43.7834570Z ✔ Test "a table becomes one adapter per tool, in the table's order, and rides to the real source" passed after 5.087 seconds.
swift build & test (macOS)	Test (the suite, minus the hammer)	2026-09-29T14:11:43.7839060Z ✔ Test "toolFailure(from:) still carries a typed value whole — one wrap, never two" passed after 5.088 seconds.
swift build & test (macOS)	Test (the suite, minus the hammer)	2026-09-29T14:11:43.7861920Z ✔ Test "a missing required argument never reaches the body; the model reads the door's sentence (AC-273)" passed after 5.088 seconds.
swift build & test (macOS)	Test (the suite, minus the hammer)	2026-09-29T14:11:43.7891890Z ✔ Test "a bad PER-CALL table throws from openReply, before the stream — the source is never asked (AC-289)" passed after 5.088 seconds.
swift build & test (macOS)	Test (the suite, minus the hammer)	2026-09-29T14:11:43.7893100Z ✔ Test "the adapter wears the ReplyTool's name and description, verbatim" passed after 5.088 seconds.
swift build & test (macOS)	Test (the suite, minus the hammer)	2026-09-29T14:11:43.7895480Z ✔ Test "an exchange with no question is not recorded" passed after 5.090 seconds.
swift build & test (macOS)	Test (the suite, minus the hammer)	2026-09-29T14:11:43.7900480Z ✔ Test "A session that refuses to activate stops the whole start — capture is never attempted" passed after 5.089 seconds.
swift build & test (macOS)	Test (the suite, minus the hammer)	2026-09-29T14:11:43.7902960Z ✔ Test "the schema names the parameters — four kinds, one optional, the app's sentences (AC-270)" passed after 5.088 seconds.
swift build & test (macOS)	Test (the suite, minus the hammer)	2026-09-29T14:11:43.7905440Z ✔ Test "the session's table is resolved per call: the call's over the default, .empty means none this turn (AC-275)" passed after 5.088 seconds.
swift build & test (macOS)	Test (the suite, minus the hammer)	2026-09-29T14:11:43.7913050Z ✔ Test "a tool with no parameters shows the spike's schema, unchanged (AC-270)" passed after 5.089 seconds.
swift build & test (macOS)	Test (the suite, minus the hammer)	2026-09-29T14:11:43.7914010Z ✔ Test "an empty table builds the SAME session as the pre-4w init(transcript:) (AC-227's Mac half)" passed after 5.088 seconds.
swift build & test (macOS)	Test (the suite, minus the hammer)	2026-09-29T14:11:43.7914940Z ✔ Test "a band is shown only when the declaration says so — two switches (F-11 B)" passed after 5.088 seconds.
swift build & test (macOS)	Test (the suite, minus the hammer)	2026-09-29T14:11:43.7915790Z ✔ Test "a bad DEFAULT table throws from the generator's init, typed (AC-289)" passed after 5.088 seconds.
swift build & test (macOS)	Test (the suite, minus the hammer)	2026-09-29T14:11:43.7917070Z ✔ Test "the model's whole answer becomes the door's arguments; not a structure is no arguments (AC-269)" passed after 5.091 seconds.
swift build & test (macOS)	Test (the suite, minus the hammer)	2026-09-29T14:11:43.7918120Z ✔ Test "the vendor fills the instructions entry's toolDefinitions from the tools it was handed" passed after 5.090 seconds.
swift build & test (macOS)	Test (the suite, minus the hammer)	2026-09-29T14:11:43.7919860Z ✔ Test "GeneratedContent is read by kind into ToolValue — one number case; list and object kept (AC-269)" passed after 5.090 seconds.
swift build & test (macOS)	Test (the suite, minus the hammer)	2026-09-29T14:11:43.7931240Z ✔ Test "two parameters with one name: the vendor's own schema builder refuses too (AC-289's second line)" passed after 5.090 seconds.
swift build & test (macOS)	Test (the suite, minus the hammer)	2026-09-29T14:11:43.7932190Z ✔ Test "an empty table hands the vendor no tools (AC-227's plain path)" passed after 5.090 seconds.
swift build & test (macOS)	Test (the suite, minus the hammer)	2026-09-29T14:11:43.7932930Z ✔ Test "StopReason and ReplyFailure round-trip as values" passed after 5.090 seconds.
swift build & test (macOS)	Test (the suite, minus the hammer)	2026-09-29T14:11:43.7933720Z ✔ Test "GenerationOptions is a value: equal when every field is equal" passed after 5.090 seconds.
swift build & test (macOS)	Test (the suite, minus the hammer)	2026-09-29T14:11:43.7934470Z ✔ Test "openReply(to: String) passes the default options (AC-231)" passed after 5.089 seconds.
swift build & test (macOS)	Test (the suite, minus the hammer)	2026-09-29T14:11:43.7935270Z ✔ Test "an engine failure describes itself with the engine's own words" passed after 5.089 seconds.
swift build & test (macOS)	Test (the suite, minus the hammer)	2026-09-29T14:11:43.7936430Z ✔ Test "a stream that ends with no terminal and no cancel is an engine failure" passed after 5.089 seconds.
swift build & test (macOS)	Test (the suite, minus the hammer)	2026-09-29T14:11:43.7937220Z ✔ Test "ReplyFailure has no .refused case any more — D-104" passed after 5.089 seconds.
swift build & test (macOS)	Test (the suite, minus the hammer)	2026-09-29T14:11:43.7938950Z ✔ Test "explicit options come back from the record unchanged (AC-231)" passed after 5.089 seconds.
swift build & test (macOS)	Test (the suite, minus the hammer)	2026-09-29T14:11:43.7940220Z ✔ Test "only .deviceCannotRun(.simulator) may say the word Simulator (AC-238)" passed after 5.089 seconds.
swift build & test (macOS)	Test (the suite, minus the hammer)	2026-09-29T14:11:43.7941350Z ✔ Test "openReply throws the honest reason when the model is unavailable" passed after 5.097 seconds.
swift build & test (macOS)	Test (the suite, minus the hammer)	2026-09-29T14:11:43.7943420Z ✔ Test "the system source subscribes and cancels without a level ever arriving" passed after 5.094 seconds.
swift build & test (macOS)	Test (the suite, minus the hammer)	2026-09-29T14:11:43.7961270Z ✔ Test "a per-call budget bounds the real reply (AC-233)" passed after 5.094 seconds.
swift build & test (macOS)	Test (the suite, minus the hammer)	2026-09-29T14:11:43.7962040Z ✔ Test "per-call instructions reach the real model (AC-232)" passed after 5.094 seconds.
swift build & test (macOS)	Test (the suite, minus the hammer)	2026-09-29T14:11:43.7963210Z ✔ Test "the model subscribes once at birth and cancels when it dies" passed after 5.094 seconds.
swift build & test (macOS)	Test (the suite, minus the hammer)	2026-09-29T14:11:43.7963860Z ✔ Test "weights without a voice are not installed" passed after 5.094 seconds.
swift build & test (macOS)	Test (the suite, minus the hammer)	2026-09-29T14:11:43.7964460Z ✔ Test "a directory with a space in its name is still checked correctly" passed after 5.093 seconds.
swift build & test (macOS)	Test (the suite, minus the hammer)	2026-09-29T14:11:43.7981130Z ✔ Test "a truncated weight file is not installed, however present it looks" passed after 5.099 seconds.
swift build & test (macOS)	Test (the suite, minus the hammer)	2026-09-29T14:11:43.7983850Z ✔ Test "an empty directory is not installed" passed after 5.099 seconds.
swift build & test (macOS)	Test (the suite, minus the hammer)	2026-09-29T14:11:43.7984490Z ✔ Test "damage is reported, a not-yet-built cast is not" passed after 5.099 seconds.
swift build & test (macOS)	Test (the suite, minus the hammer)	2026-09-29T14:11:43.7985050Z ✔ Test "each precision has its own file" passed after 5.099 seconds.
swift build & test (macOS)	Test (the suite, minus the hammer)	2026-09-29T14:11:43.7985580Z ✔ Test "an incomplete download names both sizes" passed after 5.099 seconds.
swift build & test (macOS)	Test (the suite, minus the hammer)	2026-09-29T14:11:43.7986160Z ✔ Test "fp32 is installed as soon as both downloads are whole" passed after 5.099 seconds.
swift build & test (macOS)	Test (the suite, minus the hammer)	2026-09-29T14:11:43.7986730Z ✔ Test "Starting twice activates once — the session is not re-entered" passed after 5.111 seconds.
swift build & test (macOS)	Test (the suite, minus the hammer)	2026-09-29T14:11:43.7987440Z ✔ Test "the REAL model calls `session` and its reply carries the session's numbers" passed after 5.098 seconds.
swift build & test (macOS)	Test (the suite, minus the hammer)	2026-09-29T14:11:43.7988110Z ✔ Test "fp16 is not installed until the cast copy exists" passed after 5.100 seconds.
swift build & test (macOS)	Test (the suite, minus the hammer)	2026-09-29T14:11:43.7988760Z ✔ Test "The context bound is the app's number, and its default is stated" passed after 5.097 seconds.
swift build & test (macOS)	Test (the suite, minus the hammer)	2026-09-29T14:11:43.7989380Z ✔ Test "partials come before the final, never after" passed after 5.095 seconds.
swift build & test (macOS)	Test (the suite, minus the hammer)	2026-09-29T14:11:43.7990190Z ✔ Test "one final, then silence, then the stream ends" passed after 5.095 seconds.
swift build & test (macOS)	Test (the suite, minus the hammer)	2026-09-29T14:11:43.7993840Z ✔ Test "cancel ends the stream without a final" passed after 5.094 seconds.
swift build & test (macOS)	Test (the suite, minus the hammer)	2026-09-29T14:11:43.7994360Z ✔ Test emptyChunkIsIgnored() passed after 5.094 seconds.
swift build & test (macOS)	Test (the suite, minus the hammer)	2026-09-29T14:11:43.7994820Z ✔ Test firstLoudChunkStartsSpeech() passed after 5.094 seconds.
swift build & test (macOS)	Test (the suite, minus the hammer)	2026-09-29T14:11:43.7995370Z ✔ Test subWindowBurstProducesNothingEver() passed after 5.094 seconds.
swift build & test (macOS)	Test (the suite, minus the hammer)	2026-09-29T14:11:43.7995880Z ✔ Test fullConversationSequence() passed after 5.094 seconds.
swift build & test (macOS)	Test (the suite, minus the hammer)	2026-09-29T14:11:43.7996360Z ✔ Test defaultWindowIsZeroAndOff() passed after 5.096 seconds.
swift build & test (macOS)	Test (the suite, minus the hammer)	2026-09-29T14:11:43.7996850Z ✔ Test quietKillsTheCandidate() passed after 5.096 seconds.
swift build & test (macOS)	Test (the suite, minus the hammer)	2026-09-29T14:11:43.7997350Z ✔ Test oneBigChunkCompletesTheWindowAlone() passed after 5.096 seconds.
swift build & test (macOS)	Test (the suite, minus the hammer)	2026-09-29T14:11:43.7997950Z ✔ Test fullSequenceWithTransientsAroundARealWord() passed after 5.096 seconds.
swift build & test (macOS)	Test (the suite, minus the hammer)	2026-09-29T14:11:43.7998500Z ✔ Test hangoverIsUntouchedByTheWindow() passed after 5.096 seconds.
swift build & test (macOS)	Test (the suite, minus the hammer)	2026-09-29T14:11:43.7999040Z ✔ Test shortGapInsideHangoverKeepsSpeaking() passed after 5.096 seconds.
swift build & test (macOS)	Test (the suite, minus the hammer)	2026-09-29T14:11:43.7999860Z ✔ Test "The default gate is zero — 4a byte for byte (the untouched suite is the proof; this pins the default)" passed after 5.099 seconds.
swift build & test (macOS)	Test (the suite, minus the hammer)	2026-09-29T14:11:43.8010470Z ✔ Test silenceProducesNothing() passed after 5.101 seconds.
swift build & test (macOS)	Test (the suite, minus the hammer)	2026-09-29T14:11:43.8018910Z ✔ Test onsetBoundaryIsExact() passed after 5.102 seconds.
swift build & test (macOS)	Test (the suite, minus the hammer)	2026-09-29T14:11:43.8037080Z ✔ Test loudChunkResetsTheHangoverBudget() passed after 5.101 seconds.
swift build & test (macOS)	Test (the suite, minus the hammer)	2026-09-29T14:11:43.8037650Z ✔ Test exactThresholdCountsAsLoud() passed after 5.101 seconds.
swift build & test (macOS)	Test (the suite, minus the hammer)	2026-09-29T14:11:43.8038650Z ✔ Test hangoverBoundaryIsExact() passed after 5.102 seconds.
swift build & test (macOS)	Test (the suite, minus the hammer)	2026-09-29T14:11:43.8061730Z ✔ Test "an injected policy is the one asked, and the refusal carries the state it saw" passed after 5.101 seconds.
swift build & test (macOS)	Test (the suite, minus the hammer)	2026-09-29T14:11:43.8062700Z ✔ Test "the refusal is one typed case a caller can count" passed after 5.101 seconds.
swift build & test (macOS)	Test (the suite, minus the hammer)	2026-09-29T14:11:43.8063390Z ✔ Test "the thermometer is read every time — a phone that cools is admitted on the next turn" passed after 5.102 seconds.
swift build & test (macOS)	Test (the suite, minus the hammer)	2026-09-29T14:11:43.8064210Z ✔ Test "heat is asked before readiness: a hot phone with no weights hears .tooHot, not .unavailable" passed after 5.102 seconds.
swift build & test (macOS)	Test (the suite, minus the hammer)	2026-09-29T14:11:43.8065030Z ✔ Test "the public constructor's defaults are the system thermometer and the shipped policy" passed after 5.102 seconds.
swift build & test (macOS)	Test (the suite, minus the hammer)	2026-09-29T14:11:43.8066740Z ✔ Test "the pure function: only the closing tag is touched; text without it is unchanged; every occurrence goes" passed after 5.102 seconds.
swift build & test (macOS)	Test (the suite, minus the hammer)	2026-09-29T14:11:43.8067620Z ✔ Test "a temperature alone is passed through, and sampling stays the vendor's" passed after 5.102 seconds.
swift build & test (macOS)	Test (the suite, minus the hammer)	2026-09-29T14:11:43.8068290Z ✔ Test "the default budget is 1024 — set even when the caller says nothing (AC-233, F-6 = A)" passed after 5.102 seconds.
swift build & test (macOS)	Test (the suite, minus the hammer)	2026-09-29T14:11:43.8068830Z ✔ Test "a seed is .random(top: 50, seed:) (AC-234)" passed after 5.102 seconds.
swift build & test (macOS)	Test (the suite, minus the hammer)	2026-09-29T14:11:43.8069350Z ✔ Test "temperature 0 beside a seed: greedy wins — there is no randomness to seed" passed after 5.102 seconds.
swift build & test (macOS)	Test (the suite, minus the hammer)	2026-09-29T14:11:43.8070030Z ✔ Test "a per-call budget reaches maximumResponseTokens (AC-233)" passed after 5.103 seconds.
swift build & test (macOS)	Test (the suite, minus the hammer)	2026-09-29T14:11:43.8070510Z ✔ Test "temperature 0 is .greedy (AC-234)" passed after 5.103 seconds.
swift build & test (macOS)	Test (the suite, minus the hammer)	2026-09-29T14:11:43.8071140Z ✔ Test "a bad per-call table throws ReplyFailure.engine with the typed error's words from openReply; no run opens" passed after 5.103 seconds.
swift build & test (macOS)	Test (the suite, minus the hammer)	2026-09-29T14:11:43.8071830Z ✔ Test "a clean default table builds: .empty, and a tool with parameters" passed after 5.104 seconds.
swift build & test (macOS)	Test (the suite, minus the hammer)	2026-09-29T14:11:43.8072630Z ✔ Test "a bad per-call table is refused before the heat and the verdict: critical and absent hear the table's error" passed after 5.104 seconds.
swift build & test (macOS)	Test (the suite, minus the hammer)	2026-09-29T14:11:43.8073380Z ✔ Test "one final, then silence, then the stream ends (model required; skips if absent)" passed after 5.104 seconds.
swift build & test (macOS)	Test (the suite, minus the hammer)	2026-09-29T14:11:43.8077770Z ◇ Test "a re-install reports the client's fraction plus the OLD manifest's expected bytes" started.
swift build & test (macOS)	Test (the suite, minus the hammer)	2026-09-29T14:11:43.8102360Z ✔ Test "a bad default table throws the typed error from the generator's init — internal seam and public door" passed after 5.107 seconds.
swift build & test (macOS)	Test (the suite, minus the hammer)	2026-09-29T14:11:43.8103230Z ✔ Test "written run: started once, finished once, in order (MMK_LIVE_SYNTH=1)" passed after 5.105 seconds.
swift build & test (macOS)	Test (the suite, minus the hammer)	2026-09-29T14:11:43.8103900Z ✔ Test theBoundCountsPiecesNotRecords() passed after 5.105 seconds.
swift build & test (macOS)	Test (the suite, minus the hammer)	2026-09-29T14:11:43.8104920Z ✔ Test theBoundDropsTheOldestAndKeepsSpokenOrder() passed after 5.105 seconds.
swift build & test (macOS)	Test (the suite, minus the hammer)	2026-09-29T14:11:43.8105640Z ✔ Test aLateOldPieceCannotEvictANewerOneItPredates() passed after 5.105 seconds.
swift build & test (macOS)	Test (the suite, minus the hammer)	2026-09-29T14:11:43.8106220Z ✔ Test oneUtteranceContributesOnce() passed after 5.105 seconds.
swift build & test (macOS)	Test (the suite, minus the hammer)	2026-09-29T14:11:43.8106730Z ✔ Test oneFinalIsExactlyItsOwnText() passed after 5.105 seconds.
swift build & test (macOS)	Test (the suite, minus the hammer)	2026-09-29T14:11:43.8110630Z ✔ Test textIsTrimmedAtTheEdgesAndJoinedBySingleSpaces() passed after 5.104 seconds.
swift build & test (macOS)	Test (the suite, minus the hammer)	2026-09-29T14:11:43.8111890Z ✔ Test clearForgetsEverything() passed after 5.104 seconds.
swift build & test (macOS)	Test (the suite, minus the hammer)	2026-09-29T14:11:43.8112480Z ✔ Test aRepeatedIdentityDoesNotReorderTheThought() passed after 5.104 seconds.
swift build & test (macOS)	Test (the suite, minus the hammer)	2026-09-29T14:11:43.8113870Z ✔ Test outOfOrderArrivalStillReadsInSpokenOrder() passed after 5.104 seconds.
swift build & test (macOS)	Test (the suite, minus the hammer)	2026-09-29T14:11:43.8114410Z ✔ Test whitespaceIsNotSpeech() passed after 5.104 seconds.
swift build & test (macOS)	Test (the suite, minus the hammer)	2026-09-29T14:11:43.8114910Z ✔ Test piecesJoinInSpokenOrder() passed after 5.104 seconds.
swift build & test (macOS)	Test (the suite, minus the hammer)	2026-09-29T14:11:43.8128010Z ✔ Test "the door is asked EVERY time — weights can arrive between turns" passed after 5.104 seconds.
swift build & test (macOS)	Test (the suite, minus the hammer)	2026-09-29T14:11:43.8128900Z ✔ Test "the door's refusal describes itself in the verdict's honest words, undecorated" passed after 5.104 seconds.
swift build & test (macOS)	Test (the suite, minus the hammer)	2026-09-29T14:11:43.8130970Z ✔ Test "a clean table passes: four distinct parameters, a tool with none, the empty table, names apart by case" passed after 5.103 seconds.
swift build & test (macOS)	Test (the suite, minus the hammer)	2026-09-29T14:11:43.8132120Z ✔ Test "a required parameter absent: the body does not run, the model is told, the count says .missing" passed after 5.103 seconds.
swift build & test (macOS)	Test (the suite, minus the hammer)	2026-09-29T14:11:43.8133300Z ✔ Test "two tools with one name are not the check's business: the lookup rule already defines them" passed after 5.103 seconds.
swift build & test (macOS)	Test (the suite, minus the hammer)	2026-09-29T14:11:43.8134610Z ✔ Test "a value outside the declared band is refused before the body, told in words, and counted under its own name" passed after 5.103 seconds.
swift build & test (macOS)	Test (the suite, minus the hammer)	2026-09-29T14:11:43.8137180Z ✔ Test "two tables with one declaration and different bodies are equal; one parameter apart, not (F-13 c)" passed after 5.103 seconds.
swift build & test (macOS)	Test (the suite, minus the hammer)	2026-09-29T14:11:43.8138080Z ✔ Test ""nan" and "inf" for a number parameter are refused (F-8 C closes the hole)" passed after 5.103 seconds.
swift build & test (macOS)	Test (the suite, minus the hammer)	2026-09-29T14:11:43.8139340Z ✔ Test "two parameters of one tool with one name: the check throws the typed error naming tool and parameter" passed after 5.103 seconds.
swift build & test (macOS)	Test (the suite, minus the hammer)	2026-09-29T14:11:43.8140290Z ✔ Test "a nested value for a .string parameter is wrong kind, counted (F-13 i) — a list and an object" passed after 5.103 seconds.
swift build & test (macOS)	Test (the suite, minus the hammer)	2026-09-29T14:11:43.8141060Z ✔ Test "null for a required parameter is absence, counted .missing (F-13 j)" passed after 5.103 seconds.
swift build & test (macOS)	Test (the suite, minus the hammer)	2026-09-29T14:11:43.8141790Z ✔ Test "the first offence in table order, then declaration order, is the one named" passed after 5.103 seconds.
swift build & test (macOS)	Test (the suite, minus the hammer)	2026-09-29T14:11:43.8142570Z ✔ Test "a value of a kind the parameter cannot read: refused as wrong kind, the body does not run" passed after 5.103 seconds.
swift build & test (macOS)	Test (the suite, minus the hammer)	2026-09-29T14:11:43.8151750Z ✔ Test "84.5 for an integer parameter is refused as wrong kind (F-13 b)" passed after 5.103 seconds.
swift build & test (macOS)	Test (the suite, minus the hammer)	2026-09-29T14:11:43.8152680Z ✔ Test ""shown to the model" and "checked by the table" are two switches: the parameter carries both" passed after 5.103 seconds.
swift build & test (macOS)	Test (the suite, minus the hammer)	2026-09-29T14:11:43.8153580Z ✔ Test "the accessors after the door: they read what the door let in, and throw a typed failure for anything else" passed after 5.103 seconds.
swift build & test (macOS)	Test (the suite, minus the hammer)	2026-09-29T14:11:43.8154610Z ✔ Test "a name no tool has: the sentence the MLX run has always fed back (AC-276)" passed after 5.103 seconds.
swift build & test (macOS)	Test (the suite, minus the hammer)	2026-09-29T14:11:43.8155300Z ✔ Test "a number for a string parameter is refused: the leniency is one way (F-8 C keeps the branch's asymmetry)" passed after 5.103 seconds.
swift build & test (macOS)	Test (the suite, minus the hammer)	2026-09-29T14:11:43.8155990Z ✔ Test "Every listener receives the same sequence" passed after 5.101 seconds.
swift build & test (macOS)	Test (the suite, minus the hammer)	2026-09-29T14:11:43.8156680Z ✔ Test "Listeners are counted while they exist, and forgotten when their stream dies" passed after 5.101 seconds.
swift build & test (macOS)	Test (the suite, minus the hammer)	2026-09-29T14:11:43.8157540Z ✔ Test "A slow listener loses the oldest events, and the loss is counted" passed after 5.101 seconds.
swift build & test (macOS)	Test (the suite, minus the hammer)	2026-09-29T14:11:43.8161590Z ✔ Test "Listening after finish gets a stream that is already over" passed after 5.101 seconds.
swift build & test (macOS)	Test (the suite, minus the hammer)	2026-09-29T14:11:43.8162450Z ✔ Test "finish() ends every listener's stream, and is safe to call twice" passed after 5.101 seconds.
swift build & test (macOS)	Test (the suite, minus the hammer)	2026-09-29T14:11:43.8162990Z ✔ Test "A slow listener never affects what another listener sees" passed after 5.101 seconds.
swift build & test (macOS)	Test (the suite, minus the hammer)	2026-09-29T14:11:43.8164190Z ✔ Test "a remembered tool call is replayed as a CALL and an OUTPUT, not as prose (AC-305)" passed after 5.101 seconds.
swift build & test (macOS)	Test (the suite, minus the hammer)	2026-09-29T14:11:43.8164930Z ✔ Test "A late listener hears only what comes next — no replay" passed after 5.101 seconds.
swift build & test (macOS)	Test (the suite, minus the hammer)	2026-09-29T14:11:43.8165580Z ✔ Test "the plan is the VENDOR's file set, not a list written here" passed after 5.105 seconds.
swift build & test (macOS)	Test (the suite, minus the hammer)	2026-09-29T14:11:43.8166320Z ✔ Test "a turn where a tool ran and the mind said nothing is kept: the act is the answer (D-119)" passed after 5.105 seconds.
swift build & test (macOS)	Test (the suite, minus the hammer)	2026-09-29T14:11:43.8167250Z ✔ Test "a real reply with a 200 ms deadline ends .finished(.deadline) (AC-264)" passed after 5.111 seconds.
swift build & test (macOS)	Test (the suite, minus the hammer)	2026-09-29T14:11:43.8184450Z ✔ Test "a REAL reply that ends on its own is .finished(.complete)" passed after 5.108 seconds.
swift build & test (macOS)	Test (the suite, minus the hammer)	2026-09-29T14:11:43.8185900Z ✔ Test "no table on the call, none on the generator: the prompt is the bytes captured before 4z, and after" passed after 5.108 seconds.
swift build & test (macOS)	Test (the suite, minus the hammer)	2026-09-29T14:11:43.8186710Z ✔ Test "first-token latency, with and without the tool in the session (AC-228, Mac half)" passed after 5.107 seconds.
swift build & test (macOS)	Test (the suite, minus the hammer)	2026-09-29T14:11:43.8187520Z ✔ Test "the real mind calls a tool with a parameter, and the body reads the number (AC-269, Apple half)" passed after 5.107 seconds.
swift build & test (macOS)	Test (the suite, minus the hammer)	2026-09-29T14:11:43.8188280Z ✔ Test "the real mind calls the session tool and speaks its answer (AC-223)" passed after 5.107 seconds.
swift build & test (macOS)	Test (the suite, minus the hammer)	2026-09-29T14:11:43.8189130Z ✔ Test "a throwing tool is answered in words and the real reply still ends .finished (AC-276, F-4 = B)" passed after 5.107 seconds.
swift build & test (macOS)	Test (the suite, minus the hammer)	2026-09-29T14:11:43.8197910Z ✔ Test wraparoundKeepsOrderAcrossTheSeam() passed after 5.107 seconds.
swift build & test (macOS)	Test (the suite, minus the hammer)	2026-09-29T14:11:43.8201690Z ✔ Test emptyReadReturnsNothing() passed after 5.107 seconds.
swift build & test (macOS)	Test (the suite, minus the hammer)	2026-09-29T14:11:43.8203720Z ✔ Test roundtripPreservesOrderAndValues() passed after 5.107 seconds.
swift build & test (macOS)	Test (the suite, minus the hammer)	2026-09-29T14:11:43.8205250Z ✔ Test droppedFramesAccumulateAcrossOverruns() passed after 5.106 seconds.
swift build & test (macOS)	Test (the suite, minus the hammer)	2026-09-29T14:11:43.8206620Z ✔ Test partialReadsDeliverInOrder() passed after 5.106 seconds.
swift build & test (macOS)	Test (the suite, minus the hammer)	2026-09-29T14:11:43.8207940Z ✔ Test capacityRoundsUpToPowerOfTwo() passed after 5.106 seconds.
swift build & test (macOS)	Test (the suite, minus the hammer)	2026-09-29T14:11:43.8209340Z ✔ Test overflowOverwritesOldestAndCountsExactly() passed after 5.106 seconds.
swift build & test (macOS)	Test (the suite, minus the hammer)	2026-09-29T14:11:43.8211060Z ✔ Test "both coordinator doors refuse a bad number with the same error (AC-241)" passed after 5.106 seconds.
swift build & test (macOS)	Test (the suite, minus the hammer)	2026-09-29T14:11:43.8213070Z ✔ Test "the clockless coordinator with a reply gate throws .replyGateNeedsAClock (AC-241)" passed after 5.106 seconds.
swift build & test (macOS)	Test (the suite, minus the hammer)	2026-09-29T14:11:43.8218000Z ✔ Test "a ledger bound of zero is refused by AIRuntime.init, not trapped in run() (AC-241)" with 3 test cases passed after 5.106 seconds.
swift build & test (macOS)	Test (the suite, minus the hammer)	2026-09-29T14:11:43.8218870Z ✔ Test "validate() passes the default and the legal zero-depth memory (AC-197)" passed after 5.106 seconds.
swift build & test (macOS)	Test (the suite, minus the hammer)	2026-09-29T14:11:43.8219670Z ✔ Test "the coordinator's errors name the number they refuse" passed after 5.106 seconds.
swift build & test (macOS)	Test (the suite, minus the hammer)	2026-09-29T14:11:43.8220500Z ✔ Test "a mouth without a mind throws .mouthWithoutMind, at init, before any loop (AC-241)" passed after 5.106 seconds.
swift build & test (macOS)	Test (the suite, minus the hammer)	2026-09-29T14:11:43.8221340Z ✔ Test "listen-only still has its turns numbers checked at the door (AC-241)" passed after 5.106 seconds.
swift build & test (macOS)	Test (the suite, minus the hammer)	2026-09-29T14:11:43.8222090Z ✔ Test "both organs, or neither, is a valid configuration and does not throw (F-3 = B)" passed after 5.106 seconds.
swift build & test (macOS)	Test (the suite, minus the hammer)	2026-09-29T14:11:43.8223970Z ✔ Test "the runtime's error says what to do in plain words" passed after 5.106 seconds.
swift build & test (macOS)	Test (the suite, minus the hammer)	2026-09-29T14:11:43.8227480Z ✔ Test "a mind without a mouth throws .mindWithoutMouth, at init, before any loop (AC-241)" passed after 5.106 seconds.
swift build & test (macOS)	Test (the suite, minus the hammer)	2026-09-29T14:11:43.8228310Z ✔ Test "the clockless door reports the gate before the bounds" passed after 5.106 seconds.
swift build & test (macOS)	Test (the suite, minus the hammer)	2026-09-29T14:11:43.8229270Z ✔ Test "GenerationOptions.deadline defaults to nil and is a value (AC-264, AC-265)" passed after 5.105 seconds.
swift build & test (macOS)	Test (the suite, minus the hammer)	2026-09-29T14:11:43.8230140Z ✔ Test "the clockless coordinator with the default (zero) gate does not throw" passed after 5.105 seconds.
swift build & test (macOS)	Test (the suite, minus the hammer)	2026-09-29T14:11:43.8230940Z ✔ Test "StopReason is complete / tokenBudget / unreported / refused / deadline — F-4 = A" passed after 5.153 seconds.
swift build & test (macOS)	Test (the suite, minus the hammer)	2026-09-29T14:11:43.8231850Z ✔ Test "openReply throws ReplyFailure.tooHot(.critical) at the door, and opens no run (AC-260)" passed after 5.153 seconds.
swift build & test (macOS)	Test (the suite, minus the hammer)	2026-09-29T14:11:43.8232660Z ✔ Test "an injected policy overrules the default: refusing at .serious" passed after 5.153 seconds.
swift build & test (macOS)	Test (the suite, minus the hammer)	2026-09-29T14:11:43.8233470Z ✔ Test "openReply opens at .nominal, .fair and .serious (AC-260)" passed after 5.154 seconds.
swift build & test (macOS)	Test (the suite, minus the hammer)	2026-09-29T14:11:43.8234930Z ✔ Test "DefaultGenerationThermalPolicy refuses at .critical only (F-2 = A)" passed after 5.154 seconds.
swift build & test (macOS)	Test (the suite, minus the hammer)	2026-09-29T14:11:43.8235670Z ✔ Test "ReplyFailure gained .tooHot — and still has no .refused (D-104)" passed after 5.154 seconds.
swift build & test (macOS)	Test (the suite, minus the hammer)	2026-09-29T14:11:43.8237210Z ✔ Test "the transcription policy's table is untouched — D-028 stands" passed after 5.154 seconds.
swift build & test (macOS)	Test (the suite, minus the hammer)	2026-09-29T14:11:43.8237780Z ✔ Test "tooHot describes itself in plain words, naming the state" passed after 5.154 seconds.
swift build & test (macOS)	Test (the suite, minus the hammer)	2026-09-29T14:11:43.8238720Z ✔ Test "the arguments are checked BEFORE the flag is read: a bad call is refused as a bad call, not told to ask" passed after 5.154 seconds.
swift build & test (macOS)	Test (the suite, minus the hammer)	2026-09-29T14:11:43.8239640Z ✔ Test "a flagged tool on the model's first call: the body does not run, the model is told to ask, counted" passed after 5.154 seconds.
swift build & test (macOS)	Test (the suite, minus the hammer)	2026-09-29T14:11:43.8240470Z ✔ Test "`confirmed: true` in the ARGUMENTS does not run the body — the model cannot confirm itself" passed after 5.154 seconds.
swift build & test (macOS)	Test (the suite, minus the hammer)	2026-09-29T14:11:43.8243730Z ✔ Test "heat is asked before the availability verdict (AC-260)" passed after 5.153 seconds.
swift build & test (macOS)	Test (the suite, minus the hammer)	2026-09-29T14:11:43.8245770Z ✔ Test "the public initialiser defaults to the real thermometer and the shipped policy (AC-260)" passed after 5.153 seconds.
swift build & test (macOS)	Test (the suite, minus the hammer)	2026-09-29T14:11:43.8247820Z ✔ Test "the thermometer is read once per door, and refusals count (AC-260)" passed after 5.173 seconds.
swift build & test (macOS)	Test (the suite, minus the hammer)	2026-09-29T14:11:43.8255250Z ✔ Test "after a retire-during-load the holder is still usable" passed after 5.178 seconds.
swift build & test (macOS)	Test (the suite, minus the hammer)	2026-09-29T14:11:43.8256010Z ✔ Test "the size is nil, always: the system owns these bytes and this library will not guess" passed after 5.180 seconds.
swift build & test (macOS)	Test (the suite, minus the hammer)	2026-09-29T14:11:43.8256750Z ✔ Test "a build that finishes after a retire does NOT come back to life" passed after 5.181 seconds.
swift build & test (macOS)	Test (the suite, minus the hammer)	2026-09-29T14:11:43.8257630Z ✔ Test "the options carry the table and the yes, and stay Equatable (AC-282's shape)" passed after 5.181 seconds.
swift build & test (macOS)	Test (the suite, minus the hammer)	2026-09-29T14:11:43.8258340Z ✔ Test "two callers arriving together get one build, and the same value" passed after 5.181 seconds.
swift build & test (macOS)	Test (the suite, minus the hammer)	2026-09-29T14:11:43.8259000Z ◇ Test "one truncated file is .incomplete(files:) naming exactly that file" started.
swift build & test (macOS)	Test (the suite, minus the hammer)	2026-09-29T14:11:43.8275460Z ✔ Test "a variant this library never measured answers nil, not a guess" passed after 5.181 seconds.
swift build & test (macOS)	Test (the suite, minus the hammer)	2026-09-29T14:11:43.8276500Z ◇ Test "a move that fails never touches the tree it was going to replace" started.
swift build & test (macOS)	Test (the suite, minus the hammer)	2026-09-29T14:11:43.8277540Z ✔ Test "asking a model-backed engine anything costs no network and no download" passed after 5.181 seconds.
swift build & test (macOS)	Test (the suite, minus the hammer)	2026-09-29T14:11:43.8278390Z ✔ Test "a silent reply completes without speaking (runs everywhere)" passed after 5.184 seconds.
swift build & test (macOS)	Test (the suite, minus the hammer)	2026-09-29T14:11:43.8279140Z ✔ Test "the library's own models know their size; the app's model does not pretend to" passed after 5.181 seconds.
swift build & test (macOS)	Test (the suite, minus the hammer)	2026-09-29T14:11:43.8280360Z ✔ Test "cancel before anything spoken: silent end, host untouched" passed after 5.179 seconds.
swift build & test (macOS)	Test (the suite, minus the hammer)	2026-09-29T14:11:43.8282730Z ✔ Test "a REAL reply: tokens then one terminal, and NO reasoning is spoken" passed after 5.178 seconds.
swift build & test (macOS)	Test (the suite, minus the hammer)	2026-09-29T14:11:43.8284500Z ✔ Test "the model reports honestly whether it is installed — asking triggers nothing" passed after 5.179 seconds.
swift build & test (macOS)	Test (the suite, minus the hammer)	2026-09-29T14:11:43.8286160Z ✔ Test "the REAL source is wired to the door — it refuses what is not installed" passed after 5.179 seconds.
swift build & test (macOS)	Test (the suite, minus the hammer)	2026-09-29T14:11:43.8288120Z ✔ Test "WARM, the first token is fast — the cold 1.9 s is the load, not the model" passed after 5.179 seconds.
swift build & test (macOS)	Test (the suite, minus the hammer)	2026-09-29T14:11:43.8301120Z ✔ Test "a missing model is refused at the door, not discovered mid-reply" passed after 5.180 seconds.
swift build & test (macOS)	Test (the suite, minus the hammer)	2026-09-29T14:11:43.8301840Z ✔ Test "a cancelled REAL reply ends without a terminal" passed after 5.179 seconds.
swift build & test (macOS)	Test (the suite, minus the hammer)	2026-09-29T14:11:43.8302580Z ✔ Test "the runtime guard answers, and says WHERE it found the shaders" passed after 5.181 seconds.
swift build & test (macOS)	Test (the suite, minus the hammer)	2026-09-29T14:11:43.8303340Z ✔ Test "the recorder sees a MARKED request that IS made — the control for every silence proof" passed after 5.238 seconds.
swift build & test (macOS)	Test (the suite, minus the hammer)	2026-09-29T14:11:43.8304100Z ✔ Test "anything else the vendor throws is still .engine(String)" passed after 5.232 seconds.
swift build & test (macOS)	Test (the suite, minus the hammer)	2026-09-29T14:11:43.8304720Z ✔ Test "contextWindowExceeded thrown by the source is .failed(.contextWindowExceeded)" passed after 5.232 seconds.
swift build & test (macOS)	Test (the suite, minus the hammer)	2026-09-29T14:11:43.8305360Z ✔ Suite SpeechPhraserTests passed after 5.335 seconds.
swift build & test (macOS)	Test (the suite, minus the hammer)	2026-09-29T14:11:43.8315840Z ✔ Suite WordErrorRateTests passed after 5.335 seconds.
swift build & test (macOS)	Test (the suite, minus the hammer)	2026-09-29T14:11:43.8328350Z ✔ Test "the door is asked EVERY time — a download that completes is seen on the next call" passed after 5.324 seconds.
swift build & test (macOS)	Test (the suite, minus the hammer)	2026-09-29T14:11:43.8329000Z ✔ Suite "launching exactly once" passed after 5.336 seconds.
swift build & test (macOS)	Test (the suite, minus the hammer)	2026-09-29T14:11:43.8329640Z ✔ Test "a stream that ends on its own is drained whole, awaited, and reported as not cut" passed after 5.318 seconds.
swift build & test (macOS)	Test (the suite, minus the hammer)	2026-09-29T14:11:43.8330260Z ✔ Suite ConversationMemoryTests passed after 5.336 seconds.
swift build & test (macOS)	Test (the suite, minus the hammer)	2026-09-29T14:11:43.8330720Z ✔ Suite AudioSourceTests passed after 5.336 seconds.
swift build & test (macOS)	Test (the suite, minus the hammer)	2026-09-29T14:11:43.8331250Z ✔ Suite AudioSessionSeamTests passed after 5.336 seconds.
swift build & test (macOS)	Test (the suite, minus the hammer)	2026-09-29T14:11:43.8332690Z ✔ Test "a flagged tool with no yes on the call is told to ask; with the name confirmed it runs once" passed after 5.317 seconds.
swift build & test (macOS)	Test (the suite, minus the hammer)	2026-09-29T14:11:43.8333570Z ✔ Test "a tool's throw becomes the ToolCallFailure sentence every mind writes (AC-225)" passed after 5.317 seconds.
swift build & test (macOS)	Test (the suite, minus the hammer)	2026-09-29T14:11:43.8340170Z ✔ Test "a throw is answered in words: call(arguments:) returns the sentence and does not throw (AC-276, F-4 = B)" passed after 5.318 seconds.
swift build & test (macOS)	Test (the suite, minus the hammer)	2026-09-29T14:11:43.8341550Z ✔ Test "call(arguments:) reaches the ReplyTool with the typed arguments and returns its answer" passed after 5.319 seconds.
swift build & test (macOS)	Test (the suite, minus the hammer)	2026-09-29T14:11:43.8342340Z ✔ Test "a throwing decode reports failed once, terminal, and ends the stream" passed after 5.316 seconds.
swift build & test (macOS)	Test (the suite, minus the hammer)	2026-09-29T14:11:43.8343130Z ✔ Test "openReply hands off — generation never blocks the opener" passed after 5.314 seconds.
swift build & test (macOS)	Test (the suite, minus the hammer)	2026-09-29T14:11:43.8343730Z ✔ Test "cancel ends the stream without a terminal" passed after 5.314 seconds.
swift build & test (macOS)	Test (the suite, minus the hammer)	2026-09-29T14:11:43.8344440Z ✔ Suite "live · the Apple model, when this machine has one" passed after 5.339 seconds.
swift build & test (macOS)	Test (the suite, minus the hammer)	2026-09-29T14:11:43.8344960Z ✔ Suite KokoroWeightsTests passed after 5.339 seconds.
swift build & test (macOS)	Test (the suite, minus the hammer)	2026-09-29T14:11:43.8345470Z ✔ Suite ScriptedTranscriberConformanceTests passed after 5.340 seconds.
swift build & test (macOS)	Test (the suite, minus the hammer)	2026-09-29T14:11:43.8348000Z ✔ Suite EnergyVADTests passed after 5.340 seconds.
swift build & test (macOS)	Test (the suite, minus the hammer)	2026-09-29T14:11:43.8349980Z ✔ Test "the core door hands the tag through untouched — the escape is the MLX seam's alone" passed after 5.301 seconds.
swift build & test (macOS)	Test (the suite, minus the hammer)	2026-09-29T14:11:43.8350940Z ✔ Test "the whole options struct travels to the source untouched (AC-231's seam, read here)" passed after 5.300 seconds.
swift build & test (macOS)	Test (the suite, minus the hammer)	2026-09-29T14:11:43.8351680Z ✔ Test "no per-call instructions: the generator's own are used (AC-232)" passed after 5.300 seconds.
swift build & test (macOS)	Test (the suite, minus the hammer)	2026-09-29T14:11:43.8352510Z ✔ Test "asking for the size fetches nothing — and the same recorder DOES record a fetch" passed after 0.240 seconds.
swift build & test (macOS)	Test (the suite, minus the hammer)	2026-09-29T14:11:43.8353570Z ✔ Test "per-call instructions replace the generator's own (AC-232)" passed after 5.300 seconds.
swift build & test (macOS)	Test (the suite, minus the hammer)	2026-09-29T14:11:43.8358910Z ✔ Suite TranscriptLedgerTests passed after 5.340 seconds.
swift build & test (macOS)	Test (the suite, minus the hammer)	2026-09-29T14:11:43.8360070Z ✔ Test "promise 4 — openReply hands off; generation never blocks the opener" passed after 5.296 seconds.
swift build & test (macOS)	Test (the suite, minus the hammer)	2026-09-29T14:11:43.8360870Z ✔ Test "promise 2 — a cancelled reply ends its stream WITHOUT a terminal" passed after 5.296 seconds.
swift build & test (macOS)	Test (the suite, minus the hammer)	2026-09-29T14:11:43.8361610Z ✔ Test "stop() finishes every health stream; run() returns when the provider ends" passed after 5.296 seconds.
swift build & test (macOS)	Test (the suite, minus the hammer)	2026-09-29T14:11:43.8362470Z ✔ Test "an argument the tool never declared is stripped before the body and counted (F-7 C)" passed after 5.295 seconds.
swift build & test (macOS)	Test (the suite, minus the hammer)	2026-09-29T14:11:43.8365250Z ✔ Test "a band on an integer parameter is checked the same way" passed after 5.295 seconds.
swift build & test (macOS)	Test (the suite, minus the hammer)	2026-09-29T14:11:43.8365980Z ✔ Test ""7" for an integer and "true" for a boolean are coerced and counted; "7.5" for an integer is not" passed after 5.295 seconds.
swift build & test (macOS)	Test (the suite, minus the hammer)	2026-09-29T14:11:43.8366680Z ✔ Test ""84" for a number parameter reads 84, the body runs, and the coercion is counted (F-8 C)" passed after 5.295 seconds.
swift build & test (macOS)	Test (the suite, minus the hammer)	2026-09-29T14:11:43.8367440Z ✔ Test "84 parsed on the MLX side and 84.0 read on the Apple side are ONE ToolValue, and the door reads both alike" passed after 5.295 seconds.
swift build & test (macOS)	Test (the suite, minus the hammer)	2026-09-29T14:11:43.8368560Z ✔ Test "an optional parameter not given, or given as null, is simply not there for the body" passed after 5.294 seconds.
swift build & test (macOS)	Test (the suite, minus the hammer)	2026-09-29T14:11:43.8369230Z ✔ Test "the spike's no-argument tool: an extra is stripped, the body runs with nothing (AC-283)" passed after 5.294 seconds.
swift build & test (macOS)	Test (the suite, minus the hammer)	2026-09-29T14:11:43.8369940Z ✔ Test "an answer longer than the cap reaches the model cut at the cap with the marker, and the cut is counted" passed after 5.294 seconds.
swift build & test (macOS)	Test (the suite, minus the hammer)	2026-09-29T14:11:43.8370580Z ✔ Test sleepOnAnAlreadyCancelledTaskThrowsImmediately() passed after 5.294 seconds.
swift build & test (macOS)	Test (the suite, minus the hammer)	2026-09-29T14:11:43.8370990Z ✔ Suite BroadcastTests passed after 5.342 seconds.
swift build & test (macOS)	Test (the suite, minus the hammer)	2026-09-29T14:11:43.8371470Z ✔ Test "the door reads a checked table exactly as before: the same knock, the same answer" passed after 5.292 seconds.
swift build & test (macOS)	Test (the suite, minus the hammer)	2026-09-29T14:11:43.8372190Z ✔ Suite "live · the Apple mind's deadline against the real model" passed after 5.341 seconds.
swift build & test (macOS)	Test (the suite, minus the hammer)	2026-09-29T14:11:43.8372870Z ✔ Suite "AC-272 · the plain path's whole prompt is the same bytes before and after 4z, when this machine has the model" passed after 5.341 seconds.
swift build & test (macOS)	Test (the suite, minus the hammer)	2026-09-29T14:11:43.8373620Z ✔ Suite "live · AC-223 · the Apple mind asks the session tool" passed after 5.341 seconds.
swift build & test (macOS)	Test (the suite, minus the hammer)	2026-09-29T14:11:43.8374140Z ✔ Test stressAccountingBalancesAndOrderSurvives() passed after 5.287 seconds.
swift build & test (macOS)	Test (the suite, minus the hammer)	2026-09-29T14:11:43.8374580Z ✔ Suite AIRuntimeConfigurationTests passed after 5.341 seconds.
swift build & test (macOS)	Test (the suite, minus the hammer)	2026-09-29T14:11:43.8376100Z ✔ Test "a re-install reports the client's fraction plus the OLD manifest's expected bytes" passed after 0.196 seconds.
swift build & test (macOS)	Test (the suite, minus the hammer)	2026-09-29T14:11:43.8376800Z ✔ Test "an unflagged tool needs no yes: the diet app's act-at-once is the flag left off" passed after 5.285 seconds.
swift build & test (macOS)	Test (the suite, minus the hammer)	2026-09-29T14:11:43.8377580Z ✔ Test "the name in the call's confirmed set: the body runs exactly once; the yes rides THAT call only" passed after 5.285 seconds.
swift build & test (macOS)	Test (the suite, minus the hammer)	2026-09-29T14:11:43.8378270Z ✔ Test "an app's stricter policy refuses at .serious — the INJECTED policy decides (AC-260)" passed after 5.283 seconds.
swift build & test (macOS)	Test (the suite, minus the hammer)	2026-09-29T14:11:43.8378930Z ✔ Test "a call's table REPLACES the generator's for that call; it does not add to it" passed after 5.282 seconds.
swift build & test (macOS)	Test (the suite, minus the hammer)	2026-09-29T14:11:43.8379530Z ✔ Test "one truncated file is .incomplete(files:) naming exactly that file" passed after 0.100 seconds.
swift build & test (macOS)	Test (the suite, minus the hammer)	2026-09-29T14:11:43.8380090Z ✔ Suite "AC-291/294/295 · the five questions, through the protocol" passed after 5.342 seconds.
swift build & test (macOS)	Test (the suite, minus the hammer)	2026-09-29T14:11:43.8380640Z ✔ Test "a move that fails never touches the tree it was going to replace" passed after 0.100 seconds.
swift build & test (macOS)	Test (the suite, minus the hammer)	2026-09-29T14:11:43.8381270Z ✔ Test "an unspeakable reply terminates without touching write() or the host" passed after 5.303 seconds.
swift build & test (macOS)	Test (the suite, minus the hammer)	2026-09-29T14:11:43.8381890Z ✔ Suite "AC-128/129 · the real model, when this machine has one" passed after 5.368 seconds.
swift build & test (macOS)	Test (the suite, minus the hammer)	2026-09-29T14:11:43.8382580Z ✔ Suite "AC-236 · a ReplyFailure thrown by the source keeps its case" passed after 5.379 seconds.
swift build & test (macOS)	Test (the suite, minus the hammer)	2026-09-29T14:11:43.8384060Z ◇ Test "with a KNOWN short headroom the mind's own door refuses on the app's number, and loads when it is gone" started.
swift build & test (macOS)	Test (the suite, minus the hammer)	2026-09-29T14:11:43.8384920Z ✔ Suite "§175/5 · the Apple mind's readiness is the contract's verdict" passed after 5.385 seconds.
swift build & test (macOS)	Test (the suite, minus the hammer)	2026-09-29T14:11:43.8385600Z ✔ Test "a load that throws lets the next admission through — the gate is released on every exit" passed after 5.368 seconds.
swift build & test (macOS)	Test (the suite, minus the hammer)	2026-09-29T14:11:43.8386520Z ◇ Test "an unspeakable reply still terminates — liveness (model required; skips if absent)" started.
swift build & test (macOS)	Test (the suite, minus the hammer)	2026-09-29T14:11:43.8388200Z ✔ Test "an unchanged snapshot says nothing — no empty tokens" passed after 5.361 seconds.
swift build & test (macOS)	Test (the suite, minus the hammer)	2026-09-29T14:11:43.8389640Z ✔ Test "cumulative snapshots become suffix tokens, then finished, once" passed after 5.361 seconds.
swift build & test (macOS)	Test (the suite, minus the hammer)	2026-09-29T14:11:43.8391030Z ✔ Test "a throwing source is one .failed, terminal" passed after 5.361 seconds.
swift build & test (macOS)	Test (the suite, minus the hammer)	2026-09-29T14:11:43.8392540Z ✔ Test "a guardrail violation is SPOKEN, and the reply ends .refused (F-4 = A, D-104)" passed after 5.361 seconds.
swift build & test (macOS)	Test (the suite, minus the hammer)	2026-09-29T14:11:43.8394010Z ✔ Test "the context window overflowing is a named failure" passed after 5.361 seconds.
swift build & test (macOS)	Test (the suite, minus the hammer)	2026-09-29T14:11:43.8396580Z ✔ Test "a REVISING stream: true tokens out, then one honest failure, never the rewrite" passed after 5.361 seconds.
swift build & test (macOS)	Test (the suite, minus the hammer)	2026-09-29T14:11:43.8397340Z ✔ Test "assets unavailable names the Simulator lesson — availability lied" passed after 5.362 seconds.
swift build & test (macOS)	Test (the suite, minus the hammer)	2026-09-29T14:11:43.8399110Z ✔ Test "a model refusal is SPOKEN the same way, and ends .refused (F-4 = A, D-104)" passed after 5.361 seconds.
swift build & test (macOS)	Test (the suite, minus the hammer)	2026-09-29T14:11:43.8400970Z ✔ Test "a .critical with nothing running still retires — the weights, not the run, are the target" passed after 5.358 seconds.
swift build & test (macOS)	Test (the suite, minus the hammer)	2026-09-29T14:11:43.8401950Z ✔ Test "an error the vendor's enum does not own is .unexplained, with its words (AC-322)" passed after 5.357 seconds.
swift build & test (macOS)	Test (the suite, minus the hammer)	2026-09-29T14:11:43.8403000Z ✔ Test "reply(to:) RETURNS a refusal as Reply(text:, stop: .refused) — D-104" passed after 5.357 seconds.
swift build & test (macOS)	Test (the suite, minus the hammer)	2026-09-29T14:11:43.8403810Z ✔ Test "the context window overflowing stays .contextWindowExceeded" passed after 5.357 seconds.
swift build & test (macOS)	Test (the suite, minus the hammer)	2026-09-29T14:11:43.8404450Z ✔ Test "an unsupported language is .unsupportedLanguage" passed after 5.357 seconds.
swift build & test (macOS)	Test (the suite, minus the hammer)	2026-09-29T14:11:43.8405070Z ✔ Test "a refusal after partial text keeps what was already spoken — D-104" passed after 5.357 seconds.
swift build & test (macOS)	Test (the suite, minus the hammer)	2026-09-29T14:11:43.8405790Z ✔ Test "the tripwire keeps its name: a revised text is .engine, never .unexplained (AC-322)" passed after 5.356 seconds.
swift build & test (macOS)	Test (the suite, minus the hammer)	2026-09-29T14:11:43.8406390Z ✔ Test "an empty refusal sentence yields no token, only the ending — D-104" passed after 5.356 seconds.
swift build & test (macOS)	Test (the suite, minus the hammer)	2026-09-29T14:11:43.8408240Z ◇ Test "asked BY NAME to record 83.5, the 0.6B calls `log_reading` and the body's typed accessor reads 83.5 through the per-call door — the model's spelling (number or text) is not claimed; the parse by kind is ToolCallParsingTests'" started.
swift build & test (macOS)	Test (the suite, minus the hammer)	2026-09-29T14:11:43.8409290Z ✔ Suite "AC-232/233/234 · the Apple mind honours the caller's levers" passed after 5.386 seconds.
swift build & test (macOS)	Test (the suite, minus the hammer)	2026-09-29T14:11:43.8409890Z ◇ Test "cancel ends the stream without a final (model required; skips if absent)" started.
swift build & test (macOS)	Test (the suite, minus the hammer)	2026-09-29T14:11:43.8410380Z ◇ Test "written run: cancel ends without a terminal (MMK_LIVE_SYNTH=1)" started.
swift build & test (macOS)	Test (the suite, minus the hammer)	2026-09-29T14:11:43.8410920Z ✔ Test "a thrown tool's own words reach the model verbatim (F-13 e) — under the same cap" passed after 5.340 seconds.
swift build & test (macOS)	Test (the suite, minus the hammer)	2026-09-29T14:11:43.8411550Z ✔ Test "an answer of exactly the cap, and a short one, reach the model unchanged" passed after 5.338 seconds.
swift build & test (macOS)	Test (the suite, minus the hammer)	2026-09-29T14:11:43.8412070Z ◇ Test "a turn with no tool replays exactly as before (AC-305's other half)" started.
swift build & test (macOS)	Test (the suite, minus the hammer)	2026-09-29T14:11:43.8412550Z ◇ Test "the variant's six directories arrive under one fraction; then installed" started.
swift build & test (macOS)	Test (the suite, minus the hammer)	2026-09-29T14:11:43.8413040Z ✔ Test "a smaller cap cuts the same reply into more decodes" passed after 5.335 seconds.
swift build & test (macOS)	Test (the suite, minus the hammer)	2026-09-29T14:11:43.8413500Z ◇ Test "a REAL reply cut by a 3-token budget is .finished(.tokenBudget)" started.
swift build & test (macOS)	Test (the suite, minus the hammer)	2026-09-29T14:11:43.8414030Z ✔ Test "the diet app's act-at-once: an unflagged write runs on the model's first call" passed after 5.330 seconds.
swift build & test (macOS)	Test (the suite, minus the hammer)	2026-09-29T14:11:43.8414730Z ◇ Test "started once, finished once, in order (live audio; MMK_LIVE_SYNTH=1 to run)" started.
swift build & test (macOS)	Test (the suite, minus the hammer)	2026-09-29T14:11:43.8415270Z ✔ Suite WrittenSynthesisHeadlessTests passed after 5.388 seconds.
swift build & test (macOS)	Test (the suite, minus the hammer)	2026-09-29T14:11:43.8417030Z ✔ Test "a run that finished leaves the registry, and a later warning finds nothing" passed after 5.367 seconds.
swift build & test (macOS)	Test (the suite, minus the hammer)	2026-09-29T14:11:43.8418530Z ◇ Test "an unmarked request is watched but NEVER failed by the recorder" started.
swift build & test (macOS)	Test (the suite, minus the hammer)	2026-09-29T14:11:43.8420170Z ✔ Test "the default policy opens at nominal, fair and serious, and refuses at critical" with 4 test cases passed after 5.354 seconds.
swift build & test (macOS)	Test (the suite, minus the hammer)	2026-09-29T14:11:43.8421710Z ✔ Test "a clean per-call table opens a run as before" passed after 5.355 seconds.
swift build & test (macOS)	Test (the suite, minus the hammer)	2026-09-29T14:11:43.8423390Z ✔ Test "an EMPTY token is never spoken — the incomplete-character case" passed after 5.351 seconds.
swift build & test (macOS)	Test (the suite, minus the hammer)	2026-09-29T14:11:43.8424860Z ✔ Test "promise 5 — a failing generation is ONE .failed, terminal" passed after 5.351 seconds.
swift build & test (macOS)	Test (the suite, minus the hammer)	2026-09-29T14:11:43.8427230Z ✔ Test "the FIRST .stopped is terminal — a later token or reason is not heard" passed after 5.351 seconds.
swift build & test (macOS)	Test (the suite, minus the hammer)	2026-09-29T14:11:43.8427860Z ✔ Test "promise 1 — tokens in birth order, then exactly one terminal" passed after 5.351 seconds.
swift build & test (macOS)	Test (the suite, minus the hammer)	2026-09-29T14:11:43.8429400Z ✔ Test "An utterance longer than the ceiling is cut with truncated, audio released" passed after 5.390 seconds.
swift build & test (macOS)	Test (the suite, minus the hammer)	2026-09-29T14:11:43.8431870Z ✔ Test "One utterance opens one run and feeds it every chunk, pre-roll first" passed after 5.390 seconds.
swift build & test (macOS)	Test (the suite, minus the hammer)	2026-09-29T14:11:43.8432500Z ✔ Test "a tap in the second life adopts the transfer the first life started" passed after 5.380 seconds.
swift build & test (macOS)	Test (the suite, minus the hammer)	2026-09-29T14:11:43.8433110Z SKIPPED (no MMK_MLX_MODEL or no metallib) — set MMK_MLX_MODEL and run Scripts/metallib.sh to make this test REAL
swift build & test (macOS)	Test (the suite, minus the hammer)	2026-09-29T14:11:43.8434170Z ✔ Test "a failed turn reaches the HEALTH stream, typed, with its turn number" passed after 5.387 seconds.
swift build & test (macOS)	Test (the suite, minus the hammer)	2026-09-29T14:11:43.8434740Z ◇ Test "a terminal RETIRES the run: a phrase queued behind the failure is never decoded" started.
swift build & test (macOS)	Test (the suite, minus the hammer)	2026-09-29T14:11:43.8435340Z ✔ Test "an answer that arrives after the call's task was cancelled goes nowhere" passed after 5.392 seconds.
swift build & test (macOS)	Test (the suite, minus the hammer)	2026-09-29T14:11:43.8435960Z ✔ Test "nothing AFTER the cancel survives — gated defiance, event-gated end to end" passed after 5.387 seconds.
swift build & test (macOS)	Test (the suite, minus the hammer)	2026-09-29T14:11:43.8436610Z SKIPPED (no MMK_MLX_MODEL or no metallib) — set MMK_MLX_MODEL and run Scripts/metallib.sh to make this test REAL
swift build & test (macOS)	Test (the suite, minus the hammer)	2026-09-29T14:11:43.8437300Z ✔ Test "A whitespace-only final produces no reply: back to idle, generator untouched" passed after 5.384 seconds.
swift build & test (macOS)	Test (the suite, minus the hammer)	2026-09-29T14:11:43.8437830Z ◇ Test "a model with no repo throws the same typed error the download throws" started.
swift build & test (macOS)	Test (the suite, minus the hammer)	2026-09-29T14:11:43.8438350Z ✔ Test "A late health listener hears only what comes next — no replay" passed after 5.380 seconds.
swift build & test (macOS)	Test (the suite, minus the hammer)	2026-09-29T14:11:43.8438870Z ✔ Test "Ring drops are mirrored exactly, where and as reported" passed after 5.380 seconds.
swift build & test (macOS)	Test (the suite, minus the hammer)	2026-09-29T14:11:43.8439340Z ✔ Test "Settling count publishes only on change" passed after 5.380 seconds.
swift build & test (macOS)	Test (the suite, minus the hammer)	2026-09-29T14:11:43.8439820Z ✔ Test "A slow listener's losses become visible to everyone else" passed after 5.380 seconds.
swift build & test (macOS)	Test (the suite, minus the hammer)	2026-09-29T14:11:43.8440420Z ✔ Test "The baseline is published on start, then every transition, in order" passed after 5.380 seconds.
swift build & test (macOS)	Test (the suite, minus the hammer)	2026-09-29T14:11:43.8441180Z ✔ Test "inside the band — the edges included — the body runs; a coerced text is checked against the band too" passed after 5.379 seconds.
swift build & test (macOS)	Test (the suite, minus the hammer)	2026-09-29T14:11:43.8441940Z ✔ Test "stop() mid-recognition finishes every stream and cancels the open run" passed after 5.467 seconds.
swift build & test (macOS)	Test (the suite, minus the hammer)	2026-09-29T14:11:43.8442500Z ◇ Test "a FIRST install invents no expected total — a fraction is all anyone knows" started.
swift build & test (macOS)	Test (the suite, minus the hammer)	2026-09-29T14:11:43.8443080Z SKIPPED (no MMK_MLX_MODEL or no metallib) — set MMK_MLX_MODEL and run Scripts/metallib.sh to make this test REAL
swift build & test (macOS)	Test (the suite, minus the hammer)	2026-09-29T14:11:43.8443880Z ✔ Test "Aura's spoken confirmation: refused and asked on turn 0, run once on turn 1 with the yes on the options" passed after 5.414 seconds.
swift build & test (macOS)	Test (the suite, minus the hammer)	2026-09-29T14:11:43.8444580Z ✔ Test "the default refuses at .critical only — each state scripted (AC-260, F-2 = A)" passed after 5.412 seconds.
swift build & test (macOS)	Test (the suite, minus the hammer)	2026-09-29T14:11:43.8445290Z ✔ Test "a generator with no tools and a call carrying a table: the tool is called; the next call without one cannot" passed after 5.411 seconds.
swift build & test (macOS)	Test (the suite, minus the hammer)	2026-09-29T14:11:43.8445930Z ◇ Test "a missing listed file is .incomplete too, and names it" started.
swift build & test (macOS)	Test (the suite, minus the hammer)	2026-09-29T14:11:43.8446460Z ◇ Test "a fetcher that names the weights tree by another spelling never sends it to staging" started.
swift build & test (macOS)	Test (the suite, minus the hammer)	2026-09-29T14:11:43.8447130Z ✔ Test "a generator built WITH a table and a call carrying .empty: no tool this turn" passed after 5.410 seconds.
swift build & test (macOS)	Test (the suite, minus the hammer)	2026-09-29T14:11:43.8447780Z ✔ Test "a call's table REPLACES the source's for that call; it does not add to it" passed after 5.463 seconds.
swift build & test (macOS)	Test (the suite, minus the hammer)	2026-09-29T14:11:43.8448450Z ✔ Test "a cancel that lands while the body runs still cancels the vendor's task, and the drain returns" passed after 5.461 seconds.
swift build & test (macOS)	Test (the suite, minus the hammer)	2026-09-29T14:11:43.8449370Z ✔ Test "a name no tool has is answered to the MODEL as 'no tool named …' and the reply completes" passed after 5.455 seconds.
swift build & test (macOS)	Test (the suite, minus the hammer)	2026-09-29T14:11:43.8450000Z ✔ Suite "AC-260 · the MLX door asks the thermal policy before it opens" passed after 5.479 seconds.
swift build & test (macOS)	Test (the suite, minus the hammer)	2026-09-29T14:11:43.8450550Z ✔ Test "stop() cancels settling batch runs; nothing is published after" passed after 5.436 seconds.
swift build & test (macOS)	Test (the suite, minus the hammer)	2026-09-29T14:11:43.8451150Z ✔ Suite "4z · a table no mind can show is refused at the MLX door, never rendered (AC-289)" passed after 5.479 seconds.
swift build & test (macOS)	Test (the suite, minus the hammer)	2026-09-29T14:11:43.8451820Z ✔ Test "Two listeners receive identical transcript sequences" passed after 5.472 seconds.
swift build & test (macOS)	Test (the suite, minus the hammer)	2026-09-29T14:11:43.8452360Z ✔ Test "stop() alone ends the loop — no cancellation, no clock advance" passed after 5.425 seconds.
swift build & test (macOS)	Test (the suite, minus the hammer)	2026-09-29T14:11:43.8453730Z ✔ Test "Lifecycle negative space: a second run() returns at once; stop() is idempotent; after stop the state is idle and listeners finish immediately" passed after 5.461 seconds.
swift build & test (macOS)	Test (the suite, minus the hammer)	2026-09-29T14:11:43.8454570Z ✔ Test "a cancel that lands while next() is parked cancels the vendor's task too" passed after 5.479 seconds.
swift build & test (macOS)	Test (the suite, minus the hammer)	2026-09-29T14:11:43.8455020Z ✔ Suite TurnHealthTests passed after 5.498 seconds.
swift build & test (macOS)	Test (the suite, minus the hammer)	2026-09-29T14:11:43.8455410Z ✔ Test "a token-budget stop round-trips (AC-237 b)" passed after 5.476 seconds.
swift build & test (macOS)	Test (the suite, minus the hammer)	2026-09-29T14:11:43.8456060Z ✔ Test "a count already at the threshold returns at once; a rising count wakes the waiter" passed after 5.476 seconds.
swift build & test (macOS)	Test (the suite, minus the hammer)	2026-09-29T14:11:43.8456690Z ✔ Test "a .failed(.busy) run makes reply(to:) throw ReplyFailure.busy (AC-237 c)" passed after 5.476 seconds.
swift build & test (macOS)	Test (the suite, minus the hammer)	2026-09-29T14:11:43.8457280Z ✔ Suite "AC-223 / AC-270 · the Apple mind's tool adapter, without a model" passed after 5.499 seconds.
swift build & test (macOS)	Test (the suite, minus the hammer)	2026-09-29T14:11:43.8457810Z ✔ Test "a refusal is spoken and ends .finished(.refused) — D-104" passed after 5.509 seconds.
swift build & test (macOS)	Test (the suite, minus the hammer)	2026-09-29T14:11:43.8458320Z ✔ Test "rate limiting and a concurrent request are both .busy" passed after 5.509 seconds.
swift build & test (macOS)	Test (the suite, minus the hammer)	2026-09-29T14:11:43.8458870Z ✔ Test "a caller can COUNT: two scripted .busy runs are two" passed after 5.506 seconds.
swift build & test (macOS)	Test (the suite, minus the hammer)	2026-09-29T14:11:43.8459810Z ✔ Test "this library's own failures keep their names: a declaration the vendor refuses is .engine (AC-322)" passed after 5.509 seconds.
swift build & test (macOS)	Test (the suite, minus the hammer)	2026-09-29T14:11:43.8460900Z ✔ Test "A stale settled final never opens thinking; a future final waits for its onset — identity decides, deterministically" passed after 5.505 seconds.
swift build & test (macOS)	Test (the suite, minus the hammer)	2026-09-29T14:11:43.8461760Z ✔ Test "a failed turn is never remembered, and keeps its words (AC-194)" passed after 5.505 seconds.
swift build & test (macOS)	Test (the suite, minus the hammer)	2026-09-29T14:11:43.8462550Z ✔ Test "a decoding failure and an unsupported guide are .engine — the honest rest" passed after 5.507 seconds.
swift build & test (macOS)	Test (the suite, minus the hammer)	2026-09-29T14:11:43.8463200Z ✔ Test "MEMBERSHIP (AC-86): partials, ceilings and failures put nothing in the thought" passed after 5.505 seconds.
swift build & test (macOS)	Test (the suite, minus the hammer)	2026-09-29T14:11:43.8463910Z ✔ Test "THE DESYNC REGRESSION (D-034): an onset this listener never saw cannot corrupt later turns" passed after 5.504 seconds.
swift build & test (macOS)	Test (the suite, minus the hammer)	2026-09-29T14:11:43.8464580Z ✔ Test "stop() during the gate: clean end, no generator, no sleeping child left behind" passed after 5.504 seconds.
swift build & test (macOS)	Test (the suite, minus the hammer)	2026-09-29T14:11:43.8465700Z ✔ Test "The interrupted thought SURVIVES — nothing answered it (D-040 F-2 inherited)" passed after 5.504 seconds.
swift build & test (macOS)	Test (the suite, minus the hammer)	2026-09-29T14:11:43.8466360Z ✔ Test "resume() forgets the thought — a call is a break in the conversation (F-5)" passed after 5.503 seconds.
swift build & test (macOS)	Test (the suite, minus the hammer)	2026-09-29T14:11:43.8467040Z ✔ Test "A failed turn keeps its words — nothing answered them (AC-89)" passed after 5.503 seconds.
swift build & test (macOS)	Test (the suite, minus the hammer)	2026-09-29T14:11:43.8468210Z ✔ Test "Input ending mid-decode still delivers the final, then run() returns" passed after 5.496 seconds.
swift build & test (macOS)	Test (the suite, minus the hammer)	2026-09-29T14:11:43.8469750Z ✔ Suite DiagnosticsTests passed after 5.538 seconds.
swift build & test (macOS)	Test (the suite, minus the hammer)	2026-09-29T14:11:43.8470630Z ✔ Test "a source that finishes AFTER the cancel still reports no terminal" passed after 5.494 seconds.
swift build & test (macOS)	Test (the suite, minus the hammer)	2026-09-29T14:11:43.8471620Z ✔ Test "promise 3 — nothing AFTER the cancel survives, gated defiance" passed after 5.494 seconds.
swift build & test (macOS)	Test (the suite, minus the hammer)	2026-09-29T14:11:43.8472910Z ✔ Suite "4z · the door: what reaches a tool's body, and what the model is told" passed after 5.538 seconds.
swift build & test (macOS)	Test (the suite, minus the hammer)	2026-09-29T14:11:43.8473420Z ◇ Test "no decoded phrase is longer than the cap it was given" started.
swift build & test (macOS)	Test (the suite, minus the hammer)	2026-09-29T14:11:43.8473950Z ✔ Test "a model with no repo throws the same typed error the download throws" passed after 0.121 seconds.
swift build & test (macOS)	Test (the suite, minus the hammer)	2026-09-29T14:11:43.8474630Z ✔ Suite "4z · the write and its confirmation — one flag the door enforces, the yes on the call (AC-279)" passed after 5.537 seconds.
swift build & test (macOS)	Test (the suite, minus the hammer)	2026-09-29T14:11:43.8475850Z ✔ Suite "AC-260 · the Apple mind asks the thermal policy at the door" passed after 5.537 seconds.
swift build & test (macOS)	Test (the suite, minus the hammer)	2026-09-29T14:11:43.8476570Z ✔ Suite "4z · tools per call — the call's table wins, the generator's is the default (AC-275)" passed after 5.537 seconds.
swift build & test (macOS)	Test (the suite, minus the hammer)	2026-09-29T14:11:43.8477180Z ✔ Test "a missing listed file is .incomplete too, and names it" passed after 0.064 seconds.
swift build & test (macOS)	Test (the suite, minus the hammer)	2026-09-29T14:11:43.8477740Z ✔ Test "a FIRST install invents no expected total — a fraction is all anyone knows" passed after 0.065 seconds.
swift build & test (macOS)	Test (the suite, minus the hammer)	2026-09-29T14:11:43.8478450Z ✔ Test "a cancel after the second file leaves .absent and KEEPS the partial tree for the next attempt" passed after 0.440 seconds.
swift build & test (macOS)	Test (the suite, minus the hammer)	2026-09-29T14:11:43.8479070Z ✔ Suite "4y · the vendor's task is cancelled on every cut of the drain" passed after 5.562 seconds.
swift build & test (macOS)	Test (the suite, minus the hammer)	2026-09-29T14:11:43.8479800Z ✔ Test "a waiter whose task is cancelled returns false, at once — the cap can end a red test" passed after 5.541 seconds.
swift build & test (macOS)	Test (the suite, minus the hammer)	2026-09-29T14:11:43.8480590Z ✔ Test "a tool that throws is answered to the MODEL as 'tool … failed: …' and the reply completes" passed after 5.539 seconds.
swift build & test (macOS)	Test (the suite, minus the hammer)	2026-09-29T14:11:43.8481350Z ✔ Test "a scripted call: the table is called with the typed arguments, the answer follows, one terminal" passed after 5.539 seconds.
swift build & test (macOS)	Test (the suite, minus the hammer)	2026-09-29T14:11:43.8482100Z ✔ Test "tokens then .finished(.complete) become Reply(text:stop:) (AC-237 a)" passed after 5.541 seconds.
swift build & test (macOS)	Test (the suite, minus the hammer)	2026-09-29T14:11:43.8482830Z ✔ Test "a tool round's stop is not the reply's terminal — only the last round's is" passed after 5.539 seconds.
swift build & test (macOS)	Test (the suite, minus the hammer)	2026-09-29T14:11:43.8483510Z ✔ Test "a fetcher that names the weights tree by another spelling never sends it to staging" passed after 0.085 seconds.
swift build & test (macOS)	Test (the suite, minus the hammer)	2026-09-29T14:11:43.8484080Z ✔ Test "a thrown tool's words are escaped the same way" passed after 5.524 seconds.
swift build & test (macOS)	Test (the suite, minus the hammer)	2026-09-29T14:11:43.8484680Z ✔ Test "the text handed to the MLX chat for such a result carries no closing tag — the bytes are pinned" passed after 5.525 seconds.
swift build & test (macOS)	Test (the suite, minus the hammer)	2026-09-29T14:11:43.8485330Z ✔ Test "the app's listeners are open before any loop publishes (AC-202)" passed after 5.524 seconds.
swift build & test (macOS)	Test (the suite, minus the hammer)	2026-09-29T14:11:43.8485880Z ◇ Test "the file lands without a tap, while the wake-up's completion handler is held" started.
swift build & test (macOS)	Test (the suite, minus the hammer)	2026-09-29T14:11:43.8486540Z ✔ Test "At .critical the ACTIVE utterance still settles and its final surfaces — only overlap is gated" passed after 5.555 seconds.
swift build & test (macOS)	Test (the suite, minus the hammer)	2026-09-29T14:11:43.8487300Z ✔ Test "with a KNOWN short headroom the mind's own door refuses on the app's number, and loads when it is gone" passed after 0.183 seconds.
swift build & test (macOS)	Test (the suite, minus the hammer)	2026-09-29T14:11:43.8488160Z ✔ Test "one retry, one reply, one body run (AC-317)" passed after 5.554 seconds.
swift build & test (macOS)	Test (the suite, minus the hammer)	2026-09-29T14:11:43.8488740Z ✔ Test "an unspeakable reply still terminates — liveness (model required; skips if absent)" passed after 0.189 seconds.
swift build & test (macOS)	Test (the suite, minus the hammer)	2026-09-29T14:11:43.8489420Z ✔ Test "a cancel while the tool is in flight: the answer is dropped, no round 1, no terminal" passed after 5.554 seconds.
swift build & test (macOS)	Test (the suite, minus the hammer)	2026-09-29T14:11:43.8489970Z ✔ Test "a run opened AFTER the warning runs clean" passed after 5.551 seconds.
swift build & test (macOS)	Test (the suite, minus the hammer)	2026-09-29T14:11:43.8491070Z ✔ Test "asked BY NAME to record 83.5, the 0.6B calls `log_reading` and the body's typed accessor reads 83.5 through the per-call door — the model's spelling (number or text) is not claimed; the parse by kind is ToolCallParsingTests'" passed after 0.192 seconds.
swift build & test (macOS)	Test (the suite, minus the hammer)	2026-09-29T14:11:43.8492400Z ✔ Test "A reply that finishes with zero tokens completes the turn; speaking never happens" passed after 5.543 seconds.
swift build & test (macOS)	Test (the suite, minus the hammer)	2026-09-29T14:11:43.8493050Z ✔ Test "a reply of no tokens is answered, and not remembered" passed after 5.544 seconds.
swift build & test (macOS)	Test (the suite, minus the hammer)	2026-09-29T14:11:43.8494080Z ✔ Test "just over the window barges — it opens, it does not merely delay" passed after 5.544 seconds.
swift build & test (macOS)	Test (the suite, minus the hammer)	2026-09-29T14:11:43.8494650Z ✔ Test "a 1160 ms utterance — the shortest real one ever logged — DOES barge" passed after 5.551 seconds.
swift build & test (macOS)	Test (the suite, minus the hammer)	2026-09-29T14:11:43.8495330Z ✔ Test "cancel ends the stream without a final (model required; skips if absent)" passed after 0.203 seconds.
swift build & test (macOS)	Test (the suite, minus the hammer)	2026-09-29T14:11:43.8495920Z ✔ Test "The ceiling truncates a feeding batch run; its final still arrives" passed after 5.547 seconds.
swift build & test (macOS)	Test (the suite, minus the hammer)	2026-09-29T14:11:43.8496450Z ✔ Suite "AC-126 · the second mind keeps the same five promises" passed after 5.589 seconds.
swift build & test (macOS)	Test (the suite, minus the hammer)	2026-09-29T14:11:43.8496990Z ✔ Test "a turn with no tool replays exactly as before (AC-305's other half)" passed after 0.203 seconds.
swift build & test (macOS)	Test (the suite, minus the hammer)	2026-09-29T14:11:43.8497540Z ✔ Test "a REAL reply cut by a 3-token budget is .finished(.tokenBudget)" passed after 0.203 seconds.
swift build & test (macOS)	Test (the suite, minus the hammer)	2026-09-29T14:11:43.8498180Z ✔ Test "written run: cancel ends without a terminal (MMK_LIVE_SYNTH=1)" passed after 0.210 seconds.
swift build & test (macOS)	Test (the suite, minus the hammer)	2026-09-29T14:11:43.8498770Z ✔ Test "started once, finished once, in order (live audio; MMK_LIVE_SYNTH=1 to run)" passed after 0.206 seconds.
swift build & test (macOS)	Test (the suite, minus the hammer)	2026-09-29T14:11:43.8499430Z ✔ Test "Without diagnostics the policy still rules (thermal = .nominal) and a refusal still surfaces" passed after 5.588 seconds.
swift build & test (macOS)	Test (the suite, minus the hammer)	2026-09-29T14:11:43.8500150Z ✔ Suite "ThresholdWatch · wakes on the count, and lets a cap cancel it" passed after 5.638 seconds.
swift build & test (macOS)	Test (the suite, minus the hammer)	2026-09-29T14:11:43.8500690Z ✔ Test "An interruption ends the live turn like a failure — not a barge" passed after 5.607 seconds.
swift build & test (macOS)	Test (the suite, minus the hammer)	2026-09-29T14:11:43.8501270Z ✔ Test "stop() mid-accumulation ends clean and publishes nothing after (AC-90)" passed after 5.641 seconds.
swift build & test (macOS)	Test (the suite, minus the hammer)	2026-09-29T14:11:43.8501940Z ✔ Test "stop() mid-speaking: streams finish, both stage runs are cancelled, nothing publishes after" passed after 5.641 seconds.
swift build & test (macOS)	Test (the suite, minus the hammer)	2026-09-29T14:11:43.8502830Z ✔ Suite "4z · a result containing </tool_response> is escaped at the MLX seam, never in the core (AC-288)" passed after 5.681 seconds.
swift build & test (macOS)	Test (the suite, minus the hammer)	2026-09-29T14:11:43.8503510Z ✔ Test "An engine that cannot even open a run yields failed, and the session lives on" passed after 5.690 seconds.
swift build & test (macOS)	Test (the suite, minus the hammer)	2026-09-29T14:11:43.8504190Z ✔ Test "two concurrent callers: the second is admitted when the post-allocation headroom still fits it" passed after 5.721 seconds.
swift build & test (macOS)	Test (the suite, minus the hammer)	2026-09-29T14:11:43.8504890Z ✔ Test "cancelling the calling task cancels the run and throws CancellationError (AC-237 d)" passed after 5.717 seconds.
swift build & test (macOS)	Test (the suite, minus the hammer)	2026-09-29T14:11:43.8505520Z ✔ Test "A ZERO-TOKEN reply also forgets the thought — F-2's second clear site" passed after 5.797 seconds.
swift build & test (macOS)	Test (the suite, minus the hammer)	2026-09-29T14:11:43.8506170Z ✔ Test "a reply finished before its deadline ends .complete, and releases the clock's sleeper (AC-264)" passed after 5.772 seconds.
swift build & test (macOS)	Test (the suite, minus the hammer)	2026-09-29T14:11:43.8506790Z ◇ Test "a file whose size the source cannot give reaches the caller as a typed error" started.
swift build & test (macOS)	Test (the suite, minus the hammer)	2026-09-29T14:11:43.8507330Z ◇ Test "files present but no manifest is .installedUnverified — the phones in the field" started.
swift build & test (macOS)	Test (the suite, minus the hammer)	2026-09-29T14:11:43.8508000Z ◇ Test "a cancelled download writes no manifest, and the partial tree is not moved" started.
swift build & test (macOS)	Test (the suite, minus the hammer)	2026-09-29T14:11:43.8508610Z ✔ Test "The policy is consulted once, at the settling move, with the exact thermal state and count" passed after 5.823 seconds.
swift build & test (macOS)	Test (the suite, minus the hammer)	2026-09-29T14:11:43.8509190Z ◇ Test "a fetch that throws leaves .absent, and the error is typed and switchable" started.
swift build & test (macOS)	Test (the suite, minus the hammer)	2026-09-29T14:11:43.8509720Z ◇ Test "a racing download that fails AFTER its fetch never deletes the finished install" started.
swift build & test (macOS)	Test (the suite, minus the hammer)	2026-09-29T14:11:43.8510200Z ✔ Test "a warning ends EVERY live run on the weights" passed after 5.864 seconds.
swift build & test (macOS)	Test (the suite, minus the hammer)	2026-09-29T14:11:43.8510920Z ✔ Test "THE MILESTONE: a thought spoken in two sentences reaches the generator whole" passed after 5.859 seconds.
swift build & test (macOS)	Test (the suite, minus the hammer)	2026-09-29T14:11:43.8511560Z ✔ Test "The app's context bound reaches the ledger and drops the oldest through the loop" passed after 5.858 seconds.
swift build & test (macOS)	Test (the suite, minus the hammer)	2026-09-29T14:11:43.8512280Z ◇ Test "teardown runs actors → stopRendering → releaseSource (AC-203)" started.
swift build & test (macOS)	Test (the suite, minus the hammer)	2026-09-29T14:11:43.8512750Z ✔ Test "with no deadline the run arms nothing on the clock" passed after 5.850 seconds.
swift build & test (macOS)	Test (the suite, minus the hammer)	2026-09-29T14:11:43.8513280Z ✔ Test "zero window is the old behaviour — the first onset kills the reply" passed after 5.855 seconds.
swift build & test (macOS)	Test (the suite, minus the hammer)	2026-09-29T14:11:43.8514080Z ✔ Test "A run that fails mid-utterance publishes failed; the next utterance transcribes" passed after 5.884 seconds.
swift build & test (macOS)	Test (the suite, minus the hammer)	2026-09-29T14:11:43.8514780Z ✔ Test "A late final from a dead utterance is dropped; the next utterance is untouched" passed after 5.887 seconds.
swift build & test (macOS)	Test (the suite, minus the hammer)	2026-09-29T14:11:43.8515490Z ✔ Test "Barging a batch utterance that never settled retires it silently — no consultation, no failure event" passed after 5.886 seconds.
swift build & test (macOS)	Test (the suite, minus the hammer)	2026-09-29T14:11:43.8516240Z ◇ Test "a REAL reply with a 200 ms deadline ends .finished(.deadline) with partial text, and the prefill is freed" started.
swift build & test (macOS)	Test (the suite, minus the hammer)	2026-09-29T14:11:43.8516940Z ✔ Test "an unmarked request is watched but NEVER failed by the recorder" passed after 0.503 seconds.
swift build & test (macOS)	Test (the suite, minus the hammer)	2026-09-29T14:11:43.8517490Z ✔ Test "The session's settling table reports its count changes" passed after 5.904 seconds.
swift build & test (macOS)	Test (the suite, minus the hammer)	2026-09-29T14:11:43.8518190Z ◇ Test "through the coordinator: the turn completes, and the retried session carries the conversation (AC-317)" started.
swift build & test (macOS)	Test (the suite, minus the hammer)	2026-09-29T14:11:43.8518740Z ◇ Test "started once, finished once, in order (model + MMK_LIVE_SYNTH=1)" started.
swift build & test (macOS)	Test (the suite, minus the hammer)	2026-09-29T14:11:43.8519310Z ✔ Test "a terminal RETIRES the run: a phrase queued behind the failure is never decoded" passed after 0.510 seconds.
swift build & test (macOS)	Test (the suite, minus the hammer)	2026-09-29T14:11:43.8519960Z ✔ Test "a failure re-seeds the next turn from the memory, and the trace says why (AC-307)" passed after 5.891 seconds.
swift build & test (macOS)	Test (the suite, minus the hammer)	2026-09-29T14:11:43.8520520Z ✔ Test "stop() ends the conversation's memory (F-4 = A)" passed after 5.889 seconds.
swift build & test (macOS)	Test (the suite, minus the hammer)	2026-09-29T14:11:43.8520970Z ◇ Test "the no-tool baseline for the same weights is measured beside it" started.
swift build & test (macOS)	Test (the suite, minus the hammer)	2026-09-29T14:11:43.8521470Z ✔ Test "completion forgets and remembers in the same step (AC-195)" passed after 5.891 seconds.
swift build & test (macOS)	Test (the suite, minus the hammer)	2026-09-29T14:11:43.8521990Z ✔ Test "the coordinator passes the default options (AC-231)" passed after 5.891 seconds.
swift build & test (macOS)	Test (the suite, minus the hammer)	2026-09-29T14:11:43.8522480Z ◇ Test "prewarm is safe and idempotent (model required; skips if absent)" started.
swift build & test (macOS)	Test (the suite, minus the hammer)	2026-09-29T14:11:43.8522960Z ◇ Test "a turn where a tool ran and the mind said nothing replays the act (D-119)" started.
swift build & test (macOS)	Test (the suite, minus the hammer)	2026-09-29T14:11:43.8523570Z ✔ Test "a file whose size the source cannot give reaches the caller as a typed error" passed after 0.095 seconds.
swift build & test (macOS)	Test (the suite, minus the hammer)	2026-09-29T14:11:43.8524150Z ◇ Test "a per-call instruction overrides the source's own on the REAL model" started.
swift build & test (macOS)	Test (the suite, minus the hammer)	2026-09-29T14:11:43.8524620Z ◇ Test "written run: nothing survives the cancel (MMK_LIVE_SYNTH=1)" started.
swift build & test (macOS)	Test (the suite, minus the hammer)	2026-09-29T14:11:43.8525250Z ✔ Test "files present but no manifest is .installedUnverified — the phones in the field" passed after 0.095 seconds.
swift build & test (macOS)	Test (the suite, minus the hammer)	2026-09-29T14:11:43.8526400Z ◇ Test "cancel silences and ends without a terminal (live audio; MMK_LIVE_SYNTH=1 to run)" started.
swift build & test (macOS)	Test (the suite, minus the hammer)	2026-09-29T14:11:43.8527140Z ✔ Test "a fetch that throws leaves .absent, and the error is typed and switchable" passed after 0.096 seconds.
swift build & test (macOS)	Test (the suite, minus the hammer)	2026-09-29T14:11:43.8537000Z ✔ Test "a body that ends before the deadline feeds its answer back; the reply ends .complete, the sleeper is gone" passed after 5.910 seconds.
swift build & test (macOS)	Test (the suite, minus the hammer)	2026-09-29T14:11:43.8537850Z ✔ Test "A synthesizer failure mid-speech ends the turn; the reply run AND the mouth are cancelled" passed after 5.911 seconds.
swift build & test (macOS)	Test (the suite, minus the hammer)	2026-09-29T14:11:43.8538530Z ✔ Test "a barge before the first token loses nothing (F-5 = A)" passed after 5.909 seconds.
swift build & test (macOS)	Test (the suite, minus the hammer)	2026-09-29T14:11:43.8539070Z ✔ Test "A streaming engine's barge-in retirement never consults the policy" passed after 5.935 seconds.
swift build & test (macOS)	Test (the suite, minus the hammer)	2026-09-29T14:11:43.8542090Z ✔ Test "a source built WITH a table and a call carrying .empty: no tool that turn; the next call has it back" passed after 5.932 seconds.
swift build & test (macOS)	Test (the suite, minus the hammer)	2026-09-29T14:11:43.8544220Z ✔ Test "a flagged tool is refused until the call's options name it; then its body runs once" passed after 5.932 seconds.
swift build & test (macOS)	Test (the suite, minus the hammer)	2026-09-29T14:11:43.8546100Z ✔ Test "a source with no table and a call carrying one: the tool runs; the next call without it cannot" passed after 5.931 seconds.
swift build & test (macOS)	Test (the suite, minus the hammer)	2026-09-29T14:11:43.8547880Z ✔ Test "cancel() ends with no terminal and releases the sleeper (AC-264)" passed after 5.920 seconds.
swift build & test (macOS)	Test (the suite, minus the hammer)	2026-09-29T14:11:43.8548700Z ✔ Test "A final arriving BEFORE its own speechStarted waits, then drives the turn; a duplicate final is dropped at the door" passed after 5.915 seconds.
swift build & test (macOS)	Test (the suite, minus the hammer)	2026-09-29T14:11:43.8549430Z ✔ Test "THE MILESTONE: the second turn is shown the first, in roles (AC-190/AC-191)" passed after 5.915 seconds.
swift build & test (macOS)	Test (the suite, minus the hammer)	2026-09-29T14:11:43.8550070Z ✔ Test "A barge moves the thought into the conversation, not into the next question (D-089)" passed after 5.915 seconds.
swift build & test (macOS)	Test (the suite, minus the hammer)	2026-09-29T14:11:43.8550820Z ✔ Test "A completed reply forgets the thought; the next turn starts clean (AC-89)" passed after 5.915 seconds.
swift build & test (macOS)	Test (the suite, minus the hammer)	2026-09-29T14:11:43.8551610Z ✔ Test "The user's utterance itself fails to become text: the turn ends as transcriptionFailed, the loop lives on" passed after 5.913 seconds.
swift build & test (macOS)	Test (the suite, minus the hammer)	2026-09-29T14:11:43.8552330Z ✔ Test "no decoded phrase is longer than the cap it was given" passed after 0.408 seconds.
swift build & test (macOS)	Test (the suite, minus the hammer)	2026-09-29T14:11:43.8553500Z ✔ Suite "AC-245/AC-246 · the size, before anything is fetched" passed after 5.951 seconds.
swift build & test (macOS)	Test (the suite, minus the hammer)	2026-09-29T14:11:43.8554610Z ✔ Test "a counting caller sees two .tooHot across three attempts (AC-260, the AC-236 shape)" passed after 5.889 seconds.
swift build & test (macOS)	Test (the suite, minus the hammer)	2026-09-29T14:11:43.8555260Z ✔ Test "a run retired after the round ended never knocks the door: the body does not run" passed after 5.935 seconds.
swift build & test (macOS)	Test (the suite, minus the hammer)	2026-09-29T14:11:43.8556310Z ✔ Test "two concurrent callers: the second is refused on the post-allocation headroom, not the stale one" passed after 5.934 seconds.
swift build & test (macOS)	Test (the suite, minus the hammer)	2026-09-29T14:11:43.8557060Z ✔ Test "the file lands without a tap, while the wake-up's completion handler is held" passed after 0.384 seconds.
swift build & test (macOS)	Test (the suite, minus the hammer)	2026-09-29T14:11:43.8557790Z ✔ Test "a .critical ends the run AND retires the weights; the next reply opens again" passed after 5.924 seconds.
swift build & test (macOS)	Test (the suite, minus the hammer)	2026-09-29T14:11:43.8558460Z ✔ Test ".normal does nothing: the generation keeps running" passed after 5.924 seconds.
swift build & test (macOS)	Test (the suite, minus the hammer)	2026-09-29T14:11:43.8559250Z ✔ Test "Input exhaustion ends the loop gracefully: run() returns and listeners finish, no stop() needed" passed after 5.917 seconds.
swift build & test (macOS)	Test (the suite, minus the hammer)	2026-09-29T14:11:43.8560960Z ✔ Test "With no policy, a settling decode at .serious survives exactly as D-024 ruled" passed after 5.941 seconds.
swift build & test (macOS)	Test (the suite, minus the hammer)	2026-09-29T14:11:43.8561760Z ✔ Test "At .serious the default policy refuses the settling move: named failure, health event, no ghost final" passed after 5.941 seconds.
swift build & test (macOS)	Test (the suite, minus the hammer)	2026-09-29T14:11:43.8562320Z ◇ Test "an offline install cycle issues ZERO requests" started.
swift build & test (macOS)	Test (the suite, minus the hammer)	2026-09-29T14:11:43.8562740Z ◇ Test "an unspeakable phrase is never decoded, and the reply still finishes" started.
swift build & test (macOS)	Test (the suite, minus the hammer)	2026-09-29T14:11:43.8563220Z ◇ Test "a failed session is let go at once, before the next turn exists (AC-307)" started.
swift build & test (macOS)	Test (the suite, minus the hammer)	2026-09-29T14:11:43.8563760Z ✔ Test "REGRESSION: a final that beat its own onset is answered ONCE, never twice" passed after 5.922 seconds.
swift build & test (macOS)	Test (the suite, minus the hammer)	2026-09-29T14:11:43.8565060Z ✔ Test "A generator failure ends the turn, not the coordinator; the next turn runs clean" passed after 5.922 seconds.
swift build & test (macOS)	Test (the suite, minus the hammer)	2026-09-29T14:11:43.8565720Z ✔ Test "One full turn: listening → thinking → speaking → idle, tokens included, exact sequence" passed after 5.921 seconds.
swift build & test (macOS)	Test (the suite, minus the hammer)	2026-09-29T14:11:43.8566420Z ✔ Test "A defiant token AFTER the reply finished is dropped: not published, not fed to the mouth" passed after 5.921 seconds.
swift build & test (macOS)	Test (the suite, minus the hammer)	2026-09-29T14:11:43.8567240Z ✔ Test "A batch final arriving after the next utterance began is published, tagged with its own utterance" passed after 5.913 seconds.
swift build & test (macOS)	Test (the suite, minus the hammer)	2026-09-29T14:11:43.8568010Z ◇ Test "an empty directory, or none at all, is .absent" started.
swift build & test (macOS)	Test (the suite, minus the hammer)	2026-09-29T14:11:43.8568430Z ◇ Test "the shipped fetcher's cleanup deletes its own tree, and only its own" started.
swift build & test (macOS)	Test (the suite, minus the hammer)	2026-09-29T14:11:43.8569040Z ✔ Suite "4z · tools per call on the MLX run — the call's table wins, the source's is the default (AC-275)" passed after 5.959 seconds.
swift build & test (macOS)	Test (the suite, minus the hammer)	2026-09-29T14:11:43.8569750Z ✔ Suite "AC-258 / AC-259 · admission is one step, on the app's number" passed after 5.959 seconds.
swift build & test (macOS)	Test (the suite, minus the hammer)	2026-09-29T14:11:43.8570310Z ✔ Suite "AC-292/297 · the app that died, and the one that came back" passed after 5.959 seconds.
swift build & test (macOS)	Test (the suite, minus the hammer)	2026-09-29T14:11:43.8570880Z ✔ Test "A scripted utterance publishes partials and a final with exact audio times" passed after 5.951 seconds.
swift build & test (macOS)	Test (the suite, minus the hammer)	2026-09-29T14:11:43.8571600Z ✔ Test "a REAL reply with a 200 ms deadline ends .finished(.deadline) with partial text, and the prefill is freed" passed after 0.065 seconds.
swift build & test (macOS)	Test (the suite, minus the hammer)	2026-09-29T14:11:43.8572330Z ✔ Test "started once, finished once, in order (model + MMK_LIVE_SYNTH=1)" passed after 0.054 seconds.
swift build & test (macOS)	Test (the suite, minus the hammer)	2026-09-29T14:11:43.8572910Z ✔ Test "rate limiting, concurrency, decoding, guides: each one honest .failed" passed after 5.950 seconds.
swift build & test (macOS)	Test (the suite, minus the hammer)	2026-09-29T14:11:43.8573580Z ✔ Test "the no-tool baseline for the same weights is measured beside it" passed after 0.052 seconds.
swift build & test (macOS)	Test (the suite, minus the hammer)	2026-09-29T14:11:43.8574130Z ✔ Test "clearMemory() forgets the past and leaves the thought alone" passed after 5.942 seconds.
swift build & test (macOS)	Test (the suite, minus the hammer)	2026-09-29T14:11:43.8574800Z ✔ Test "an interruption keeps the conversation and drops the thought (AC-196)" passed after 5.939 seconds.
swift build & test (macOS)	Test (the suite, minus the hammer)	2026-09-29T14:11:43.8576990Z ✔ Suite BatchTranscriptionTests passed after 5.974 seconds.
swift build & test (macOS)	Test (the suite, minus the hammer)	2026-09-29T14:11:43.8577650Z ✔ Test "prewarm is safe and idempotent (model required; skips if absent)" passed after 0.048 seconds.
swift build & test (macOS)	Test (the suite, minus the hammer)	2026-09-29T14:11:43.8578160Z ◇ Test "cutting harder never drops a word" started.
swift build & test (macOS)	Test (the suite, minus the hammer)	2026-09-29T14:11:43.8578680Z ✔ Test "a per-call instruction overrides the source's own on the REAL model" passed after 0.047 seconds.
swift build & test (macOS)	Test (the suite, minus the hammer)	2026-09-29T14:11:43.8579230Z ✔ Test "an empty directory, or none at all, is .absent" passed after 0.018 seconds.
swift build & test (macOS)	Test (the suite, minus the hammer)	2026-09-29T14:11:43.8579810Z ✔ Test "a turn where a tool ran and the mind said nothing replays the act (D-119)" passed after 0.047 seconds.
swift build & test (macOS)	Test (the suite, minus the hammer)	2026-09-29T14:11:43.8580440Z ✔ Test "written run: nothing survives the cancel (MMK_LIVE_SYNTH=1)" passed after 0.047 seconds.
swift build & test (macOS)	Test (the suite, minus the hammer)	2026-09-29T14:11:43.8581050Z ✔ Test "cancel silences and ends without a terminal (live audio; MMK_LIVE_SYNTH=1 to run)" passed after 0.044 seconds.
swift build & test (macOS)	Test (the suite, minus the hammer)	2026-09-29T14:11:43.8581660Z ✔ Test "the shipped fetcher's cleanup deletes its own tree, and only its own" passed after 0.018 seconds.
swift build & test (macOS)	Test (the suite, minus the hammer)	2026-09-29T14:11:43.8583400Z ✔ Test "a model that calls forever is stopped after ToolRounds.cap rounds with a typed failure" passed after 5.954 seconds.
swift build & test (macOS)	Test (the suite, minus the hammer)	2026-09-29T14:11:43.8585300Z ✔ Test "a .warning mid-generation ends the run's stream with NO terminal and no later token" passed after 5.950 seconds.
swift build & test (macOS)	Test (the suite, minus the hammer)	2026-09-29T14:11:43.8586660Z ✔ Suite TranscriptionSessionTests passed after 5.979 seconds.
swift build & test (macOS)	Test (the suite, minus the hammer)	2026-09-29T14:11:43.8587780Z ✔ Test "Heat arriving mid-session: earlier settling decode survives, the next move is refused with exact inputs" passed after 5.966 seconds.
swift build & test (macOS)	Test (the suite, minus the hammer)	2026-09-29T14:11:43.8588360Z ✔ Suite AppleReplyGeneratorTests passed after 5.978 seconds.
swift build & test (macOS)	Test (the suite, minus the hammer)	2026-09-29T14:11:43.8588880Z ✔ Test "A read never returns a mix of old and in-flight frames" passed after 5.920 seconds.
swift build & test (macOS)	Test (the suite, minus the hammer)	2026-09-29T14:11:43.8590020Z ✔ Test "Barge-in during thinking, before any token: the dead turn's ghost tokens never surface" passed after 5.944 seconds.
swift build & test (macOS)	Test (the suite, minus the hammer)	2026-09-29T14:11:43.8590840Z ✔ Test "The synthesizer refuses to open: turnFailed with the reason, the reply run is cancelled, the next turn runs clean" passed after 5.943 seconds.
swift build & test (macOS)	Test (the suite, minus the hammer)	2026-09-29T14:11:43.8591760Z ✔ Test "Barge-in MID-GENERATION: tokens flowing, mouth open but still silent — both runs die; a ghost 'started' cannot flip the new turn" passed after 5.942 seconds.
swift build & test (macOS)	Test (the suite, minus the hammer)	2026-09-29T14:11:43.8592420Z ✔ Suite WhisperEngineConformanceTests passed after 5.977 seconds.
swift build & test (macOS)	Test (the suite, minus the hammer)	2026-09-29T14:11:43.8593060Z ✔ Suite WrittenSynthesizerLiveTests passed after 5.977 seconds.
swift build & test (macOS)	Test (the suite, minus the hammer)	2026-09-29T14:11:43.8593620Z ✔ Test "a cancelled download writes no manifest, and the partial tree is not moved" passed after 0.145 seconds.
swift build & test (macOS)	Test (the suite, minus the hammer)	2026-09-29T14:11:43.8594370Z ✔ Suite "AC-222 · the MLX run executes a call itself and asks again with the answer" passed after 5.979 seconds.
swift build & test (macOS)	Test (the suite, minus the hammer)	2026-09-29T14:11:43.8595020Z ✔ Suite "AC-261 / AC-262 · a memory warning ends the generation with no terminal" passed after 5.978 seconds.
swift build & test (macOS)	Test (the suite, minus the hammer)	2026-09-29T14:11:43.8595490Z ✔ Suite ThermalPolicyTests passed after 5.980 seconds.
swift build & test (macOS)	Test (the suite, minus the hammer)	2026-09-29T14:11:43.8596260Z ◇ Test "a .warning during a REAL generation ends it with no terminal, and the memory falls back" started.
swift build & test (macOS)	Test (the suite, minus the hammer)	2026-09-29T14:11:43.8596840Z ◇ Test "cancel silences and ends without a terminal (model + MMK_LIVE_SYNTH=1)" started.
swift build & test (macOS)	Test (the suite, minus the hammer)	2026-09-29T14:11:43.8597330Z ✔ Test "an offline install cycle issues ZERO requests" passed after 0.026 seconds.
swift build & test (macOS)	Test (the suite, minus the hammer)	2026-09-29T14:11:43.8597750Z ✔ Suite AudioRingBufferTests passed after 5.976 seconds.
swift build & test (macOS)	Test (the suite, minus the hammer)	2026-09-29T14:11:43.8598230Z ◇ Test "the spec's prefill cost is measured: tokens and characters, with and without the tool" started.
swift build & test (macOS)	Test (the suite, minus the hammer)	2026-09-29T14:11:43.8598920Z ✔ Test "A reply that fails MID-STREAM while speaking: turnFailed, the mouth is cancelled, the next turn runs clean" passed after 5.945 seconds.
swift build & test (macOS)	Test (the suite, minus the hammer)	2026-09-29T14:11:43.8599550Z ◇ Test "temperature 0 twice, and seed 7 twice, are byte-identical" started.
swift build & test (macOS)	Test (the suite, minus the hammer)	2026-09-29T14:11:43.8600150Z ◇ Test "the safetensors alone, without the tokenizer's files, is .absent — offline-capable or nothing" started.
swift build & test (macOS)	Test (the suite, minus the hammer)	2026-09-29T14:11:43.8600750Z ◇ Test "a vendor session born with a typed tool call holds it (the vendor fact under AC-305)" started.
swift build & test (macOS)	Test (the suite, minus the hammer)	2026-09-29T14:11:43.8601480Z ◇ Test "an unspeakable reply still terminates — the liveness promise (runs everywhere)" started.
swift build & test (macOS)	Test (the suite, minus the hammer)	2026-09-29T14:11:43.8602170Z ◇ Test "a fetcher that hands back the download base never loses the base, or a sibling" started.
swift build & test (macOS)	Test (the suite, minus the hammer)	2026-09-29T14:11:43.8603310Z ✔ Suite "AC-239/AC-240 · what a download does after the bytes land" passed after 5.979 seconds.
swift build & test (macOS)	Test (the suite, minus the hammer)	2026-09-29T14:11:43.8605180Z ✔ Test "a counting caller sees two refusals across three scripted runs (AC-236, D-104)" passed after 5.959 seconds.
swift build & test (macOS)	Test (the suite, minus the hammer)	2026-09-29T14:11:43.8607000Z ✔ Test "a counting caller sees two .busy across three scripted runs (AC-236)" passed after 5.959 seconds.
swift build & test (macOS)	Test (the suite, minus the hammer)	2026-09-29T14:11:43.8608080Z ✔ Test "an unspeakable phrase is never decoded, and the reply still finishes" passed after 0.036 seconds.
swift build & test (macOS)	Test (the suite, minus the hammer)	2026-09-29T14:11:43.8608770Z ✔ Test "Barge-in during speaking: defiant synthesizer's late 'finished' cannot complete the dead turn" passed after 5.956 seconds.
swift build & test (macOS)	Test (the suite, minus the hammer)	2026-09-29T14:11:43.8609540Z ✔ Test "the safetensors alone, without the tokenizer's files, is .absent — offline-capable or nothing" passed after 0.014 seconds.
swift build & test (macOS)	Test (the suite, minus the hammer)	2026-09-29T14:11:43.8610160Z ✔ Suite ReplyContractTests passed after 6.001 seconds.
swift build & test (macOS)	Test (the suite, minus the hammer)	2026-09-29T14:11:43.8610640Z ✔ Test "a fetcher that hands back the download base never loses the base, or a sibling" passed after 0.021 seconds.
swift build & test (macOS)	Test (the suite, minus the hammer)	2026-09-29T14:11:43.8611150Z ◇ Test "a REAL load-and-generate cycle issues ZERO requests" started.
swift build & test (macOS)	Test (the suite, minus the hammer)	2026-09-29T14:11:43.8611650Z ✔ Test "no vendor case with a name becomes .unexplained (AC-322)" passed after 5.974 seconds.
swift build & test (macOS)	Test (the suite, minus the hammer)	2026-09-29T14:11:43.8612280Z ✔ Test "a failed session is let go at once, before the next turn exists (AC-307)" passed after 0.048 seconds.
swift build & test (macOS)	Test (the suite, minus the hammer)	2026-09-29T14:11:43.8614250Z ✔ Test "Rapid double barge: two dead turns, the third completes; exact event sequence" passed after 5.969 seconds.
swift build & test (macOS)	Test (the suite, minus the hammer)	2026-09-29T14:11:43.8614900Z ✔ Test "a racing download that fails AFTER its fetch never deletes the finished install" passed after 0.164 seconds.
swift build & test (macOS)	Test (the suite, minus the hammer)	2026-09-29T14:11:43.8615630Z ✔ Test "teardown runs actors → stopRendering → releaseSource (AC-203)" passed after 0.111 seconds.
swift build & test (macOS)	Test (the suite, minus the hammer)	2026-09-29T14:11:43.8616370Z ✔ Test "a .warning during a REAL generation ends it with no terminal, and the memory falls back" passed after 0.024 seconds.
swift build & test (macOS)	Test (the suite, minus the hammer)	2026-09-29T14:11:43.8617370Z ✔ Test "cancel silences and ends without a terminal (model + MMK_LIVE_SYNTH=1)" passed after 0.025 seconds.
swift build & test (macOS)	Test (the suite, minus the hammer)	2026-09-29T14:11:43.8618170Z ✔ Suite "AC-236 · the Apple mind's failures are typed, one row per vendor case" passed after 6.005 seconds.
swift build & test (macOS)	Test (the suite, minus the hammer)	2026-09-29T14:11:43.8618710Z ◇ Test "cancel during a decode stops it through the decode's own channel" started.
swift build & test (macOS)	Test (the suite, minus the hammer)	2026-09-29T14:11:43.8619710Z ✔ Test "the spec's prefill cost is measured: tokens and characters, with and without the tool" passed after 0.025 seconds.
swift build & test (macOS)	Test (the suite, minus the hammer)	2026-09-29T14:11:43.8620390Z ✔ Test "Every adjacent state pair across a multi-turn run is in the legal table" passed after 5.969 seconds.
swift build & test (macOS)	Test (the suite, minus the hammer)	2026-09-29T14:11:43.8621000Z ✔ Test "temperature 0 twice, and seed 7 twice, are byte-identical" passed after 0.025 seconds.
swift build & test (macOS)	Test (the suite, minus the hammer)	2026-09-29T14:11:43.8621590Z ◇ Test "a manifest over a tree that cannot answer offline is .absent, not .installed" started.
swift build & test (macOS)	Test (the suite, minus the hammer)	2026-09-29T14:11:43.8622180Z ✔ Test "a vendor session born with a typed tool call holds it (the vendor fact under AC-305)" passed after 0.025 seconds.
swift build & test (macOS)	Test (the suite, minus the hammer)	2026-09-29T14:11:43.8622810Z ✔ Suite "AC-247 · a failure after the fetch, over a tree that was already there" passed after 6.002 seconds.
swift build & test (macOS)	Test (the suite, minus the hammer)	2026-09-29T14:11:43.8624110Z ✔ Test "cutting harder never drops a word" passed after 0.029 seconds.
swift build & test (macOS)	Test (the suite, minus the hammer)	2026-09-29T14:11:43.8624620Z ◇ Test "a failure after the move leaves .absent, not a tree pretending to be installed" started.
swift build & test (macOS)	Test (the suite, minus the hammer)	2026-09-29T14:11:43.8625480Z ✔ Suite "4w · AC-222: the local mind asks the session tool and speaks the answer, when this machine has the model" passed after 6.009 seconds.
swift build & test (macOS)	Test (the suite, minus the hammer)	2026-09-29T14:11:43.8626830Z ◇ Test "an answer the memory will not keep lets the session go, and the trace says why" started.
swift build & test (macOS)	Test (the suite, minus the hammer)	2026-09-29T14:11:43.8627400Z ◇ Test "listen-only tears down source-last with no rendering step" started.
swift build & test (macOS)	Test (the suite, minus the hammer)	2026-09-29T14:11:43.8628050Z ✔ Test "a manifest over a tree that cannot answer offline is .absent, not .installed" passed after 0.015 seconds.
swift build & test (macOS)	Test (the suite, minus the hammer)	2026-09-29T14:11:43.8628670Z ◇ Test "a run cancelled at birth never prefills: the active memory never rises above the floor" started.
swift build & test (macOS)	Test (the suite, minus the hammer)	2026-09-29T14:11:43.8629240Z ◇ Test "nothing survives the cancel — late feeds are silent (model + MMK_LIVE_SYNTH=1)" started.
swift build & test (macOS)	Test (the suite, minus the hammer)	2026-09-29T14:11:43.8629780Z ✔ Test "a REAL load-and-generate cycle issues ZERO requests" passed after 0.019 seconds.
swift build & test (macOS)	Test (the suite, minus the hammer)	2026-09-29T14:11:43.8630350Z ◇ Test "a prompt longer than the model's window is .failed(.contextWindowExceeded), no token spoken" started.
swift build & test (macOS)	Test (the suite, minus the hammer)	2026-09-29T14:11:43.8630960Z ◇ Test "the adapter reports each use to the answer in progress (D-117 F-8 A)" started.
swift build & test (macOS)	Test (the suite, minus the hammer)	2026-09-29T14:11:43.8631450Z ◇ Test "Kokoro's default cap is the phraser's 120, restored by D-087" started.
swift build & test (macOS)	Test (the suite, minus the hammer)	2026-09-29T14:11:43.8632030Z ✔ Test "a failure after the move leaves .absent, not a tree pretending to be installed" passed after 0.036 seconds.
swift build & test (macOS)	Test (the suite, minus the hammer)	2026-09-29T14:11:43.8632640Z ◇ Test "the manifest lists every regular file with its bytes, and never itself" started.
swift build & test (macOS)	Test (the suite, minus the hammer)	2026-09-29T14:11:43.8633110Z ◇ Test "a REAL neural-voice load with the model on disk issues ZERO requests" started.
swift build & test (macOS)	Test (the suite, minus the hammer)	2026-09-29T14:11:43.8633700Z ✔ Test "a run cancelled at birth never prefills: the active memory never rises above the floor" passed after 0.028 seconds.
swift build & test (macOS)	Test (the suite, minus the hammer)	2026-09-29T14:11:43.8634380Z ✔ Test "nothing survives the cancel — late feeds are silent (model + MMK_LIVE_SYNTH=1)" passed after 0.028 seconds.
swift build & test (macOS)	Test (the suite, minus the hammer)	2026-09-29T14:11:43.8635350Z ◇ Test "a failed re-download never deletes a tree it did not create" started.
swift build & test (macOS)	Test (the suite, minus the hammer)	2026-09-29T14:11:43.8636190Z ✔ Test sleepingIntoThePastReturnsImmediately() passed after 6.000 seconds.
swift build & test (macOS)	Test (the suite, minus the hammer)	2026-09-29T14:11:43.8636620Z ✔ Test timeStandsStillUntilAdvanced() passed after 6.000 seconds.
swift build & test (macOS)	Test (the suite, minus the hammer)	2026-09-29T14:11:43.8637070Z ✔ Test "ten turns, one session (AC-303)" passed after 6.007 seconds.
swift build & test (macOS)	Test (the suite, minus the hammer)	2026-09-29T14:11:43.8637680Z ✔ Test "a prompt longer than the model's window is .failed(.contextWindowExceeded), no token spoken" passed after 0.009 seconds.
swift build & test (macOS)	Test (the suite, minus the hammer)	2026-09-29T14:11:43.8638360Z ✔ Test "Kokoro's default cap is the phraser's 120, restored by D-087" passed after 0.012 seconds.
swift build & test (macOS)	Test (the suite, minus the hammer)	2026-09-29T14:11:43.8639020Z ✔ Test "the manifest lists every regular file with its bytes, and never itself" passed after 0.011 seconds.
swift build & test (macOS)	Test (the suite, minus the hammer)	2026-09-29T14:11:43.8639840Z ✔ Test "cancel during a decode stops it through the decode's own channel" passed after 0.055 seconds.
swift build & test (macOS)	Test (the suite, minus the hammer)	2026-09-29T14:11:43.8644470Z ✔ Test "the adapter reports each use to the answer in progress (D-117 F-8 A)" passed after 0.018 seconds.
swift build & test (macOS)	Test (the suite, minus the hammer)	2026-09-29T14:11:43.8645780Z ✔ Suite PhraseCapTests passed after 6.058 seconds.
swift build & test (macOS)	Test (the suite, minus the hammer)	2026-09-29T14:11:43.8647010Z ◇ Test "a .critical during a REAL generation retires the weights, and the next reply reloads them" started.
swift build & test (macOS)	Test (the suite, minus the hammer)	2026-09-29T14:11:43.8648520Z ◇ Test "the fused decoder keeps the same promises (model required; skips if absent)" started.
swift build & test (macOS)	Test (the suite, minus the hammer)	2026-09-29T14:11:43.8650040Z ✔ Test "a REAL neural-voice load with the model on disk issues ZERO requests" passed after 0.012 seconds.
swift build & test (macOS)	Test (the suite, minus the hammer)	2026-09-29T14:11:43.8651800Z ✔ Test "a .tooHot door fails the turn honestly; the next turn runs clean; memory is not poisoned" passed after 6.021 seconds.
swift build & test (macOS)	Test (the suite, minus the hammer)	2026-09-29T14:11:43.8653340Z ✔ Test cancellationClaimsTheSleeperExactlyOnce() passed after 6.011 seconds.
swift build & test (macOS)	Test (the suite, minus the hammer)	2026-09-29T14:11:43.8654600Z ◇ Test "turn ten sends the model its new words and nothing else (AC-303)" started.
swift build & test (macOS)	Test (the suite, minus the hammer)	2026-09-29T14:11:43.8655920Z ◇ Test "with the weights on disk and MLX runnable, the verdict is nil and the door opens" started.
swift build & test (macOS)	Test (the suite, minus the hammer)	2026-09-29T14:11:43.8657270Z ◇ Test "a manifest whose numbers overflow Int64 saturates, and never traps" started.
swift build & test (macOS)	Test (the suite, minus the hammer)	2026-09-29T14:11:43.8658430Z ◇ Test "a decode that throws after a cancel reports nothing" started.
swift build & test (macOS)	Test (the suite, minus the hammer)	2026-09-29T14:11:43.8659620Z ◇ Test "a refused call is reported too: the model was told something (D-117 F-8 A)" started.
swift build & test (macOS)	Test (the suite, minus the hammer)	2026-09-29T14:11:43.8661000Z ◇ Test "the page states the recorder's REAL reach, not a wider one" started.
swift build & test (macOS)	Test (the suite, minus the hammer)	2026-09-29T14:11:43.8662360Z ✔ Test "a manifest whose numbers overflow Int64 saturates, and never traps" passed after 0.013 seconds.
swift build & test (macOS)	Test (the suite, minus the hammer)	2026-09-29T14:11:43.8664020Z ✔ Test "an answer the memory will not keep lets the session go, and the trace says why" passed after 0.105 seconds.
swift build & test (macOS)	Test (the suite, minus the hammer)	2026-09-29T14:11:43.8664930Z ◇ Test "a reply that ends .finished(.deadline) is spoken as far as it got and completes the turn (AC-264)" started.
swift build & test (macOS)	Test (the suite, minus the hammer)	2026-09-29T14:11:43.8665890Z ✔ Test "listen-only tears down source-last with no rendering step" passed after 0.094 seconds.
swift build & test (macOS)	Test (the suite, minus the hammer)	2026-09-29T14:11:43.8668190Z ✔ Test "no deadline means no sleeper: the clock cannot end a reply that carries nil (AC-264, AC-265)" passed after 6.055 seconds.
swift build & test (macOS)	Test (the suite, minus the hammer)	2026-09-29T14:11:43.8670710Z ✔ Test "a .critical during a REAL generation retires the weights, and the next reply reloads them" passed after 0.057 seconds.
swift build & test (macOS)	Test (the suite, minus the hammer)	2026-09-29T14:11:43.8672880Z ✔ Test "the fused decoder keeps the same promises (model required; skips if absent)" passed after 0.067 seconds.
swift build & test (macOS)	Test (the suite, minus the hammer)	2026-09-29T14:11:43.8675050Z ✔ Test "Cancel latency is exactly zero in mock time — teardown has no clock waits; a dead turn reports nothing" passed after 6.106 seconds.
swift build & test (macOS)	Test (the suite, minus the hammer)	2026-09-29T14:11:43.8678760Z ✔ Test "a failed re-download never deletes a tree it did not create" passed after 0.094 seconds.
swift build & test (macOS)	Test (the suite, minus the hammer)	2026-09-29T14:11:43.8680760Z ✔ Test "with the weights on disk and MLX runnable, the verdict is nil and the door opens" passed after 0.082 seconds.
swift build & test (macOS)	Test (the suite, minus the hammer)	2026-09-29T14:11:43.8682710Z ✔ Test "a reply that ends before its deadline leaves NO sleeper on the clock" passed after 6.103 seconds.
swift build & test (macOS)	Test (the suite, minus the hammer)	2026-09-29T14:11:43.8685150Z ✔ Suite "4y · admission, pressure and the deadline against the real model, when this machine has it" passed after 6.148 seconds.
swift build & test (macOS)	Test (the suite, minus the hammer)	2026-09-29T14:11:43.8688330Z ◇ Test "download on a complete pre-4v tree touches nothing and writes no manifest" started.
swift build & test (macOS)	Test (the suite, minus the hammer)	2026-09-29T14:11:43.8689970Z ◇ Test "a barge re-seeds the next turn from the memory, the cut turn marked interrupted (AC-306)" started.
swift build & test (macOS)	Test (the suite, minus the hammer)	2026-09-29T14:11:43.8691360Z ◇ Test "every policy value goes through untouched (AC-204)" started.
swift build & test (macOS)	Test (the suite, minus the hammer)	2026-09-29T14:11:43.8692790Z ✔ Test "a refused call is reported too: the model was told something (D-117 F-8 A)" passed after 0.045 seconds.
swift build & test (macOS)	Test (the suite, minus the hammer)	2026-09-29T14:11:43.8694590Z ✔ Suite "4v · the local mind honours the contract, when this machine has the model" passed after 6.151 seconds.
swift build & test (macOS)	Test (the suite, minus the hammer)	2026-09-29T14:11:43.8696550Z ◇ Test "feed hands off — an immediate cancel is never heard (model required)" started.
swift build & test (macOS)	Test (the suite, minus the hammer)	2026-09-29T14:11:43.8697890Z ◇ Test "a download that fails LATE never deletes the install another one just finished" started.
swift build & test (macOS)	Test (the suite, minus the hammer)	2026-09-29T14:11:43.8699430Z ✔ Test "download on a complete pre-4v tree touches nothing and writes no manifest" passed after 0.015 seconds.
swift build & test (macOS)	Test (the suite, minus the hammer)	2026-09-29T14:11:43.8700840Z ✔ Test "no deadline arms no sleeper (AC-264, AC-265)" passed after 6.136 seconds.
swift build & test (macOS)	Test (the suite, minus the hammer)	2026-09-29T14:11:43.8702280Z ✔ Test "Turn latency = final accepted → the started evidence: exact on a manual clock" passed after 6.131 seconds.
swift build & test (macOS)	Test (the suite, minus the hammer)	2026-09-29T14:11:43.8704080Z ✔ Test "a decode that throws after a cancel reports nothing" passed after 0.062 seconds.
swift build & test (macOS)	Test (the suite, minus the hammer)	2026-09-29T14:11:43.8707110Z ◇ Test "the Apple mind sends .toolRan on the reply stream when a tool ran (D-117 F-8 A)" started.
swift build & test (macOS)	Test (the suite, minus the hammer)	2026-09-29T14:11:43.8709050Z ✔ Test "through the coordinator: the turn completes, and the retried session carries the conversation (AC-317)" passed after 0.244 seconds.
swift build & test (macOS)	Test (the suite, minus the hammer)	2026-09-29T14:11:43.8710810Z ✔ Test "the page states the recorder's REAL reach, not a wider one" passed after 0.050 seconds.
swift build & test (macOS)	Test (the suite, minus the hammer)	2026-09-29T14:11:43.8712380Z ✔ Test "AC-224: a barge lands while a tool call is pending; the late answer goes nowhere" passed after 6.116 seconds.
swift build & test (macOS)	Test (the suite, minus the hammer)	2026-09-29T14:11:43.8713980Z ✔ Suite "AC-239 · the install manifest: every file, every byte" passed after 6.162 seconds.
swift build & test (macOS)	Test (the suite, minus the hammer)	2026-09-29T14:11:43.8715280Z ✔ Test "every policy value goes through untouched (AC-204)" passed after 0.017 seconds.
swift build & test (macOS)	Test (the suite, minus the hammer)	2026-09-29T14:11:43.8716900Z ✔ Test "a source that finishes first ends .finished(.unreported) and releases the sleeper (AC-264)" passed after 6.140 seconds.
swift build & test (macOS)	Test (the suite, minus the hammer)	2026-09-29T14:11:43.8718240Z ✔ Suite AIRuntimeTests passed after 6.174 seconds.
swift build & test (macOS)	Test (the suite, minus the hammer)	2026-09-29T14:11:43.8719400Z ◇ Test "a host that refuses to render makes the run fail loudly at construction" started.
swift build & test (macOS)	Test (the suite, minus the hammer)	2026-09-29T14:11:43.8720720Z ◇ Test "two failures: the named failure, once — no third try (AC-318)" started.
swift build & test (macOS)	Test (the suite, minus the hammer)	2026-09-29T14:11:43.8721970Z ◇ Test "the recorder is BLIND to a session built the way the hub client builds one" started.
swift build & test (macOS)	Test (the suite, minus the hammer)	2026-09-29T14:11:43.8723630Z ◇ Test "AC-226: a defiant run pushes the tool's late answer into a dead turn — the ticket discards it" started.
swift build & test (macOS)	Test (the suite, minus the hammer)	2026-09-29T14:11:43.8727090Z ✔ Test "feed hands off — an immediate cancel is never heard (model required)" passed after 0.036 seconds.
swift build & test (macOS)	Test (the suite, minus the hammer)	2026-09-29T14:11:43.8729140Z ✔ Test "a cancel before the deadline ends with no terminal and no sleeper" passed after 6.155 seconds.
swift build & test (macOS)	Test (the suite, minus the hammer)	2026-09-29T14:11:43.8729790Z ✔ Test "a host that refuses to render makes the run fail loudly at construction" passed after 0.038 seconds.
swift build & test (macOS)	Test (the suite, minus the hammer)	2026-09-29T14:11:43.8732830Z ✔ Test "the Apple mind sends .toolRan on the reply stream when a tool ran (D-117 F-8 A)" passed after 0.049 seconds.
swift build & test (macOS)	Test (the suite, minus the hammer)	2026-09-29T14:11:43.8734550Z ✔ Test "a download that fails LATE never deletes the install another one just finished" passed after 0.051 seconds.
swift build & test (macOS)	Test (the suite, minus the hammer)	2026-09-29T14:11:43.8735990Z ◇ Test "the fused decoder speaks and stops (model + MMK_LIVE_SYNTH=1)" started.
swift build & test (macOS)	Test (the suite, minus the hammer)	2026-09-29T14:11:43.8737400Z ✔ Test "the recorder is BLIND to a session built the way the hub client builds one" passed after 0.038 seconds.
swift build & test (macOS)	Test (the suite, minus the hammer)	2026-09-29T14:11:43.8738710Z ◇ Test "feed hands off rather than decoding — no model needed" started.
swift build & test (macOS)	Test (the suite, minus the hammer)	2026-09-29T14:11:43.8739740Z ◇ Test "a text caller finds the tools on Reply (D-117 F-8 A)" started.
swift build & test (macOS)	Test (the suite, minus the hammer)	2026-09-29T14:11:43.8741680Z ✔ Suite "4x · the network, named and proven" passed after 6.217 seconds.
swift build & test (macOS)	Test (the suite, minus the hammer)	2026-09-29T14:11:43.8742860Z ◇ Test "an existing complete install survives a later re-download, untouched" started.
swift build & test (macOS)	Test (the suite, minus the hammer)	2026-09-29T14:11:43.8744260Z ✔ Test "the fused decoder speaks and stops (model + MMK_LIVE_SYNTH=1)" passed after 0.017 seconds.
swift build & test (macOS)	Test (the suite, minus the hammer)	2026-09-29T14:11:43.8745950Z ✔ Test "feed hands off rather than decoding — no model needed" passed after 0.026 seconds.
swift build & test (macOS)	Test (the suite, minus the hammer)	2026-09-29T14:11:43.8746570Z ✔ Suite NeuralVoiceConformanceTests passed after 6.244 seconds.
swift build & test (macOS)	Test (the suite, minus the hammer)	2026-09-29T14:11:43.8749060Z ✔ Test "two failures: the named failure, once — no third try (AC-318)" passed after 0.068 seconds.
swift build & test (macOS)	Test (the suite, minus the hammer)	2026-09-29T14:11:43.8750190Z ✔ Test "a text caller finds the tools on Reply (D-117 F-8 A)" passed after 0.028 seconds.
swift build & test (macOS)	Test (the suite, minus the hammer)	2026-09-29T14:11:43.8751170Z ◇ Test "the run's render format comes from the decoder, not from the host" started.
swift build & test (macOS)	Test (the suite, minus the hammer)	2026-09-29T14:11:43.8752090Z ◇ Test "no retry when no tool ran: nothing was saved, the person can say it again (AC-319)" started.
swift build & test (macOS)	Test (the suite, minus the hammer)	2026-09-29T14:11:43.8753810Z ◇ Test "the coordinator keeps what ran on the turn it belongs to (AC-311)" started.
swift build & test (macOS)	Test (the suite, minus the hammer)	2026-09-29T14:11:43.8755600Z ✔ Test "A sub-window transient publishes nothing — nothing for the turn loop to barge on" passed after 6.221 seconds.
swift build & test (macOS)	Test (the suite, minus the hammer)	2026-09-29T14:11:43.8757320Z ✔ Test "Frames lost to a full ring appear as a dropped event with the exact count" passed after 6.221 seconds.
swift build & test (macOS)	Test (the suite, minus the hammer)	2026-09-29T14:11:43.8758840Z ✔ Test "Latency from capture to speechStarted is exact audio time" passed after 6.221 seconds.
swift build & test (macOS)	Test (the suite, minus the hammer)	2026-09-29T14:11:43.8760270Z ✔ Test "With the window wired per the F-4 law, the word is not beheaded" passed after 6.221 seconds.
swift build & test (macOS)	Test (the suite, minus the hammer)	2026-09-29T14:11:43.8761900Z ✔ Test "Only the last two held chunks are pre-rolled, and they arrive before the live audio" passed after 6.221 seconds.
swift build & test (macOS)	Test (the suite, minus the hammer)	2026-09-29T14:11:43.8763650Z ✔ Test "The pump parks on the injected clock, wakes on each poll, and leaves nothing behind" passed after 6.221 seconds.
swift build & test (macOS)	Test (the suite, minus the hammer)	2026-09-29T14:11:43.8765370Z ✔ Test "A scripted utterance produces the exact event sequence, in timeline order" passed after 6.222 seconds.
swift build & test (macOS)	Test (the suite, minus the hammer)	2026-09-29T14:11:43.8766770Z ✔ Test "Two listeners receive identical sequences" passed after 6.222 seconds.
swift build & test (macOS)	Test (the suite, minus the hammer)	2026-09-29T14:11:43.8768200Z ✔ Test "The pump mirrors ring drops into health, same numbers, same stamp" passed after 6.281 seconds.
swift build & test (macOS)	Test (the suite, minus the hammer)	2026-09-29T14:11:43.8770000Z ✔ Test "an existing complete install survives a later re-download, untouched" passed after 0.081 seconds.
swift build & test (macOS)	Test (the suite, minus the hammer)	2026-09-29T14:11:43.8771770Z ✔ Test "the run's render format comes from the decoder, not from the host" passed after 0.032 seconds.
swift build & test (macOS)	Test (the suite, minus the hammer)	2026-09-29T14:11:43.8773000Z ✔ Suite DiagnosticsWiringTests passed after 6.301 seconds.
swift build & test (macOS)	Test (the suite, minus the hammer)	2026-09-29T14:11:43.8774450Z ✔ Test "a reply that ends .finished(.deadline) is spoken as far as it got and completes the turn (AC-264)" passed after 0.188 seconds.
swift build & test (macOS)	Test (the suite, minus the hammer)	2026-09-29T14:11:43.8776140Z ✔ Test "turn ten sends the model its new words and nothing else (AC-303)" passed after 0.245 seconds.
swift build & test (macOS)	Test (the suite, minus the hammer)	2026-09-29T14:11:43.8777800Z ✔ Test "reply(to:) returns the partial text with stop == .deadline — a stop reason, not a failure" passed after 6.265 seconds.
swift build & test (macOS)	Test (the suite, minus the hammer)	2026-09-29T14:11:43.8779300Z ◇ Test "the backup flag is set by a download, and restored by the next one" started.
swift build & test (macOS)	Test (the suite, minus the hammer)	2026-09-29T14:11:43.8780470Z ◇ Test "shutdown is safe on a voice that never spoke, and safe twice" started.
swift build & test (macOS)	Test (the suite, minus the hammer)	2026-09-29T14:11:43.8782130Z ✔ Test "GenerationOptions.deadline ends a slow reply on the injected clock — Reply(partial, .deadline) (AC-264)" passed after 6.270 seconds.
swift build & test (macOS)	Test (the suite, minus the hammer)	2026-09-29T14:11:43.8783960Z ◇ Test "the coordinator passes no deadline: every driven call records deadline == nil (AC-265)" started.
swift build & test (macOS)	Test (the suite, minus the hammer)	2026-09-29T14:11:43.8785520Z ◇ Test "ten turns through the coordinator, on the memory it really keeps: one session (AC-303)" started.
swift build & test (macOS)	Test (the suite, minus the hammer)	2026-09-29T14:11:43.8787190Z ✔ Test "no retry when no tool ran: nothing was saved, the person can say it again (AC-319)" passed after 0.079 seconds.
swift build & test (macOS)	Test (the suite, minus the hammer)	2026-09-29T14:11:43.8788790Z ✔ Suite AdmissionSeamTests passed after 6.343 seconds.
swift build & test (macOS)	Test (the suite, minus the hammer)	2026-09-29T14:11:43.8790580Z ✔ Test "the backup flag is set by a download, and restored by the next one" passed after 0.038 seconds.
swift build & test (macOS)	Test (the suite, minus the hammer)	2026-09-29T14:11:43.8794100Z ✔ Test "reply(to:) returns Reply("", .deadline) when the clock ends a silent reply (AC-264)" passed after 6.318 seconds.
swift build & test (macOS)	Test (the suite, minus the hammer)	2026-09-29T14:11:43.8794950Z ✔ Test "a token the source yields after the deadline is never heard" passed after 6.306 seconds.
swift build & test (macOS)	Test (the suite, minus the hammer)	2026-09-29T14:11:43.8795560Z ✔ Suite "AC-247/248/249/250 · a download that stops, and one that finishes" passed after 6.349 seconds.
swift build & test (macOS)	Test (the suite, minus the hammer)	2026-09-29T14:11:43.8796180Z ✔ Test "shutdown is safe on a voice that never spoke, and safe twice" passed after 0.040 seconds.
swift build & test (macOS)	Test (the suite, minus the hammer)	2026-09-29T14:11:43.8797210Z ✔ Test "a barge re-seeds the next turn from the memory, the cut turn marked interrupted (AC-306)" passed after 0.199 seconds.
swift build & test (macOS)	Test (the suite, minus the hammer)	2026-09-29T14:11:43.8797860Z ◇ Test "no retry once a word was said: a second answer would be a stutter (AC-319, F-19 A)" started.
swift build & test (macOS)	Test (the suite, minus the hammer)	2026-09-29T14:11:43.8798410Z ◇ Test "a one-shot decode cannot be stopped in flight, and still publishes nothing" started.
swift build & test (macOS)	Test (the suite, minus the hammer)	2026-09-29T14:11:43.8798940Z ◇ Test "stop() lets the conversation's session go (AC-310)" started.
swift build & test (macOS)	Test (the suite, minus the hammer)	2026-09-29T14:11:43.8799750Z ✔ Test "the deadline fires while the body is parked: the write lands once, then ONE terminal, the clock's, last" passed after 6.327 seconds.
swift build & test (macOS)	Test (the suite, minus the hammer)	2026-09-29T14:11:43.8800800Z ✔ Suite "AC-278 · the deadline waits for a running tool body: one write, then .finished(.deadline), once and last" passed after 6.351 seconds.
swift build & test (macOS)	Test (the suite, minus the hammer)	2026-09-29T14:11:43.8802440Z ✔ Test "a never-finishing source ends .finished(.deadline) with the snapshots so far (AC-264)" passed after 6.322 seconds.
swift build & test (macOS)	Test (the suite, minus the hammer)	2026-09-29T14:11:43.8803360Z ✔ Test "no retry once a word was said: a second answer would be a stutter (AC-319, F-19 A)" passed after 0.003 seconds.
swift build & test (macOS)	Test (the suite, minus the hammer)	2026-09-29T14:11:43.8804000Z ◇ Test "no retry for a failure with a name (AC-319)" started.
swift build & test (macOS)	Test (the suite, minus the hammer)	2026-09-29T14:11:43.8805210Z ◇ Test case passing 1 argument which → "context" to "no retry for a failure with a name (AC-319)" started.
swift build & test (macOS)	Test (the suite, minus the hammer)	2026-09-29T14:11:43.8805900Z ✔ Test chainedSleepsLandExactlyInsideOneAdvance() passed after 6.303 seconds.
swift build & test (macOS)	Test (the suite, minus the hammer)	2026-09-29T14:11:43.8807010Z ✔ Test sleeperWakesAtItsExactMoment() passed after 6.303 seconds.
swift build & test (macOS)	Test (the suite, minus the hammer)	2026-09-29T14:11:43.8807730Z ✔ Test "the coordinator keeps what ran on the turn it belongs to (AC-311)" passed after 0.066 seconds.
swift build & test (macOS)	Test (the suite, minus the hammer)	2026-09-29T14:11:43.8808480Z ✔ Test earlierDeadlinesWakeFirstWithTheirOwnMoments() passed after 6.315 seconds.
swift build & test (macOS)	Test (the suite, minus the hammer)	2026-09-29T14:11:43.8810720Z ✔ Test "AC-226: a defiant run pushes the tool's late answer into a dead turn — the ticket discards it" passed after 0.189 seconds.
swift build & test (macOS)	Test (the suite, minus the hammer)	2026-09-29T14:11:43.8811530Z ✔ Test "stop() lets the conversation's session go (AC-310)" passed after 0.016 seconds.
swift build & test (macOS)	Test (the suite, minus the hammer)	2026-09-29T14:11:43.8812640Z ◇ Test "a turn where a tool ran and the mind said nothing is remembered through the coordinator (D-119)" started.
swift build & test (macOS)	Test (the suite, minus the hammer)	2026-09-29T14:11:43.8813410Z ✔ Test "a one-shot decode cannot be stopped in flight, and still publishes nothing" passed after 0.017 seconds.
swift build & test (macOS)	Test (the suite, minus the hammer)	2026-09-29T14:11:43.8813990Z ✔ Suite ManualClockTests passed after 6.366 seconds.
swift build & test (macOS)	Test (the suite, minus the hammer)	2026-09-29T14:11:43.8814530Z ✔ Test "A stale final during the gate is dropped at the door; the armed reply survives it" passed after 6.336 seconds.
swift build & test (macOS)	Test (the suite, minus the hammer)	2026-09-29T14:11:43.8815210Z ✔ Suite NeuralVoiceFailurePathTests passed after 6.370 seconds.
swift build & test (macOS)	Test (the suite, minus the hammer)	2026-09-29T14:11:43.8824030Z ◇ Test "AC-225: a throwing tool fails the turn honestly, and the next turn runs clean" started.
swift build & test (macOS)	Test (the suite, minus the hammer)	2026-09-29T14:11:43.8824750Z ◇ Test "a new conversation on the same generator starts a new session, from no past (AC-310)" started.
swift build & test (macOS)	Test (the suite, minus the hammer)	2026-09-29T14:11:43.8825480Z ✔ Test "The gate holds the generator shut, then expiry opens thinking at the exact instant" passed after 6.342 seconds.
swift build & test (macOS)	Test (the suite, minus the hammer)	2026-09-29T14:11:43.8826070Z ✔ Test "An onset one tick before expiry wins the race" passed after 6.340 seconds.
swift build & test (macOS)	Test (the suite, minus the hammer)	2026-09-29T14:11:43.8826810Z ✔ Test "a reply that never finishes ends .finished(.deadline) with the tokens so far when the clock reaches 200 ms" passed after 6.350 seconds.
swift build & test (macOS)	Test (the suite, minus the hammer)	2026-09-29T14:11:43.8828030Z ✔ Suite "AC-264 · a deadline ends a slow MLX reply .finished(.deadline)" passed after 6.391 seconds.
swift build & test (macOS)	Test (the suite, minus the hammer)	2026-09-29T14:11:43.8828860Z ✔ Test "a turn where a tool ran and the mind said nothing is remembered through the coordinator (D-119)" passed after 0.028 seconds.
swift build & test (macOS)	Test (the suite, minus the hammer)	2026-09-29T14:11:43.8829650Z ◇ Test "ten turns that each use a tool, through the coordinator: still one session (AC-303 with tools)" started.
swift build & test (macOS)	Test (the suite, minus the hammer)	2026-09-29T14:11:43.8830390Z ✔ Test "deadline then finish, and finish then deadline: the second ending is a no-op (AC-264)" passed after 6.369 seconds.
swift build & test (macOS)	Test (the suite, minus the hammer)	2026-09-29T14:11:43.8831170Z ✔ Test "A partial chunk waits for the next poll instead of being padded or judged" passed after 6.337 seconds.
swift build & test (macOS)	Test (the suite, minus the hammer)	2026-09-29T14:11:43.8832170Z ✔ Suite AudioPumpTests passed after 6.401 seconds.
swift build & test (macOS)	Test (the suite, minus the hammer)	2026-09-29T14:11:43.8832800Z ✔ Test "the coordinator passes no deadline: every driven call records deadline == nil (AC-265)" passed after 0.060 seconds.
swift build & test (macOS)	Test (the suite, minus the hammer)	2026-09-29T14:11:43.8834640Z ✔ Test "a new conversation on the same generator starts a new session, from no past (AC-310)" passed after 0.051 seconds.
swift build & test (macOS)	Test (the suite, minus the hammer)	2026-09-29T14:11:43.8835430Z ◇ Test "the coordinator's own source names no thermal policy, no thermometer and no GenerationOptions (AC-265)" started.
swift build & test (macOS)	Test (the suite, minus the hammer)	2026-09-29T14:11:43.8836130Z ◇ Test case passing 1 argument which → "assets" to "no retry for a failure with a name (AC-319)" started.
swift build & test (macOS)	Test (the suite, minus the hammer)	2026-09-29T14:11:43.8836680Z ◇ Test "clearMemory() ends the conversation's session too (AC-310)" started.
swift build & test (macOS)	Test (the suite, minus the hammer)	2026-09-29T14:11:43.8837310Z ✔ Test "AC-225: a throwing tool fails the turn honestly, and the next turn runs clean" passed after 0.166 seconds.
swift build & test (macOS)	Test (the suite, minus the hammer)	2026-09-29T14:11:43.8837960Z ◇ Test "AC-225 / F-4 = B: a name no tool has is answered in words, and the turn completes" started.
swift build & test (macOS)	Test (the suite, minus the hammer)	2026-09-29T14:11:43.8838730Z ✔ Test "the coordinator's own source names no thermal policy, no thermometer and no GenerationOptions (AC-265)" passed after 0.114 seconds.
swift build & test (macOS)	Test (the suite, minus the hammer)	2026-09-29T14:11:43.8839430Z ◇ Test case passing 1 argument which → "language" to "no retry for a failure with a name (AC-319)" started.
swift build & test (macOS)	Test (the suite, minus the hammer)	2026-09-29T14:11:43.8840040Z ✔ Suite AdmissionCoordinatorTests passed after 6.550 seconds.
swift build & test (macOS)	Test (the suite, minus the hammer)	2026-09-29T14:11:43.8841190Z ✔ Test "An onset during the gate kills the pending reply silently; the next final gates again" passed after 6.525 seconds.
swift build & test (macOS)	Test (the suite, minus the hammer)	2026-09-29T14:11:43.8843310Z ◇ Test case passing 1 argument which → "rate" to "no retry for a failure with a name (AC-319)" started.
swift build & test (macOS)	Test (the suite, minus the hammer)	2026-09-29T14:11:43.8844790Z ✔ Test "clearMemory() ends the conversation's session too (AC-310)" passed after 0.028 seconds.
swift build & test (macOS)	Test (the suite, minus the hammer)	2026-09-29T14:11:43.8846280Z ◇ Test "a continued turn reports nothing: only a session's birth is reported (D-118 F-13 A)" started.
swift build & test (macOS)	Test (the suite, minus the hammer)	2026-09-29T14:11:43.8847880Z ✔ Test "AC-225 / F-4 = B: a name no tool has is answered in words, and the turn completes" passed after 0.025 seconds.
swift build & test (macOS)	Test (the suite, minus the hammer)	2026-09-29T14:11:43.8849620Z ◇ Test "AC-277: a barge during a writing tool — one write, the answer dies, the next turn is clean (F-5 = A)" started.
swift build & test (macOS)	Test (the suite, minus the hammer)	2026-09-29T14:11:43.8851300Z ◇ Test case passing 1 argument which → "concurrent" to "no retry for a failure with a name (AC-319)" started.
swift build & test (macOS)	Test (the suite, minus the hammer)	2026-09-29T14:23:27.6776640Z ##[error]The operation was canceled.
swift build & test (macOS)	Post Run actions/checkout@v4	﻿2026-09-29T14:23:27.7193310Z Post job cleanup.
swift build & test (macOS)	Post Run actions/checkout@v4	2026-09-29T14:23:29.3458720Z [command]/opt/homebrew/bin/git version
swift build & test (macOS)	Post Run actions/checkout@v4	2026-09-29T14:23:29.3476590Z git version 2.55.0
swift build & test (macOS)	Post Run actions/checkout@v4	2026-09-29T14:23:29.3480600Z Copying '/Users/runner/.gitconfig' to '/Users/runner/work/_temp/323b06b1-4ecf-4ac0-9153-372eeb203e08/.gitconfig'
swift build & test (macOS)	Post Run actions/checkout@v4	2026-09-29T14:23:29.3483040Z Temporarily overriding HOME='/Users/runner/work/_temp/323b06b1-4ecf-4ac0-9153-372eeb203e08' before making global git config changes
swift build & test (macOS)	Post Run actions/checkout@v4	2026-09-29T14:23:29.3484000Z Adding repository directory to the temporary git global config as a safe directory
swift build & test (macOS)	Post Run actions/checkout@v4	2026-09-29T14:23:29.3484900Z [command]/opt/homebrew/bin/git config --global --add safe.directory /Users/runner/work/multimodal-coordinator/multimodal-coordinator
swift build & test (macOS)	Post Run actions/checkout@v4	2026-09-29T14:23:29.3488600Z [command]/opt/homebrew/bin/git config --local --name-only --get-regexp core\.sshCommand
swift build & test (macOS)	Post Run actions/checkout@v4	2026-09-29T14:23:29.3493800Z [command]/opt/homebrew/bin/git submodule foreach --recursive sh -c "git config --local --name-only --get-regexp 'core\.sshCommand' && git config --local --unset-all 'core.sshCommand' || :"
swift build & test (macOS)	Post Run actions/checkout@v4	2026-09-29T14:23:29.3495590Z [command]/opt/homebrew/bin/git config --local --name-only --get-regexp http\.https\:\/\/github\.com\/\.extraheader
swift build & test (macOS)	Post Run actions/checkout@v4	2026-09-29T14:23:29.3496240Z http.https://github.com/.extraheader
swift build & test (macOS)	Post Run actions/checkout@v4	2026-09-29T14:23:29.3497140Z [command]/opt/homebrew/bin/git config --local --unset-all http.https://github.com/.extraheader
swift build & test (macOS)	Post Run actions/checkout@v4	2026-09-29T14:23:29.3498540Z [command]/opt/homebrew/bin/git submodule foreach --recursive sh -c "git config --local --name-only --get-regexp 'http\.https\:\/\/github\.com\/\.extraheader' && git config --local --unset-all 'http.https://github.com/.extraheader' || :"
swift build & test (macOS)	Post Run actions/checkout@v4	2026-09-29T14:23:29.3499990Z [command]/opt/homebrew/bin/git config --local --name-only --get-regexp ^includeIf\.gitdir:
swift build & test (macOS)	Post Run actions/checkout@v4	2026-09-29T14:23:29.3502420Z [command]/opt/homebrew/bin/git submodule foreach --recursive git config --local --show-origin --name-only --get-regexp remote.origin.url
swift build & test (macOS)	Complete job	﻿2026-09-29T14:23:29.3608080Z Cleaning up orphan processes
swift build & test (macOS)	Complete job	2026-09-29T14:23:29.9105770Z Terminate orphan process: pid (39260) (swiftpm-testing)
swift build & test (macOS)	Complete job	2026-09-29T14:23:30.1718660Z Terminate orphan process: pid (36010) (swift-package)
swift build & test (macOS)	Complete job	2026-09-29T14:23:30.5638770Z ##[warning]Node.js 20 is deprecated. The following actions target Node.js 20 but are being forced to run on Node.js 24: actions/checkout@v4. For more information see: https://github.blog/changelog/2025-09-19-deprecation-of-node-20-on-github-actions-runners/
